-- MySQL dump 10.13  Distrib 8.0.19, for Win64 (x86_64)
--
-- Host: localhost    Database: identity
-- ------------------------------------------------------
-- Server version	8.4.5

/*!40101 SET @OLD_CHARACTER_SET_CLIENT=@@CHARACTER_SET_CLIENT */;
/*!40101 SET @OLD_CHARACTER_SET_RESULTS=@@CHARACTER_SET_RESULTS */;
/*!40101 SET @OLD_COLLATION_CONNECTION=@@COLLATION_CONNECTION */;
/*!50503 SET NAMES utf8mb4 */;
/*!40103 SET @OLD_TIME_ZONE=@@TIME_ZONE */;
/*!40103 SET TIME_ZONE='+00:00' */;
/*!40014 SET @OLD_UNIQUE_CHECKS=@@UNIQUE_CHECKS, UNIQUE_CHECKS=0 */;
/*!40014 SET @OLD_FOREIGN_KEY_CHECKS=@@FOREIGN_KEY_CHECKS, FOREIGN_KEY_CHECKS=0 */;
/*!40101 SET @OLD_SQL_MODE=@@SQL_MODE, SQL_MODE='NO_AUTO_VALUE_ON_ZERO' */;
/*!40111 SET @OLD_SQL_NOTES=@@SQL_NOTES, SQL_NOTES=0 */;

--
-- Table structure for table `category`
--

DROP TABLE IF EXISTS `category`;
/*!40101 SET @saved_cs_client     = @@character_set_client */;
/*!50503 SET character_set_client = utf8mb4 */;
CREATE TABLE `category` (
  `id` varchar(255) NOT NULL,
  `description` varchar(500) DEFAULT NULL,
  `name` varchar(255) NOT NULL,
  `created_by_id` varchar(255) DEFAULT NULL,
  `created_at` datetime(6) DEFAULT NULL,
  PRIMARY KEY (`id`),
  UNIQUE KEY `UK_46ccwnsi9409t36lurvtyljak` (`name`),
  KEY `FKohag53txblab85pis128h20ow` (`created_by_id`),
  CONSTRAINT `FKohag53txblab85pis128h20ow` FOREIGN KEY (`created_by_id`) REFERENCES `user` (`id`)
) ENGINE=InnoDB DEFAULT CHARSET=utf8mb4 COLLATE=utf8mb4_0900_ai_ci;
/*!40101 SET character_set_client = @saved_cs_client */;

--
-- Dumping data for table `category`
--

LOCK TABLES `category` WRITE;
/*!40000 ALTER TABLE `category` DISABLE KEYS */;
INSERT INTO `category` VALUES ('20b2ab9c-a826-489a-97fb-35c13227ed1a','Cung cấp kiến thức và kỹ năng phân tích, xử lý dữ liệu để đưa ra quyết định thông minh. Bao gồm các chủ đề như thống kê, học máy, lập trình Python/R, trực quan hóa dữ liệu và trí tuệ nhân tạo. Phù hợp cho người muốn làm việc trong các lĩnh vực phân tích dữ liệu, trí tuệ kinh doanh hoặc nghiên cứu khoa học.','Khoa học dữ liệu','d8e8bc8f-fe15-4b42-b0ab-a21388924668','2025-05-29 12:31:13.709198'),('2470f596-ec1f-41e8-adfd-eaf251ac2798','Trang bị kiến thức về thiết kế, phát triển và ứng dụng các hệ thống AI. Nội dung bao gồm học máy, học sâu, xử lý ngôn ngữ tự nhiên, thị giác máy tính và lập trình AI với Python. Dành cho những ai muốn khám phá và làm chủ công nghệ AI trong các lĩnh vực như tự động hóa, y tế, tài chính hoặc công nghệ thông tin.','Trí tuệ nhân tạo','d8e8bc8f-fe15-4b42-b0ab-a21388924668','2025-05-29 12:45:17.655237'),('3fd31a93-cf20-480c-8e00-305151873644','Bao gồm các môn học và kiến thức nền tảng thiết yếu của một chuyên ngành cụ thể mà sinh viên cần nắm vững để có thể tiếp tục học tập các môn chuyên sâu hơn trong ngành.','Cơ sở ngành','bcd913e4-9ece-4a0f-83c5-5e365f4a25d4','2025-06-10 17:59:46.008590'),('49cdbedf-84a6-4c50-880d-65ac2ecd1bfe','Bao gồm các khóa học và tài liệu cung cấp kiến thức nền tảng, cơ bản trong nhiều lĩnh vực học thuật và chuyên môn. Nội dung được thiết kế nhằm giúp người học nắm vững các khái niệm cốt lõi, nguyên lý cơ bản và kỹ năng thiết yếu, tạo tiền đề vững chắc cho việc học tập chuyên sâu hoặc ứng dụng thực tiễn. Phù hợp cho người mới bắt đầu hoặc muốn củng cố kiến thức tổng quát, danh mục này mang đến các bài giảng dễ tiếp cận, có tính hệ thống và liên ngành.','Đại cương','d8e8bc8f-fe15-4b42-b0ab-a21388924668','2025-06-10 15:57:24.388865'),('925abd53-7769-4702-b660-a17d455f2244','Tập trung vào kỹ năng giải thuật và lập trình để giải quyết các bài toán trong các cuộc thi lập trình. Nội dung bao gồm cấu trúc dữ liệu, thuật toán nâng cao, tối ưu hóa mã với các ngôn ngữ như C++, Python, Java. Phù hợp cho học sinh, sinh viên và những ai muốn chinh phục các kỳ thi lập trình quốc gia, quốc tế hoặc phấn đấu trở thành lập trình viên xuất sắc.','Lập trình thi đấu','d8e8bc8f-fe15-4b42-b0ab-a21388924668',NULL),('9d80dab8-649f-47ab-abde-8e32047ed967','Cung cấp kiến thức và kỹ năng để thiết kế, xây dựng các website chuyên nghiệp. Nội dung bao gồm HTML, CSS, JavaScript, các framework như React, Angular, hoặc Node.js, cùng với kỹ thuật quản lý cơ sở dữ liệu và triển khai ứng dụng web. Phù hợp cho người muốn trở thành lập trình viên web, nhà phát triển front-end, back-end hoặc full-stack.','Phát triển Web','d8e8bc8f-fe15-4b42-b0ab-a21388924668','2025-05-29 12:34:41.887158'),('a13d834b-d349-4366-b922-de4389997cd0','Trang bị kiến thức về công nghệ điện toán đám mây, giúp xây dựng và quản lý các ứng dụng trên nền tảng đám mây. Nội dung bao gồm các dịch vụ như AWS, Azure, Google Cloud, kiến trúc đám mây, lưu trữ dữ liệu, bảo mật và triển khai ứng dụng. Phù hợp cho người muốn trở thành chuyên gia đám mây, quản trị hệ thống hoặc phát triển giải pháp công nghệ hiện đại.','Cloud Computing','d8e8bc8f-fe15-4b42-b0ab-a21388924668','2025-05-29 12:38:10.396146'),('b2184ea4-1835-4259-93a9-be725794de4e','Cung cấp kiến thức về thiết kế giao diện người dùng và tối ưu trải nghiệm người dùng. Nội dung bao gồm Figma, Adobe XD, nghiên cứu người dùng và nguyên tắc thiết kế. Phù hợp cho người muốn trở thành nhà thiết kế sản phẩm số hoặc làm việc trong lĩnh vực sáng tạo công nghệ.','Giao diện người dùng','d8e8bc8f-fe15-4b42-b0ab-a21388924668','2025-06-05 12:01:23.153162'),('bd27c9ee-b18e-470f-ad98-c7d9c86b1bd9','Cung cấp kỹ năng giao tiếp, đọc hiểu và viết bằng các ngôn ngữ phổ biến như Anh, Trung, Nhật, Hàn, Pháp, Tây Ban Nha. Nội dung bao gồm ngữ pháp, từ vựng, phát âm, và thực hành tình huống thực tế, hỗ trợ bởi công nghệ AI và bài tập tương tác. Phù hợp cho người muốn nâng cao kỹ năng ngôn ngữ để du học, làm việc quốc tế hoặc phát triển cá nhân.','Ngoại ngữ','d8e8bc8f-fe15-4b42-b0ab-a21388924668','2025-06-11 02:08:28.164678'),('cc896d31-9a82-421d-9710-1a799f591b30','Cung cấp kiến thức về bảo mật hệ thống, phòng chống tấn công mạng, mã hóa dữ liệu, và quản lý rủi ro an ninh. Nội dung bao gồm ethical hacking, bảo mật ứng dụng, phân tích lỗ hổng và các công cụ như Kali Linux. Phù hợp cho người muốn trở thành chuyên gia bảo mật hoặc quản trị viên hệ thống.','An ninh mạng','ea0c7864-91d9-420b-91d4-d22aeafa8dc1','2025-06-06 14:54:41.175142'),('e8068354-14e3-44be-ac0e-b8cb52a64390','Phát triển các kỹ năng thiết yếu như giao tiếp, quản lý thời gian, làm việc nhóm, giải quyết vấn đề và tư duy sáng tạo. Nội dung bao gồm kỹ thuật thuyết trình, đàm phán, quản lý stress và xây dựng thương hiệu cá nhân, được thiết kế tương tác với tình huống thực tế. Phù hợp cho người muốn nâng cao hiệu quả làm việc, thăng tiến sự nghiệp hoặc phát triển bản thân.','Kĩ năng mềm','d8e8bc8f-fe15-4b42-b0ab-a21388924668','2025-06-11 02:09:20.882014');
/*!40000 ALTER TABLE `category` ENABLE KEYS */;
UNLOCK TABLES;

--
-- Table structure for table `course`
--

DROP TABLE IF EXISTS `course`;
/*!40101 SET @saved_cs_client     = @@character_set_client */;
/*!50503 SET character_set_client = utf8mb4 */;
CREATE TABLE `course` (
  `id` varchar(255) NOT NULL,
  `description` varchar(255) DEFAULT NULL,
  `detailed_description` longtext,
  `end_date` date DEFAULT NULL,
  `is_active` bit(1) NOT NULL,
  `start_date` date DEFAULT NULL,
  `thumbnail_url` varchar(255) DEFAULT NULL,
  `title` varchar(255) DEFAULT NULL,
  `total_lessons` int NOT NULL,
  `instructor_id` varchar(255) DEFAULT NULL,
  `category_id` varchar(255) DEFAULT NULL,
  `created_at` datetime(6) DEFAULT NULL,
  `updated_at` datetime(6) DEFAULT NULL,
  `requires_approval` bit(1) NOT NULL,
  PRIMARY KEY (`id`),
  KEY `FKc0xls9e7uqc9o08ae0t2ywr6n` (`instructor_id`),
  KEY `FKkyes7515s3ypoovxrput029bh` (`category_id`),
  CONSTRAINT `FKc0xls9e7uqc9o08ae0t2ywr6n` FOREIGN KEY (`instructor_id`) REFERENCES `user` (`id`),
  CONSTRAINT `FKkyes7515s3ypoovxrput029bh` FOREIGN KEY (`category_id`) REFERENCES `category` (`id`)
) ENGINE=InnoDB DEFAULT CHARSET=utf8mb4 COLLATE=utf8mb4_0900_ai_ci;
/*!40101 SET character_set_client = @saved_cs_client */;

--
-- Dumping data for table `course`
--

LOCK TABLES `course` WRITE;
/*!40000 ALTER TABLE `course` DISABLE KEYS */;
INSERT INTO `course` VALUES ('0b6f9570-fd40-4fa7-aa4f-e10848a67375','You will be crafting effective AI prompts and designing AI-driven assignments that align with your educational goals, seamlessly incorporating AI into your teaching and making your classroom more efficient, innovative, and impactful.','Working alongside Ethan and Lilach Mollick, teachers at all levels will be empowered with the knowledge and skills to effectively incorporate AI into their classrooms. As AI becomes increasingly prevalent, understanding its capabilities, benefits, and potential pitfalls is crucial for modern educators. This short course demystifies AI, focusing on tools like ChatGPT, and provides practical guidance on how to use these technologies to enhance teaching and learning experiences.','2026-06-01',_binary '','2025-06-01','/uploads/public/062795c5-bdd9-4088-aedd-8884dff1c874_importance-of-AI-in-education.webp','AI in Education: Leveraging ChatGPT for Teaching',2,'a0c5ecb8-0cc7-4513-8b40-27a94b021320','2470f596-ec1f-41e8-adfd-eaf251ac2798','2025-06-11 16:48:59.136726','2025-06-11 16:48:59.136726',_binary '\0'),('1fe8b913-4738-46e1-bca3-3108fdc080cc','Khóa học chuyên sâu về Photoshop cho tất cả mọi người','Khóa học chuyên sâu về Photoshop cho tất cả mọi người','2025-06-30',_binary '','2025-06-01','/uploads/public/47b93f31-0f90-4ce0-9bcf-a27df9eaa835_T-i-Adobe-Photoshop.avif','Thành thạo Adobe PS sau 30 ngày',0,'ce25b107-8531-42d7-9ded-d73354a31fe2','b2184ea4-1835-4259-93a9-be725794de4e','2025-06-11 19:14:14.108578','2025-06-11 19:14:21.349410',_binary ''),('438498a2-9569-420a-aa67-ac832909bc1a','Môn học cung cấp nền tảng về xác suất và các phương pháp thống kê dùng để phân tích và xử lý dữ liệu trong điều kiện bất định.','Khóa học Xác suất Thống kê nhằm cung cấp cho sinh viên kiến thức cơ bản và có hệ thống về xác suất và các phương pháp thống kê trong phân tích dữ liệu. Đây là một trong những môn học quan trọng, nền tảng cho nhiều lĩnh vực như khoa học máy tính, kỹ thuật, kinh tế, tài chính, y tế và nghiên cứu khoa học.\nPhần đầu của khóa học tập trung vào lý thuyết xác suất, bao gồm các khái niệm như không gian mẫu, biến cố, định nghĩa và các định luật xác suất, công thức xác suất có điều kiện và định lý Bayes.\nTiếp theo, khóa học giới thiệu về thống kê suy luận, bao gồm lý thuyết mẫu, ước lượng tham số (chính xác và xấp xỉ), khoảng tin cậy và kiểm định giả thuyết thống kê.\nKhóa học kết hợp lý thuyết với các bài tập và ví dụ thực tiễn, giúp sinh viên phát triển kỹ năng tư duy logic, phân tích định lượng và ứng dụng thống kê vào giải quyết các bài toán thực tế. Đây là môn học nền tảng cho các môn học chuyên ngành sau này và cũng là công cụ quan trọng trong nghiên cứu khoa học và phân tích dữ liệu.','2025-12-31',_binary '','2025-01-01','/uploads/public/ddbb2606-63f8-42c1-b586-53193afb8a10_Xac_suat_thong_ke.webp','Xác suất thống kê',5,'bcd913e4-9ece-4a0f-83c5-5e365f4a25d4','49cdbedf-84a6-4c50-880d-65ac2ecd1bfe','2025-06-10 16:13:17.101514','2025-06-10 16:14:04.971915',_binary '\0'),('5a1952ba-9a33-4d86-a63b-7dd1426e775e','Nâng cấp kĩ năng lập trình của bạn với chuyên gia NodeJS','Tìm hiểu mọi thứ về NodeJS','2026-06-30',_binary '','2025-01-01','/uploads/public/9e581329-7e74-4640-a458-f77175557542_nodejs.jpg','Phát triển web với NodeJS',2,'54522d48-fdb0-426d-9103-1af4b9e3d6c0','9d80dab8-649f-47ab-abde-8e32047ed967','2025-06-11 17:09:17.792397','2025-06-11 17:09:21.979074',_binary ''),('71a63747-2527-450f-b869-c8f92528c54a','Bài học cung cấp kiến thức nền tảng về thuật toán và kỹ năng giải bài toán lập trình, giúp học viên sẵn sàng tham gia các cuộc thi lập trình.','Khóa học thuộc danh mục Lập trình Thi đấu, tập trung vào việc xây dựng tư duy giải thuật và kỹ năng lập trình để giải quyết các bài toán thi đấu.','2025-12-31',_binary '','2025-01-01','/uploads/public/0e8d83af-ce7a-4af2-b007-ff41abae340a_competitive-programming.png','Thuật toán Cơ bản cho Lập trình Thi đấu',2,'d8e8bc8f-fe15-4b42-b0ab-a21388924668','925abd53-7769-4702-b660-a17d455f2244','2025-06-11 03:53:07.833961','2025-06-11 03:53:07.833961',_binary ''),('7a8f6bff-539f-4502-b0c6-03cbdc4f0f0e','Dùng Python để phân tích dữ liệu hiệu quả, phục vụ các tác vụ quan trọng và phức tạp','<div class=\"lesson-description\">\n  <style>\n    .lesson-description {\n      max-width: 800px;\n      margin: 0 auto;\n      padding: 20px;\n      font-family: Arial, sans-serif;\n      line-height: 1.6;\n      color: #333;\n      background-color: #f9f9f9;\n      border-radius: 8px;\n      box-shadow: 0 2px 8px rgba(0, 0, 0, 0.1);\n    }\n    .lesson-description h3 {\n      color: #2c3e50;\n      font-size: 1.5em;\n      margin-bottom: 15px;\n      border-bottom: 2px solid #3498db;\n      padding-bottom: 5px;\n    }\n    .lesson-description p {\n      font-size: 1.1em;\n      margin-bottom: 20px;\n    }\n    .lesson-description ul {\n      list-style-type: none;\n      padding: 0;\n    }\n    .lesson-description li {\n      margin-bottom: 10px;\n      padding-left: 20px;\n      position: relative;\n    }\n    .lesson-description li:before {\n      content: \"•\";\n      color: #3498db;\n      font-size: 1.5em;\n      position: absolute;\n      left: 0;\n      top: 0;\n    }\n    .lesson-description strong {\n      color: #2c3e50;\n      font-weight: 600;\n    }\n  </style>\n  <p>Bài học này thuộc danh mục <strong>Khoa học Dữ liệu</strong>, tập trung vào việc sử dụng Python và các thư viện phổ biến như Pandas, NumPy, Matplotlib, và Seaborn để xử lý, phân tích và trực quan hóa dữ liệu. Học viên sẽ được trang bị kỹ năng thực tiễn để làm việc với dữ liệu thực tế và đưa ra các quyết định dựa trên dữ liệu.</p>\n  <h3>Nội dung chính:</h3>\n  <ul>\n    <li><strong>Xử lý dữ liệu</strong>: Học cách làm sạch, chuyển đổi và tổ chức dữ liệu thô từ các nguồn như CSV, Excel, hoặc cơ sở dữ liệu.</li>\n    <li><strong>Phân tích dữ liệu</strong>: Áp dụng các kỹ thuật thống kê cơ bản để khám phá xu hướng, mẫu và mối quan hệ trong dữ liệu.</li>\n    <li><strong>Trực quan hóa dữ liệu</strong>: Tạo các biểu đồ như biểu đồ cột, biểu đồ đường, và biểu đồ phân tán để trình bày dữ liệu một cách trực quan và dễ hiểu.</li>\n    <li><strong>Dự án thực tế</strong>: Thực hành phân tích một tập dữ liệu mẫu (ví dụ: dữ liệu bán hàng, dữ liệu khách hàng) để áp dụng kiến thức đã học.</li>\n  </ul>\n  <p>Bài học được thiết kế với các bài tập thực hành, dự án nhỏ và đánh giá tương tác để củng cố kỹ năng. Phù hợp cho người mới bắt đầu hoặc những ai muốn nâng cao khả năng phân tích dữ liệu trong các lĩnh vực như kinh doanh, marketing, hoặc nghiên cứu khoa học.</p>\n</div>','2025-06-30',_binary '','2025-06-01','/uploads/public/1cd9c7a2-454f-4466-b7a8-6b2a5e1f4dc0_data_science.jpg','Phân tích Dữ liệu với Python',2,'d8e8bc8f-fe15-4b42-b0ab-a21388924668','20b2ab9c-a826-489a-97fb-35c13227ed1a','2025-06-09 00:21:00.559754','2025-06-11 04:50:14.428071',_binary '\0'),('87bc842b-3399-469f-9fcf-ee52fc52e33b','Cung cấp cho sinh viên những kiến thức cơ bản về hàm số một biến số và nhiều biến số. Trên cơ sở đó, sinh viên có thể học tiếp các học phần sau về Toán cũng như các môn học kỹ thuật khác.','Nội dung: Giới hạn, liên tục, đạo hàm, vi phân của hàm số một biến số và nhiều biến số. Tích phân của hàm số một biến số.','2025-12-31',_binary '','2025-01-01','/uploads/public/f3baffed-0cc8-449c-85e8-a1976f0b73ae_giai_tich3.jpg','Giải tích 3',2,'c8146c2e-67fd-47fc-8a33-1efa6d7d83d7','49cdbedf-84a6-4c50-880d-65ac2ecd1bfe','2025-06-11 16:13:26.426455','2025-06-11 16:13:26.426455',_binary '\0'),('ac139c15-c685-4674-8844-6739c215725f','Bài học cung cấp kiến thức cơ bản về an ninh mạng, giúp học viên hiểu cách bảo vệ hệ thống và dữ liệu khỏi các mối đe dọa mạng.','Khóa học thuộc danh mục An ninh Mạng, tập trung vào các nguyên tắc cơ bản của bảo mật thông tin và phòng chống tấn công mạng.','2025-06-30',_binary '','2025-06-01','/uploads/public/45828189-9dcb-4170-b838-dd890e8812c4_introduction-to-cybersecurity.png','Nhập môn An ninh Mạng',2,'ea0c7864-91d9-420b-91d4-d22aeafa8dc1','cc896d31-9a82-421d-9710-1a799f591b30','2025-06-06 16:08:14.380597','2025-06-11 03:44:18.056523',_binary '\0'),('ac720bd8-0baa-4136-9d45-5130b2d3bed7','Bài học cung cấp kỹ năng thiết kế giao diện người dùng (UI) và tối ưu trải nghiệm người dùng (UX), giúp học viên tạo ra các sản phẩm số thân thiện và hấp dẫn.','Khóa học thuộc danh mục Thiết kế UX/UI, tập trung vào các nguyên tắc thiết kế giao diện và trải nghiệm người dùng cho website và ứng dụng di động. Nội dung bao gồm: Nguyên tắc UX/UI, Công cụ thiết kế (Figma, Adobe,...), Nghiên cứu người dùng, Dự án thực tế. Khóa học kết hợp bài tập thực hành, dự án nhóm và phản hồi chi tiết để phát triển kỹ năng. Phù hợp cho người mới bắt đầu hoặc muốn trở thành nhà thiết kế UX/UI trong lĩnh vực công nghệ, truyền thông hoặc sáng tạo nội dung.','2025-06-30',_binary '','2025-06-01','/uploads/public/035a0d62-c869-4d7c-9180-2d19d99a57e2_ux_ui_co_ban.jpg','Thiết kế UX/UI Cơ bản',2,'ea0c7864-91d9-420b-91d4-d22aeafa8dc1','b2184ea4-1835-4259-93a9-be725794de4e','2025-06-08 16:45:03.324673','2025-06-11 03:47:02.908004',_binary '\0'),('b5117821-d01f-4434-8820-06eb5c9d4308','Phát triển ứng dụng web với Java','This course covers everything from Java basics to building full-stack web applications with Spring Boot, REST APIs, and database integration.','2025-07-01',_binary '','2025-06-01','/uploads/public/916aed2c-5c76-490c-945c-4e6b4647d8f0_java_dev.jpg','Java Web Development',2,'3f345836-677d-4370-9ba0-233ba1f95c6b','9d80dab8-649f-47ab-abde-8e32047ed967','2025-06-04 01:04:34.038939','2025-06-11 03:49:33.996952',_binary '\0'),('d44324a2-de2a-4bbf-90b9-513f8a3c9d3b','Khóa học cung cấp kiến thức nền tảng về các cấu trúc dữ liệu cơ bản và thuật toán, giúp sinh viên phát triển tư duy lập trình và kỹ năng giải quyết vấn đề hiệu quả.','Khóa học \"Cấu trúc dữ liệu và Thuật toán\" là một môn học cơ sở quan trọng trong chương trình đào tạo ngành Công nghệ thông tin và Khoa học máy tính. Khóa học được thiết kế để trang bị cho sinh viên','2025-12-31',_binary '','2025-01-01','/uploads/public/d8073fb9-006f-41d6-9443-2514da01e546_cau_truc_du_lieu.jpg','Cấu trúc dữ liệu và thuật toán',2,'bcd913e4-9ece-4a0f-83c5-5e365f4a25d4','3fd31a93-cf20-480c-8e00-305151873644','2025-06-10 18:00:46.008288','2025-06-10 18:00:46.008288',_binary '\0'),('d59b207a-fb94-4363-aa6d-4bc57ba99e05','Toàn bộ những thứ bạn cần để trở thành một chuyên gia sử dụng figma','Toàn bộ những thứ bạn cần để trở thành một chuyên gia sử dụng figma','2025-12-31',_binary '','2025-01-01','/uploads/public/a9b23eeb-7662-4f5f-b98e-14787d109edd_figma.png','Figma Comprehensive Course',2,'ce25b107-8531-42d7-9ded-d73354a31fe2','b2184ea4-1835-4259-93a9-be725794de4e','2025-06-11 15:57:59.988248','2025-06-11 15:57:59.988248',_binary '\0'),('d6be5c9b-eb28-429b-a3fe-73fb05f99d42','Bài học giúp học viên phát triển kỹ năng giao tiếp tiếng Anh tự tin trong các tình huống thực tế, từ công việc đến đời sống hàng ngày.','Khóa học thuộc danh mục Ngoại ngữ, tập trung vào việc nâng cao khả năng nghe, nói, đọc, viết tiếng Anh với trọng tâm là giao tiếp hiệu quả.','2025-06-30',_binary '','2025-06-01','/uploads/public/bd253f01-fa3b-4bdf-ac72-ed5c62ce3913_tieng_anh.jpg','Giao tiếp Tiếng Anh Thực tiễn',2,'ea0c7864-91d9-420b-91d4-d22aeafa8dc1','bd27c9ee-b18e-470f-ad98-c7d9c86b1bd9','2025-06-07 11:54:39.617783','2025-06-11 03:50:58.588344',_binary ''),('e81bf21d-1b94-486e-a776-e3ab78868275','Bài học cung cấp kiến thức cơ bản về điện toán đám mây, giúp học viên hiểu và triển khai các dịch vụ đám mây cho ứng dụng thực tế.','Khóa học thuộc danh mục Cloud Computing, tập trung vào các nguyên tắc và công cụ cơ bản để làm việc với nền tảng đám mây.','2025-12-31',_binary '','2025-01-01','/uploads/public/790fe6ce-f7af-4475-98a9-fedf7b2bd61f_intro_to_cloud.png','Nhập môn Điện toán Đám mây',2,'d8e8bc8f-fe15-4b42-b0ab-a21388924668','a13d834b-d349-4366-b922-de4389997cd0','2025-06-11 03:54:53.577814','2025-06-11 03:54:53.577814',_binary '');
/*!40000 ALTER TABLE `course` ENABLE KEYS */;
UNLOCK TABLES;

--
-- Table structure for table `course_document`
--

DROP TABLE IF EXISTS `course_document`;
/*!40101 SET @saved_cs_client     = @@character_set_client */;
/*!50503 SET character_set_client = utf8mb4 */;
CREATE TABLE `course_document` (
  `id` varchar(255) NOT NULL,
  `content_type` varchar(255) NOT NULL,
  `description` varchar(255) DEFAULT NULL,
  `file_name` varchar(255) NOT NULL,
  `file_size` bigint NOT NULL,
  `original_file_name` varchar(255) NOT NULL,
  `title` varchar(255) NOT NULL,
  `uploaded_at` datetime(6) DEFAULT NULL,
  `course_id` varchar(255) NOT NULL,
  `uploaded_by` varchar(255) NOT NULL,
  PRIMARY KEY (`id`),
  KEY `FKa0k32ev8uq2a8gc78vq2f076p` (`course_id`),
  KEY `FK8y126abifdk4ocqxevl4ppioc` (`uploaded_by`),
  CONSTRAINT `FK8y126abifdk4ocqxevl4ppioc` FOREIGN KEY (`uploaded_by`) REFERENCES `user` (`id`),
  CONSTRAINT `FKa0k32ev8uq2a8gc78vq2f076p` FOREIGN KEY (`course_id`) REFERENCES `course` (`id`)
) ENGINE=InnoDB DEFAULT CHARSET=utf8mb4 COLLATE=utf8mb4_0900_ai_ci;
/*!40101 SET character_set_client = @saved_cs_client */;

--
-- Dumping data for table `course_document`
--

LOCK TABLES `course_document` WRITE;
/*!40000 ALTER TABLE `course_document` DISABLE KEYS */;
INSERT INTO `course_document` VALUES ('060057ee-0413-4430-bdce-d221e48b9d4e','application/pdf','Tài liệu tham khảo môn học','40b424e8-7992-4d71-bdf4-1345bdc71385_competitve_programing.pdf',90160,'competitve_programing.pdf','Tài liệu tham khảo','2025-06-11 04:31:42.671739','71a63747-2527-450f-b869-c8f92528c54a','d8e8bc8f-fe15-4b42-b0ab-a21388924668'),('2698c91e-31c9-4b1d-a5f8-78d230658120','application/pdf','Bài giảng môn GT3','354fa70b-fa77-482d-8d4a-85a93c52ad33_bai_giang_gt3.pdf',1022382,'bai giang gt3.pdf','Slide bài giảng','2025-06-11 16:20:02.003008','87bc842b-3399-469f-9fcf-ee52fc52e33b','c8146c2e-67fd-47fc-8a33-1efa6d7d83d7'),('53238189-30ae-48aa-97d5-6868c6de3391','application/pdf','Đề cương chi tiết, cách tính điểm','3b56ce4a-84a8-495d-b39e-d4c6c4562324_2023_Decuongchitiet_XSTK_MI2020_DHCQ__1_.pdf',586359,'2023_Decuongchitiet_XSTK_MI2020_DHCQ (1).pdf','Đề cương khóa học','2025-06-11 04:19:19.469469','438498a2-9569-420a-aa67-ac832909bc1a','d8e8bc8f-fe15-4b42-b0ab-a21388924668'),('9609b9c7-e207-437b-b850-174ba6d297a8','application/pdf','Đề cương chi tiết môn học','9e255421-f9de-4907-bfb2-049aac25d9ae_nhap_mon_dien_toan.pdf',259515,'nhap_mon_dien_toan.pdf','Đề cương nhập môn điện toán đám mây','2025-06-11 04:21:50.120626','e81bf21d-1b94-486e-a776-e3ab78868275','d8e8bc8f-fe15-4b42-b0ab-a21388924668'),('a7d906bb-09af-4ea3-a469-27664bb2472a','application/pdf','Đề cương chi tiết','c0665b73-c0f8-4e40-b2f6-0896c4737356_java_web_dev.pdf',807133,'java_web_dev.pdf','Đề cương môn học','2025-06-11 04:26:47.729381','b5117821-d01f-4434-8820-06eb5c9d4308','d8e8bc8f-fe15-4b42-b0ab-a21388924668'),('aa0a7bf4-8b51-4d88-ada2-a1e484b81bc7','application/pdf','Đề cương chi tiết','4148619c-a1fa-415e-9860-3c93a0c61842_phan_tich_du_lieu_python.pdf',1019495,'phan_tich_du_lieu_python.pdf','Đề cương môn học','2025-06-11 04:30:33.072986','7a8f6bff-539f-4502-b0c6-03cbdc4f0f0e','d8e8bc8f-fe15-4b42-b0ab-a21388924668'),('b90c3a3b-8d37-4b7b-93eb-379403f37a1c','application/pdf','Đề cương chi tiết','3e2bbc6c-fd28-4d89-95dd-ef15df7d69f6_Introduction_to_Cybersecurity.pdf',806773,'Introduction to Cybersecurity.pdf','Đề cương môn học','2025-06-11 04:29:36.190007','ac139c15-c685-4674-8844-6739c215725f','d8e8bc8f-fe15-4b42-b0ab-a21388924668'),('bb15c6c1-095e-435d-bd6e-2b8715074649','application/pdf','Đề cương chi tiết','0ca48750-d8ff-45db-bcee-116956759338_De_cuong_chi_tiet_TACB_1_Sep2013_signed__1_.pdf',478714,'De cuong chi tiet_TACB 1_Sep2013_signed (1).pdf','Đề cương học phần','2025-06-11 04:24:22.092404','d6be5c9b-eb28-429b-a3fe-73fb05f99d42','d8e8bc8f-fe15-4b42-b0ab-a21388924668'),('f0dae2e1-dc2d-4331-be57-3805a1b99617','application/pdf','Giới thiệu','681bfbea-18e6-4551-beee-078147b594c9_0-Gioi_thieu_mon_hoc.pdf',886595,'0-Gioi thieu mon hoc.pdf','Giới thiệu môn học','2025-06-11 04:25:30.906665','d44324a2-de2a-4bbf-90b9-513f8a3c9d3b','d8e8bc8f-fe15-4b42-b0ab-a21388924668'),('f73f6bd6-ec81-4dd2-aa3b-102a713acf3c','application/pdf','Đề cương môn học','0bd2335b-9783-471e-a461-cc72a976122e_UX-UI-fundamental.pdf',1418858,'UX-UI-fundamental.pdf','Đề cương môn học','2025-06-11 04:28:03.471194','ac720bd8-0baa-4136-9d45-5130b2d3bed7','d8e8bc8f-fe15-4b42-b0ab-a21388924668');
/*!40000 ALTER TABLE `course_document` ENABLE KEYS */;
UNLOCK TABLES;

--
-- Table structure for table `course_lesson`
--

DROP TABLE IF EXISTS `course_lesson`;
/*!40101 SET @saved_cs_client     = @@character_set_client */;
/*!50503 SET character_set_client = utf8mb4 */;
CREATE TABLE `course_lesson` (
  `id` varchar(255) NOT NULL,
  `is_visible` bit(1) NOT NULL,
  `order_index` int NOT NULL,
  `course_id` varchar(255) DEFAULT NULL,
  `lesson_id` varchar(255) DEFAULT NULL,
  `prerequisite_id` varchar(255) DEFAULT NULL,
  PRIMARY KEY (`id`),
  KEY `FKf3no0dhg3wsy4h2sih25rivr2` (`course_id`),
  KEY `FKog5frd1fln5htfsdmsxc8o3jq` (`lesson_id`),
  KEY `FK1uf5l34syf3tiuysmsvel1tc8` (`prerequisite_id`),
  CONSTRAINT `FK1uf5l34syf3tiuysmsvel1tc8` FOREIGN KEY (`prerequisite_id`) REFERENCES `course_lesson` (`id`),
  CONSTRAINT `FKf3no0dhg3wsy4h2sih25rivr2` FOREIGN KEY (`course_id`) REFERENCES `course` (`id`),
  CONSTRAINT `FKog5frd1fln5htfsdmsxc8o3jq` FOREIGN KEY (`lesson_id`) REFERENCES `lesson` (`id`)
) ENGINE=InnoDB DEFAULT CHARSET=utf8mb4 COLLATE=utf8mb4_0900_ai_ci;
/*!40101 SET character_set_client = @saved_cs_client */;

--
-- Dumping data for table `course_lesson`
--

LOCK TABLES `course_lesson` WRITE;
/*!40000 ALTER TABLE `course_lesson` DISABLE KEYS */;
INSERT INTO `course_lesson` VALUES ('0149d24b-cdd6-428e-8bbf-d6576ab053f9',_binary '',2,'d44324a2-de2a-4bbf-90b9-513f8a3c9d3b','68f4e0da-d490-4833-810e-be5775890fa1','a834eaac-288b-4c46-8f0b-f1ffba03f52d'),('050aff2d-4221-4c66-96ab-fc6465ba3378',_binary '',1,'0b6f9570-fd40-4fa7-aa4f-e10848a67375','27621ebe-4c01-4a80-9a49-f93088c52d3c',NULL),('14b865b0-7748-49d3-80af-2a2178f165c5',_binary '',1,'b5117821-d01f-4434-8820-06eb5c9d4308','10ba66e4-a2f5-4dd7-9759-6eaf18203917',NULL),('1953c543-3e7e-4a05-84d7-33893bf5017d',_binary '',1,'ac720bd8-0baa-4136-9d45-5130b2d3bed7','1d5f1ebd-9583-4d0b-9c9d-cda250a6297f',NULL),('1e14561c-0a0a-4b9c-993e-564df05600dc',_binary '',1,'d6be5c9b-eb28-429b-a3fe-73fb05f99d42','79c94840-809c-4861-a3c0-9fe0631c8bff',NULL),('1f513351-fa6e-4707-9851-f12306007b8e',_binary '',2,'71a63747-2527-450f-b869-c8f92528c54a','25a83f00-9638-4005-a76f-5c1b2b066f97','ba584c9c-8753-4ead-b54c-8f58807c05c3'),('2d6d2bb3-1c9a-43eb-94ee-6ad73803f6a6',_binary '',3,'438498a2-9569-420a-aa67-ac832909bc1a','7cb3291e-2f84-4519-ba51-4f8b31b55b49','f7b2908b-bc77-4e36-93bd-d4f8f0acea4c'),('30136cd0-5251-4c09-a81d-4597eee8af6d',_binary '',2,'ac720bd8-0baa-4136-9d45-5130b2d3bed7','5580db9e-0151-4a64-a3fb-d55e9a2829cf','1953c543-3e7e-4a05-84d7-33893bf5017d'),('41d1cada-fb1d-4f21-aed3-eb2d0bde4038',_binary '',2,'ac139c15-c685-4674-8844-6739c215725f','d94faf74-006b-4eb7-a153-e62bde66cb4f',NULL),('65b38f75-5072-4629-a354-f4f2071e119f',_binary '',2,'5a1952ba-9a33-4d86-a63b-7dd1426e775e','0ff98fc2-ba86-4fcc-94fb-f378942ed934','6c6c2673-16d9-4a2c-a06c-0ce9fcf124f1'),('65bec5c8-135f-4bae-9556-35ad8bd76f98',_binary '',1,'87bc842b-3399-469f-9fcf-ee52fc52e33b','ef663304-04cf-441e-8931-a341f2e287ee',NULL),('6c6c2673-16d9-4a2c-a06c-0ce9fcf124f1',_binary '',1,'5a1952ba-9a33-4d86-a63b-7dd1426e775e','81dc24db-58d8-4fd8-bdae-5ee4817ab25e',NULL),('75df3a34-554e-4368-9e2c-e6e5df9de882',_binary '',2,'87bc842b-3399-469f-9fcf-ee52fc52e33b','ef1dc129-2fba-4d45-bdf4-867270ac42ef','65bec5c8-135f-4bae-9556-35ad8bd76f98'),('90aeb33b-0301-4df7-b62c-b2618a6d8f02',_binary '',2,'e81bf21d-1b94-486e-a776-e3ab78868275','f10f23c8-2a2f-4262-89d0-8663e0f1a010','f44de271-7a93-438f-a003-52bca7eb7dea'),('90da633b-85af-4150-9f9b-7409da434b38',_binary '',2,'b5117821-d01f-4434-8820-06eb5c9d4308','49cf4a26-a48d-46f6-a94e-d70f4384f8d2','14b865b0-7748-49d3-80af-2a2178f165c5'),('922e2b87-defb-4023-a209-8519c5810bda',_binary '',1,'d59b207a-fb94-4363-aa6d-4bc57ba99e05','458f5212-8a27-458a-baa2-d0c5099a7ff8',NULL),('9e1862c6-0143-4ef4-a959-21409951a70e',_binary '',1,'438498a2-9569-420a-aa67-ac832909bc1a','526ba383-a7fd-467a-b423-9fb90937fabc',NULL),('a3a8af39-4bc4-4a70-89c7-52ae11f44d86',_binary '',4,'438498a2-9569-420a-aa67-ac832909bc1a','12524a65-ec10-4984-afd3-2596496dd518','2d6d2bb3-1c9a-43eb-94ee-6ad73803f6a6'),('a834eaac-288b-4c46-8f0b-f1ffba03f52d',_binary '',1,'d44324a2-de2a-4bbf-90b9-513f8a3c9d3b','6c7ee738-dab8-49c4-8f42-af7ef855242e',NULL),('add6cf75-1f22-4ced-b6ef-c72fd122dd9a',_binary '',1,'7a8f6bff-539f-4502-b0c6-03cbdc4f0f0e','beb35ec4-f786-4814-be92-515877e973e2',NULL),('ba584c9c-8753-4ead-b54c-8f58807c05c3',_binary '',1,'71a63747-2527-450f-b869-c8f92528c54a','378b96f2-c6b6-4fec-a364-a71b7e9b16ff',NULL),('c028ab35-436b-42c7-9100-7497a8f063e7',_binary '',2,'0b6f9570-fd40-4fa7-aa4f-e10848a67375','169de1cb-dccf-4e27-8fdd-4180e4957d82','050aff2d-4221-4c66-96ab-fc6465ba3378'),('cb49e964-1428-4b99-ac11-f736d46669e5',_binary '',2,'d59b207a-fb94-4363-aa6d-4bc57ba99e05','96f13c2a-6944-4569-98ec-21ab0d998b68','922e2b87-defb-4023-a209-8519c5810bda'),('cc2dd8b4-a0ad-444c-8b40-8661661c65b2',_binary '',2,'7a8f6bff-539f-4502-b0c6-03cbdc4f0f0e','b4f9c0e2-e1db-4b66-b115-d4fba72c8236','add6cf75-1f22-4ced-b6ef-c72fd122dd9a'),('d7f23b7c-9d2c-4c5a-89ae-6f6470d0a96f',_binary '',1,'ac139c15-c685-4674-8844-6739c215725f','3ede6730-2889-4e62-90d9-d02639dbe2c8',NULL),('e1832cd7-9cef-4b60-92b1-c6c2177f304a',_binary '',2,'d6be5c9b-eb28-429b-a3fe-73fb05f99d42','7aee1601-051f-43e3-b3c4-2b046d3ac0d7','1e14561c-0a0a-4b9c-993e-564df05600dc'),('eb52b44b-603a-496a-a75e-317378111a0d',_binary '',5,'438498a2-9569-420a-aa67-ac832909bc1a','656dc5c5-e586-444c-8163-c5c20054f2e7','a3a8af39-4bc4-4a70-89c7-52ae11f44d86'),('f44de271-7a93-438f-a003-52bca7eb7dea',_binary '',1,'e81bf21d-1b94-486e-a776-e3ab78868275','e67aa3b4-5576-431f-b104-5bddc11c7baf',NULL),('f7b2908b-bc77-4e36-93bd-d4f8f0acea4c',_binary '',2,'438498a2-9569-420a-aa67-ac832909bc1a','42833f5d-b486-445e-8276-1a8a4579c841','9e1862c6-0143-4ef4-a959-21409951a70e');
/*!40000 ALTER TABLE `course_lesson` ENABLE KEYS */;
UNLOCK TABLES;

--
-- Table structure for table `course_review`
--

DROP TABLE IF EXISTS `course_review`;
/*!40101 SET @saved_cs_client     = @@character_set_client */;
/*!50503 SET character_set_client = utf8mb4 */;
CREATE TABLE `course_review` (
  `id` varchar(255) NOT NULL,
  `comment` tinytext,
  `is_approved` bit(1) NOT NULL,
  `rating` int NOT NULL,
  `review_date` date DEFAULT NULL,
  `course_id` varchar(255) NOT NULL,
  `student_id` varchar(255) NOT NULL,
  `is_rejected` bit(1) NOT NULL,
  PRIMARY KEY (`id`),
  UNIQUE KEY `UK1yqair0hyov3nur25i0pqp5vb` (`student_id`,`course_id`),
  KEY `FKsbrpx0jdl735ordw1woeyuvd1` (`course_id`),
  CONSTRAINT `FK23pnlajcmngxhrytgy5jxo7gj` FOREIGN KEY (`student_id`) REFERENCES `user` (`id`),
  CONSTRAINT `FKsbrpx0jdl735ordw1woeyuvd1` FOREIGN KEY (`course_id`) REFERENCES `course` (`id`),
  CONSTRAINT `course_review_chk_1` CHECK (((`rating` <= 5) and (`rating` >= 1)))
) ENGINE=InnoDB DEFAULT CHARSET=utf8mb4 COLLATE=utf8mb4_0900_ai_ci;
/*!40101 SET character_set_client = @saved_cs_client */;

--
-- Dumping data for table `course_review`
--

LOCK TABLES `course_review` WRITE;
/*!40000 ALTER TABLE `course_review` DISABLE KEYS */;
INSERT INTO `course_review` VALUES ('0ea5a9a4-d343-4073-99dd-df4f647ace2f','awesome',_binary '',5,'2025-06-04','b5117821-d01f-4434-8820-06eb5c9d4308','861e7675-7b3b-424e-a48e-c0fabe65e536',_binary '\0'),('12deab34-460b-4434-8dfd-ca8e3b3b2703','Rất tuyệt vời',_binary '',5,'2025-06-09','ac139c15-c685-4674-8844-6739c215725f','861e7675-7b3b-424e-a48e-c0fabe65e536',_binary '\0'),('1fce4929-1d8b-4a21-bf91-eb72b72ebdb8','Khóa học rất chi tiết và cụ thể! Rất recommend',_binary '',5,'2025-06-11','7a8f6bff-539f-4502-b0c6-03cbdc4f0f0e','3a4a69f9-d7d4-4cf8-8426-f03b726b11ee',_binary '\0'),('2a4a5de5-40f7-4ffe-8fc1-eb9c6b074735','Khóa học đã giúp em rất nhiều! Cảm ơn thầy.',_binary '\0',5,'2025-06-11','7a8f6bff-539f-4502-b0c6-03cbdc4f0f0e','861e7675-7b3b-424e-a48e-c0fabe65e536',_binary '\0'),('32077722-92ae-4031-9749-d8d2ce422dd7','Trải nghiệm tuyệt vời (debug)',_binary '',5,'2025-06-09','d6be5c9b-eb28-429b-a3fe-73fb05f99d42','861e7675-7b3b-424e-a48e-c0fabe65e536',_binary '\0'),('54da2c26-bb00-4d76-bb73-ba498af43dc2','Như cc',_binary '',1,'2025-06-09','ac720bd8-0baa-4136-9d45-5130b2d3bed7','861e7675-7b3b-424e-a48e-c0fabe65e536',_binary '\0'),('56d4559f-0e0d-4c82-8748-613f4b26cb91','Ổn đó anh',_binary '',4,'2025-06-10','d6be5c9b-eb28-429b-a3fe-73fb05f99d42','8f3f73ed-3024-4778-ae89-5a1955bd9209',_binary '\0'),('826658e4-0985-4087-be2b-f4f62882b2b5','Tôi rất hài lòng với trải nghiệm này!!!',_binary '',5,'2025-06-11','d59b207a-fb94-4363-aa6d-4bc57ba99e05','7897a479-6c87-4fdd-8bac-25a129b4fd8f',_binary '\0'),('873261a1-ac48-4e8d-870e-d5e88b40da10','Bài học hay, rất phù hợp cho sinh viên',_binary '',5,'2025-06-11','d44324a2-de2a-4bbf-90b9-513f8a3c9d3b','ed05803c-8678-4b49-a571-2e376209a3dd',_binary '\0'),('888a208d-d2e5-40c1-9eab-9e9d3ac2be9b','Mình rất hài lòng với khóa học này!!!',_binary '',5,'2025-06-11','ac720bd8-0baa-4136-9d45-5130b2d3bed7','3a4a69f9-d7d4-4cf8-8426-f03b726b11ee',_binary '\0'),('90a8d0e5-d7ac-4f57-80a1-f44f74254d53','SPAM SPAM SPAM SPAM SPAM SPAM SPAM SPAM SPAM SPAM SPAM',_binary '',1,'2025-06-11','d59b207a-fb94-4363-aa6d-4bc57ba99e05','6f82af95-272e-409f-a096-182ea320647d',_binary '');
/*!40000 ALTER TABLE `course_review` ENABLE KEYS */;
UNLOCK TABLES;

--
-- Table structure for table `document_view`
--

DROP TABLE IF EXISTS `document_view`;
/*!40101 SET @saved_cs_client     = @@character_set_client */;
/*!50503 SET character_set_client = utf8mb4 */;
CREATE TABLE `document_view` (
  `id` varchar(255) NOT NULL,
  `unique_key` varchar(255) DEFAULT NULL,
  `view_duration_seconds` bigint DEFAULT NULL,
  `viewed_at` datetime(6) DEFAULT NULL,
  `lesson_document_id` varchar(255) NOT NULL,
  `user_id` varchar(255) NOT NULL,
  PRIMARY KEY (`id`),
  UNIQUE KEY `UKpfrfrbiuctyyvdxnqirvvr51h` (`user_id`,`lesson_document_id`),
  KEY `FKelsq7qikb56rmfqwx8icscius` (`lesson_document_id`),
  CONSTRAINT `FK2c5wow1mcwc03w6mxlencpwm` FOREIGN KEY (`user_id`) REFERENCES `user` (`id`),
  CONSTRAINT `FKelsq7qikb56rmfqwx8icscius` FOREIGN KEY (`lesson_document_id`) REFERENCES `lesson_document` (`id`)
) ENGINE=InnoDB DEFAULT CHARSET=utf8mb4 COLLATE=utf8mb4_0900_ai_ci;
/*!40101 SET character_set_client = @saved_cs_client */;

--
-- Dumping data for table `document_view`
--

LOCK TABLES `document_view` WRITE;
/*!40000 ALTER TABLE `document_view` DISABLE KEYS */;
INSERT INTO `document_view` VALUES ('3b21d9c8-ad0f-4638-a0b0-a24130d9d4fb',NULL,NULL,'2025-06-11 01:13:14.817769','327c50eb-e46a-48e9-bef7-24fef5297122','ed05803c-8678-4b49-a571-2e376209a3dd'),('674bddeb-4083-48fa-bd47-bb1bd32136b2',NULL,NULL,'2025-06-11 18:34:03.061468','c9df2537-95ba-4de4-910e-35befa76b60e','7e76fdd0-7d9a-4a9b-81fc-17d0f3315b83'),('8a0389a9-d7c2-4647-a49b-da42003179cf',NULL,NULL,'2025-06-11 17:46:26.632886','53cee44e-0304-4b64-9526-1f5c9ebdefcd','3a4a69f9-d7d4-4cf8-8426-f03b726b11ee'),('bce7a589-e10e-400c-8932-153ca7ea90bb',NULL,NULL,'2025-06-09 04:28:26.881707','53cee44e-0304-4b64-9526-1f5c9ebdefcd','861e7675-7b3b-424e-a48e-c0fabe65e536'),('bd4a6eea-042b-4f47-8b54-d2564b308106',NULL,NULL,'2025-06-11 18:33:50.966294','6dbadf7f-3bbb-4847-bc65-d35b86309199','7e76fdd0-7d9a-4a9b-81fc-17d0f3315b83'),('e0e078ac-52db-432b-bbd1-06a75c18a03f','861e7675-7b3b-424e-a48e-c0fabe65e536_6dbadf7f-3bbb-4847-bc65-d35b86309199',NULL,'2025-06-09 02:23:07.353311','6dbadf7f-3bbb-4847-bc65-d35b86309199','861e7675-7b3b-424e-a48e-c0fabe65e536'),('e1b3091f-e167-477c-a25f-096e1e431651',NULL,NULL,'2025-06-11 19:06:55.510123','26a636fe-085e-4f2f-9aa7-b458690dde70','6f82af95-272e-409f-a096-182ea320647d'),('fa7fd16e-3413-4bbc-b3ea-41ea6d2885c5',NULL,NULL,'2025-06-11 01:13:46.454482','f3ef32d4-b634-43ea-970e-ae8ebddec841','ed05803c-8678-4b49-a571-2e376209a3dd');
/*!40000 ALTER TABLE `document_view` ENABLE KEYS */;
UNLOCK TABLES;

--
-- Table structure for table `enrollment`
--

DROP TABLE IF EXISTS `enrollment`;
/*!40101 SET @saved_cs_client     = @@character_set_client */;
/*!50503 SET character_set_client = utf8mb4 */;
CREATE TABLE `enrollment` (
  `id` varchar(255) NOT NULL,
  `completion_date` date DEFAULT NULL,
  `enrollment_date` date DEFAULT NULL,
  `is_completed` bit(1) NOT NULL,
  `progress` double NOT NULL,
  `course_id` varchar(255) DEFAULT NULL,
  `student_id` varchar(255) DEFAULT NULL,
  `approval_status` enum('PENDING','APPROVED','REJECTED') DEFAULT NULL,
  PRIMARY KEY (`id`),
  KEY `FKbhhcqkw1px6yljqg92m0sh2gt` (`course_id`),
  KEY `FK65os88xfjxr2tos3tksqeleg6` (`student_id`),
  CONSTRAINT `FK65os88xfjxr2tos3tksqeleg6` FOREIGN KEY (`student_id`) REFERENCES `user` (`id`),
  CONSTRAINT `FKbhhcqkw1px6yljqg92m0sh2gt` FOREIGN KEY (`course_id`) REFERENCES `course` (`id`)
) ENGINE=InnoDB DEFAULT CHARSET=utf8mb4 COLLATE=utf8mb4_0900_ai_ci;
/*!40101 SET character_set_client = @saved_cs_client */;

--
-- Dumping data for table `enrollment`
--

LOCK TABLES `enrollment` WRITE;
/*!40000 ALTER TABLE `enrollment` DISABLE KEYS */;
INSERT INTO `enrollment` VALUES ('0d552d6a-125d-4ce9-81f7-37115dff63ed','2025-06-11','2025-06-11',_binary '',1,'7a8f6bff-539f-4502-b0c6-03cbdc4f0f0e','3a4a69f9-d7d4-4cf8-8426-f03b726b11ee','APPROVED'),('1f553cdf-d9c8-4f47-8627-933ca3fd0b20',NULL,'2025-06-11',_binary '\0',0.5,'ac139c15-c685-4674-8844-6739c215725f','7e76fdd0-7d9a-4a9b-81fc-17d0f3315b83','APPROVED'),('2241ce7b-dd56-47e8-ba1a-d19f28083321',NULL,'2025-06-11',_binary '\0',0,'d6be5c9b-eb28-429b-a3fe-73fb05f99d42','6f82af95-272e-409f-a096-182ea320647d','PENDING'),('2d0d5eed-743a-453d-a87e-b849a24f3735',NULL,'2025-06-09',_binary '\0',0.5,'ac720bd8-0baa-4136-9d45-5130b2d3bed7','861e7675-7b3b-424e-a48e-c0fabe65e536','APPROVED'),('2dcb0741-d98a-4972-b774-954ae01c8e3f','2025-06-11','2025-06-09',_binary '',1,'7a8f6bff-539f-4502-b0c6-03cbdc4f0f0e','861e7675-7b3b-424e-a48e-c0fabe65e536','APPROVED'),('310afedc-701c-4da0-a3fc-506764665ce5','2025-06-11','2025-06-04',_binary '',1,'b5117821-d01f-4434-8820-06eb5c9d4308','861e7675-7b3b-424e-a48e-c0fabe65e536','APPROVED'),('47ad4b1c-df1a-411b-98b9-b3beeeffd14b','2025-06-11','2025-06-09',_binary '',1,'d6be5c9b-eb28-429b-a3fe-73fb05f99d42','8f3f73ed-3024-4778-ae89-5a1955bd9209','APPROVED'),('5c83ee82-e96b-47d5-bb83-b9e03f7ce215',NULL,'2025-06-11',_binary '\0',0,'1fe8b913-4738-46e1-bca3-3108fdc080cc','861e7675-7b3b-424e-a48e-c0fabe65e536','APPROVED'),('67c976fb-fe0a-48fc-8431-d826a6c698f3',NULL,'2025-06-11',_binary '\0',0,'d44324a2-de2a-4bbf-90b9-513f8a3c9d3b','861e7675-7b3b-424e-a48e-c0fabe65e536','APPROVED'),('68c07d6f-17c3-4d4b-97a3-2da20207ac75','2025-06-11','2025-06-11',_binary '',1,'d59b207a-fb94-4363-aa6d-4bc57ba99e05','7897a479-6c87-4fdd-8bac-25a129b4fd8f','APPROVED'),('6a2ff759-ee76-462a-a365-c3d2e41a421a','2025-06-11','2025-06-11',_binary '',1,'d59b207a-fb94-4363-aa6d-4bc57ba99e05','6f82af95-272e-409f-a096-182ea320647d','APPROVED'),('7a5f601c-b80e-4fe3-94b8-20793fb9f6cf',NULL,'2025-06-11',_binary '\0',0,'1fe8b913-4738-46e1-bca3-3108fdc080cc','4c1b48b3-1fa5-4399-9b96-49241768527b','REJECTED'),('7e3ee233-743c-42bd-aabc-5e34920972e5','2025-06-09','2025-06-09',_binary '',1,'ac139c15-c685-4674-8844-6739c215725f','861e7675-7b3b-424e-a48e-c0fabe65e536','APPROVED'),('af098eb7-2abb-4696-a022-c9045bf86c37','2025-06-11','2025-06-11',_binary '',1,'ac720bd8-0baa-4136-9d45-5130b2d3bed7','3a4a69f9-d7d4-4cf8-8426-f03b726b11ee','APPROVED'),('c80d884e-8850-4d1b-b136-d702e3b6f806','2025-06-11','2025-06-11',_binary '',1,'d44324a2-de2a-4bbf-90b9-513f8a3c9d3b','ed05803c-8678-4b49-a571-2e376209a3dd','APPROVED'),('f4dc2d50-1095-457a-941c-da30a67a043a','2025-06-11','2025-06-08',_binary '',1,'d6be5c9b-eb28-429b-a3fe-73fb05f99d42','861e7675-7b3b-424e-a48e-c0fabe65e536','APPROVED');
/*!40000 ALTER TABLE `enrollment` ENABLE KEYS */;
UNLOCK TABLES;

--
-- Table structure for table `flyway_schema_history`
--

DROP TABLE IF EXISTS `flyway_schema_history`;
/*!40101 SET @saved_cs_client     = @@character_set_client */;
/*!50503 SET character_set_client = utf8mb4 */;
CREATE TABLE `flyway_schema_history` (
  `installed_rank` int NOT NULL,
  `version` varchar(50) DEFAULT NULL,
  `description` varchar(200) NOT NULL,
  `type` varchar(20) NOT NULL,
  `script` varchar(1000) NOT NULL,
  `checksum` int DEFAULT NULL,
  `installed_by` varchar(100) NOT NULL,
  `installed_on` timestamp NOT NULL DEFAULT CURRENT_TIMESTAMP,
  `execution_time` int NOT NULL,
  `success` tinyint(1) NOT NULL,
  PRIMARY KEY (`installed_rank`),
  KEY `flyway_schema_history_s_idx` (`success`)
) ENGINE=InnoDB DEFAULT CHARSET=utf8mb4 COLLATE=utf8mb4_0900_ai_ci;
/*!40101 SET character_set_client = @saved_cs_client */;

--
-- Dumping data for table `flyway_schema_history`
--

LOCK TABLES `flyway_schema_history` WRITE;
/*!40000 ALTER TABLE `flyway_schema_history` DISABLE KEYS */;
INSERT INTO `flyway_schema_history` VALUES (1,'1','<< Flyway Baseline >>','BASELINE','<< Flyway Baseline >>',NULL,'root','2025-06-08 21:57:43',0,1),(2,'15','Fix quiz attempt enrollment migration','SQL','V15__Fix_quiz_attempt_enrollment_migration.sql',-109249033,'root','2025-06-08 21:57:43',32,0);
/*!40000 ALTER TABLE `flyway_schema_history` ENABLE KEYS */;
UNLOCK TABLES;

--
-- Table structure for table `invalidated_token`
--

DROP TABLE IF EXISTS `invalidated_token`;
/*!40101 SET @saved_cs_client     = @@character_set_client */;
/*!50503 SET character_set_client = utf8mb4 */;
CREATE TABLE `invalidated_token` (
  `id` varchar(255) NOT NULL,
  `expiry_date` datetime(6) DEFAULT NULL,
  PRIMARY KEY (`id`)
) ENGINE=InnoDB DEFAULT CHARSET=utf8mb4 COLLATE=utf8mb4_0900_ai_ci;
/*!40101 SET character_set_client = @saved_cs_client */;

--
-- Dumping data for table `invalidated_token`
--

LOCK TABLES `invalidated_token` WRITE;
/*!40000 ALTER TABLE `invalidated_token` DISABLE KEYS */;
INSERT INTO `invalidated_token` VALUES ('002d11e6-5069-4fe0-9811-2b5d53de2429','2025-06-10 02:24:17.000000'),('08c0026c-99bc-45c0-9d99-bede3a189613','2025-06-08 03:47:02.000000'),('09c6f243-7a97-4e6e-9798-61dc22ed42c1','2025-05-26 17:40:27.000000'),('0e084888-1185-4491-9508-7a1aea77c272','2025-05-31 14:21:30.000000'),('0e59a9d4-a160-4fa4-b665-d2393aa62284','2025-06-09 05:25:40.000000'),('0ff48f3e-cf29-4cc0-96e8-b592d91f98e9','2025-06-10 04:43:16.000000'),('1469e326-f362-4b5c-bb30-08d40a634328','2025-06-07 12:48:13.000000'),('1959d72e-4d12-41bd-82c1-d5ccac29c2ed','2025-06-08 14:01:41.000000'),('1aa8a9f0-501d-46a5-a073-cc547f2822ee','2025-06-09 03:20:29.000000'),('1f47440f-ce68-4c32-944f-2921eca58433','2025-06-07 15:02:53.000000'),('2214da57-6cc6-4339-812f-d177092b4068','2025-06-06 18:04:01.000000'),('226dc714-f9c3-4603-a248-4cfad53ef5e0','2025-06-06 15:24:13.000000'),('25742b7e-2101-4a53-9afd-e85875ebe944','2025-06-09 04:22:59.000000'),('26a21ed6-251e-4c9f-824d-2ab2dc1f09ae','2025-06-11 20:33:49.000000'),('2f2bfe11-cfc0-403d-8bee-7de793c24306','2025-06-08 22:17:12.000000'),('31f33bb4-39a8-44ad-8a56-127d665ca4a6','2025-06-08 22:51:31.000000'),('3616956a-47c2-4144-b7bb-a43a75c7ba72','2025-06-10 17:07:57.000000'),('3744a604-7ec4-4c57-a719-ece59a1ec0b7','2025-05-26 18:11:45.000000'),('38671a92-cbf5-424b-8532-7d04044c2461','2025-06-11 04:41:30.000000'),('3d5c500c-b963-4172-9027-d4ade9912e9e','2025-05-31 03:09:35.000000'),('4b8937a2-dd27-4e50-be6e-a650c45aa9e0','2025-05-27 17:18:35.000000'),('53130661-a5ad-40ba-92e3-02e53b1e7fc6','2025-05-26 18:39:19.000000'),('56d34f84-e268-4ec1-ac21-66854c6c5c9f','2025-06-10 04:43:58.000000'),('58e9ff7a-be0e-49d5-8ec2-17b48fd90aca','2025-06-10 01:15:06.000000'),('5c2b8c7a-6dcb-496f-998f-6c2a84dbd3ba','2025-06-09 04:13:02.000000'),('5d502413-9bf2-4e8d-aa3e-2ca047179a44','2025-06-10 00:04:25.000000'),('70532d69-cc38-46df-801a-04b84091b50c','2025-06-11 16:50:01.000000'),('7354acc9-415d-400e-9ff5-06cac34d89fd','2025-06-09 01:15:43.000000'),('7968ee59-f996-4a9f-bbe9-8fcfb0da26a9','2025-06-07 18:08:33.000000'),('7994ba18-c132-42f9-a70e-4231612f79a8','2025-05-31 03:57:03.000000'),('7b43519a-e78a-4e3a-bb47-24d5294b1e19','2025-06-10 07:31:42.000000'),('7d98509e-6758-450d-9cb7-9dac49b68051','2025-06-09 23:28:38.000000'),('8019f5cf-94c1-42c2-8657-d6867f544a93','2025-06-07 23:15:44.000000'),('855eaa2e-943f-410d-a34b-3aa7b0d80115','2025-06-09 00:14:34.000000'),('88912c8c-afac-4c64-928a-8bce66ec3d17','2025-06-06 16:53:50.000000'),('8b1a4693-9875-404d-9d56-c11a13500df9','2025-06-07 05:04:41.000000'),('90f4fb2c-4828-4cc2-8719-43471b03915c','2025-06-09 02:19:25.000000'),('9117d615-2a9f-488a-8bd1-b556d2767218','2025-06-08 17:45:02.000000'),('9bc9e6a6-dfac-4e09-963b-49cd55d857cb','2025-06-09 18:22:18.000000'),('9d2579b4-9247-46c0-ac73-3cc3bfc00954','2025-05-31 12:19:47.000000'),('a32714b0-b51d-4774-9b82-b42f4e0fa5dc','2025-06-07 04:03:05.000000'),('a3dfc325-77cc-4e56-9b35-a42a01ca4865','2025-06-09 06:55:04.000000'),('a79cddb5-147d-4e71-9deb-93d5321de201','2025-05-31 04:20:47.000000'),('b023ad62-f0d1-4bd2-bedc-859d15bbe263','2025-05-31 04:25:23.000000'),('b88d1506-37f6-4ce1-9a1d-8d63f13ea3a8','2025-06-10 04:49:22.000000'),('bb4a2f2e-8917-4d3b-9175-f007274ad49d','2025-06-07 03:01:40.000000'),('bc89a886-2a16-4fcf-a335-4cc54e834c16','2025-05-26 18:14:12.000000'),('be66439d-711d-4f59-9b67-48a64c2cf443','2025-06-10 18:09:20.000000'),('c4c08c31-b388-497d-969f-94dcce51e120','2025-06-08 16:42:16.000000'),('cad5e2d2-ec94-4cf3-84a8-83f1ad8647c3','2025-06-10 14:19:30.000000'),('cc58772e-b5dd-45a2-a803-527bed2ed5f1','2025-06-08 00:20:00.000000'),('d47373cc-88cd-49c1-b0da-257523e630d8','2025-06-10 19:11:14.000000'),('d959f4ed-7c92-4c6c-ba2f-a24daec76109','2025-06-10 07:31:05.000000'),('df1cce4c-8ca9-4588-b90c-a6630f65e73b','2025-06-10 16:28:53.000000'),('e0514791-d1a8-48a9-b98f-3ffaeb930d8e','2025-06-07 16:56:33.000000'),('e2e8a2d4-d374-42cd-9d6f-7ec30d9511e3','2025-06-07 06:07:21.000000'),('e4ef64b9-d753-4ef2-8f55-2da02389232d','2025-06-10 04:08:04.000000'),('eccb4a79-ab81-47dc-879f-a9606d1abc5b','2025-06-11 13:37:19.000000'),('ed968b4e-fd35-4453-bad9-1b6e8488a545','2025-06-10 03:41:59.000000'),('f0b16712-c7ed-4641-9dec-0dde695c5ba3','2025-06-07 13:49:40.000000'),('f35892fc-ac91-4fbe-aa60-a3d5323aa5fc','2025-06-09 23:02:16.000000'),('f67d5125-3729-41a2-8b94-166e7b7fb21d','2025-06-06 15:37:40.000000'),('f8629c7b-c2f9-4691-abac-972ff8240db1','2025-06-07 19:16:13.000000'),('ff7aee7b-a916-4b89-9cfa-fba0fbe0ea0e','2025-05-26 18:36:02.000000');
/*!40000 ALTER TABLE `invalidated_token` ENABLE KEYS */;
UNLOCK TABLES;

--
-- Table structure for table `lesson`
--

DROP TABLE IF EXISTS `lesson`;
/*!40101 SET @saved_cs_client     = @@character_set_client */;
/*!50503 SET character_set_client = utf8mb4 */;
CREATE TABLE `lesson` (
  `id` varchar(255) NOT NULL,
  `attachment_url` varchar(255) DEFAULT NULL,
  `content` longtext,
  `created_at` datetime(6) DEFAULT NULL,
  `title` varchar(255) DEFAULT NULL,
  `updated_at` datetime(6) DEFAULT NULL,
  `video_url` varchar(255) DEFAULT NULL,
  `created_by_id` varchar(255) DEFAULT NULL,
  `description` varchar(255) DEFAULT NULL,
  PRIMARY KEY (`id`),
  KEY `FKb2dj9eqr9lmb9ueyswsy3mfyc` (`created_by_id`),
  CONSTRAINT `FKb2dj9eqr9lmb9ueyswsy3mfyc` FOREIGN KEY (`created_by_id`) REFERENCES `user` (`id`)
) ENGINE=InnoDB DEFAULT CHARSET=utf8mb4 COLLATE=utf8mb4_0900_ai_ci;
/*!40101 SET character_set_client = @saved_cs_client */;

--
-- Dumping data for table `lesson`
--

LOCK TABLES `lesson` WRITE;
/*!40000 ALTER TABLE `lesson` DISABLE KEYS */;
INSERT INTO `lesson` VALUES ('0ff98fc2-ba86-4fcc-94fb-f378942ed934',NULL,'<div id=\"lessonContainer2\">\n    <style>\n        #lessonContainer2 {\n            font-family: \'Segoe UI\', Tahoma, Geneva, Verdana, sans-serif;\n            line-height: 1.6;\n            color: #333;\n            max-width: 900px;\n            margin: 20px auto;\n            background-color: #fcfcfc;\n            border-radius: 8px;\n            box-shadow: 0 4px 15px rgba(0, 0, 0, 0.1);\n            padding: 30px;\n        }\n        #lessonContainer2 h1 {\n            color: #2c3e50;\n            text-align: center;\n            margin-bottom: 30px;\n            font-size: 2.5em;\n        }\n        #lessonContainer2 h2 {\n            color: #34495e;\n            border-bottom: 2px solid #ecf0f1;\n            padding-bottom: 10px;\n            margin-top: 40px;\n            margin-bottom: 20px;\n            font-size: 1.8em;\n        }\n        #lessonContainer2 p {\n            margin-bottom: 15px;\n            text-align: justify;\n        }\n        #lessonContainer2 pre {\n            background-color: #f4f4f4;\n            padding: 10px;\n            border-radius: 5px;\n            overflow-x: auto;\n        }\n    </style>\n\n    <h1>Tạo Web Server đơn giản với Node.js</h1>\n\n    <h2>1. Giới thiệu</h2>\n    <p>Một trong những khả năng mạnh mẽ của Node.js là tạo server xử lý HTTP mà không cần dùng framework. Điều này giúp bạn nắm vững bản chất hoạt động server-client.</p>\n\n    <h2>2. Module HTTP trong Node.js</h2>\n    <p>Node.js cung cấp sẵn module <code>http</code> để tạo server.</p>\n\n    <h2>3. Tạo server đơn giản</h2>\n    <p>Tạo file <code>server.js</code> với nội dung sau:</p>\n\n    <pre><code>const http = require(\'http\');\n\nconst server = http.createServer((req, res) => {\n    res.writeHead(200, {\'Content-Type\': \'text/plain\'});\n    res.end(\'Hello NodeJS!\');\n});\n\nserver.listen(3000, () => {\n    console.log(\'Server đang chạy tại http://localhost:3000\');\n});</code></pre>\n\n    <h2>4. Chạy server</h2>\n    <p>Mở terminal và chạy lệnh:</p>\n    <pre><code>node server.js</code></pre>\n\n    <h2>5. Kiểm tra</h2>\n    <p>Mở trình duyệt và truy cập <a href=\"http://localhost:3000\" target=\"_blank\">http://localhost:3000</a>, bạn sẽ thấy dòng chữ “Hello NodeJS!”.</p>\n\n    <h2>6. Giải thích</h2>\n    <ul>\n        <li><code>require(\'http\')</code>: nạp module http</li>\n        <li><code>createServer()</code>: tạo server</li>\n        <li><code>writeHead()</code>: ghi header phản hồi</li>\n        <li><code>end()</code>: kết thúc phản hồi</li>\n    </ul>\n\n    <div class=\"note\">\n        Mô hình Client-Server:\n        $$ Client \\rightarrow Request \\rightarrow Server \\rightarrow Response \\rightarrow Client $$\n    </div>\n\n    <h2>7. Tổng kết</h2>\n    <p>Như vậy, bạn đã biết cách tạo một web server cơ bản bằng Node.js. Các bài tiếp theo ta sẽ tiếp cận Express Framework để đơn giản hóa và mở rộng server.</p>\n</div>\n','2025-06-11 17:14:49.173714','Tạo Web Server đơn giản với Node.js','2025-06-11 17:14:49.173714',NULL,'54522d48-fdb0-426d-9103-1af4b9e3d6c0','Cùng tìm hiểu cách tạo một web server cơ bản với Node.js mà không cần framework, hiểu cách xử lý request và response.'),('10ba66e4-a2f5-4dd7-9759-6eaf18203917',NULL,'<div style=\"max-width: 800px; margin: 0 auto; padding: 20px; font-family: \'Segoe UI\', Tahoma, Geneva, Verdana, sans-serif; line-height: 1.6; color: #333;\">\n  <h1 style=\"color: #2c3e50; border-bottom: 3px solid #e74c3c; padding-bottom: 10px; margin-bottom: 30px;\">\n    🌐 Giới thiệu về Phát triển Web với Java\n  </h1>\n\n  <div style=\"background: linear-gradient(135deg, #ff6b6b 0%, #ee5a24 100%); color: white; padding: 20px; border-radius: 10px; margin-bottom: 30px;\">\n    <h2 style=\"margin-bottom: 10px;\">Chào mừng đến với Java Web Development!</h2>\n    <p>Khám phá cách Java xây dựng các ứng dụng web động với Servlet và JSP.</p>\n  </div>\n\n  <section>\n    <h2 style=\"color: #e74c3c; margin: 25px 0 15px 0;\">📚 Mục tiêu học tập</h2>\n    <div style=\"background: #f8f9fa; padding: 20px; border-radius: 8px; margin-bottom: 30px;\">\n      <ul style=\"padding-left: 20px; color: #34495e;\">\n        <li>Hiểu khái niệm ứng dụng web và các thành phần chính.</li>\n        <li>Làm quen với các công nghệ Java như Servlet và JSP.</li>\n        <li>Nắm bắt quy trình cơ bản của một request HTTP.</li>\n      </ul>\n    </div>\n  </section>\n\n  <section>\n    <h2 style=\"color: #e74c3c; margin: 25px 0 15px 0;\">🤔 Ứng dụng web là gì?</h2>\n    <div style=\"background: #fff3cd; border-left: 4px solid #ffc107; padding: 15px; margin: 15px 0;\">\n      <p>Mô hình client-server hoạt động dựa trên việc client gửi yêu cầu (request) đến server, và server trả về phản hồi (response). Trong Java, Servlet là thành phần chính xử lý các yêu cầu HTTP.</p>\n      <p>Thời gian xử lý request có thể được tính đơn giản bằng công thức: \\( t = \\frac{d}{s} \\), trong đó:</p>\n      <ul style=\"padding-left: 20px;\">\n        <li>\\( t \\): Thời gian xử lý (giây)</li>\n        <li>\\( d \\): Dữ liệu cần xử lý (KB)</li>\n        <li>\\( s \\): Tốc độ xử lý (KB/s)</li>\n      </ul>\n    </div>\n  </section>\n\n  <section>\n    <h2 style=\"color: #e74c3c; margin: 25px 0 15px 0;\">💻 Ví dụ Servlet cơ bản</h2>\n    <div style=\"background: #2c3e50; color: #ecf0f1; padding: 15px; border-radius: 5px; font-family: \'Courier New\', monospace; margin: 10px 0;\">\n      <pre><code>\n@WebServlet(\"/hello\")\npublic class HelloServlet extends HttpServlet {\n    protected void doGet(HttpServletRequest request, HttpServletResponse response)\n            throws ServletException, IOException {\n        response.getWriter().write(\"Hello, Java Web!\");\n    }\n}\n      </code></pre>\n    </div>\n    <p style=\"color: #34495e;\">Servlet trên trả về chuỗi \"Hello, Java Web!\" khi người dùng truy cập URL tương ứng, minh họa cách xử lý request GET.</p>\n  </section>\n\n  <div style=\"background: linear-gradient(135deg, #ff6b6b 0%, #ee5a24 100%); color: white; padding: 20px; border-radius: 10px; margin-top: 40px; text-align: center;\">\n    <h2 style=\"margin-bottom: 10px;\">🎯 Tổng kết</h2>\n    <p>Bạn đã nắm được khái niệm cơ bản về ứng dụng web và cách Java sử dụng Servlet để xử lý yêu cầu. Hãy sẵn sàng thiết lập môi trường ở bài tiếp theo!</p>\n  </div>\n</div>','2025-06-11 04:54:06.290466','Giới thiệu về Phát triển Web với Java','2025-06-11 04:54:06.290466',NULL,'d8e8bc8f-fe15-4b42-b0ab-a21388924668','Khám phá cách Java xây dựng các ứng dụng web động với Servlet và JSP.'),('12524a65-ec10-4984-afd3-2596496dd518',NULL,'<div style=\"font-family: \'Segoe UI\', Arial, sans-serif; line-height: 1.6; color: #333;\">\n    <h2 style=\"color: #2c3e50; border-bottom: 3px solid #00b894; padding-bottom: 10px;\">I. Biến ngẫu nhiên liên tục</h2>\n    \n    <p style=\"font-size: 16px; margin-bottom: 15px;\">\n        <strong>Biến ngẫu nhiên liên tục</strong> là biến ngẫu nhiên nhận giá trị trong một khoảng liên tục trên trục số thực, thường được mô tả bởi hàm mật độ xác suất.\n    </p>\n    \n    <div style=\"background: #d4edda; padding: 20px; border-left: 5px solid #28a745; margin: 20px 0;\">\n        <h4 style=\"color: #155724; margin-top: 0;\">Đặc trưng của biến ngẫu nhiên liên tục X:</h4>\n        <ul style=\"margin: 10px 0;\">\n            <li><strong>Hàm mật độ xác suất (PDF):</strong> $f_X(x)$, thỏa mãn $f_X(x) \\geq 0$ và $\\int_{-\\infty}^{\\infty} f_X(x) \\, dx = 1$.</li>\n            <li><strong>Kỳ vọng:</strong> $E(X) = \\int_{-\\infty}^{\\infty} x f_X(x) \\, dx$</li>\n            <li><strong>Phương sai:</strong> $\\text{Var}(X) = E(X^2) - [E(X)]^2$, với $E(X^2) = \\int_{-\\infty}^{\\infty} x^2 f_X(x) \\, dx$</li>\n            <li><strong>Độ lệch chuẩn:</strong> $\\sigma(X) = \\sqrt{\\text{Var}(X)}$</li>\n        </ul>\n    </div>\n    \n    <h3 style=\"color: #e74c3c; margin-top: 30px;\">II. Phân phối đều liên tục</h3>\n    \n    <div style=\"background: #fff3cd; border: 1px solid #ffeaa7; padding: 20px; border-radius: 8px; margin: 20px 0;\">\n        <h4 style=\"color: #856404; margin-top: 0;\">Định nghĩa:</h4>\n        <p>Phân phối đều liên tục mô tả biến ngẫu nhiên có xác suất phân bố đều trên một khoảng $[a, b]$.</p>\n        <p><strong>Ký hiệu:</strong> $X \\sim U(a, b)$</p>\n        <p><strong>Hàm mật độ xác suất:</strong></p>\n        <p style=\"text-align: center; font-size: 16px; background: #fff; padding: 10px; border-radius: 5px;\">\n            $$f_X(x) = \\begin{cases} \\frac{1}{b-a} & \\text{nếu } a \\leq x \\leq b \\\\ 0 & \\text{ngược lại} \\end{cases}$$\n        </p>\n        <p><strong>Kỳ vọng:</strong> $E(X) = \\frac{a+b}{2}$</p>\n        <p><strong>Phương sai:</strong> $\\text{Var}(X) = \\frac{(b-a)^2}{12}$</p>\n    </div>\n    \n    <h3 style=\"color: #6c5ce7; margin-top: 30px;\">III. Phân phối mũ</h3>\n    \n    <div style=\"background: #e8f4f8; padding: 20px; border-radius: 8px; margin: 20px 0;\">\n        <h4 style=\"color: #1e3a8a; margin-top: 0;\">Định nghĩa:</h4>\n        <p>Phân phối mũ mô tả thời gian chờ đợi giữa các sự kiện trong quá trình Poisson.</p>\n        <p><strong>Ký hiệu:</strong> $X \\sim \\text{Exp}(\\lambda)$</p>\n        <p><strong>Hàm mật độ xác suất:</strong></p>\n        <p style=\"text-align: center; font-size: 16px; background: #fff; padding: 10px; border-radius: 5px;\">\n            $$f_X(x) = \\begin{cases} \\lambda e^{-\\lambda x} & \\text{nếu } x \\geq 0 \\\\ 0 & \\text{ngược lại} \\end{cases}$$\n        </p>\n        <p><strong>Kỳ vọng:</strong> $E(X) = \\frac{1}{\\lambda}$</p>\n        <p><strong>Phương sai:</strong> $\\text{Var}(X) = \\frac{1}{\\lambda^2}$</p>\n    </div>\n    \n    <h3 style=\"color: #fd79a8; margin-top: 30px;\">IV. Ví dụ minh họa</h3>\n    \n    <div style=\"background: #f8f9fa; padding: 20px; border-radius: 8px; margin: 20px 0;\">\n        <h4 style=\"color: #495057;\">Bài toán phân phối mũ:</h4>\n        <p>Thời gian chờ đợi (phút) giữa các cuộc gọi đến tổng đài tuân theo phân phối mũ với $\\lambda = 0.2$ (cuộc gọi/phút). Tính xác suất thời gian chờ nhỏ hơn 5 phút.</p>\n        <div style=\"background: #e9ecef; padding: 15px; border-radius: 5px; margin-top: 10px;\">\n            <p><strong>Lời giải:</strong></p>\n            <p>$X \\sim \\text{Exp}(0.2)$</p>\n            <p>Xác suất: $$P(X < 5) = \\int_0^5 0.2 e^{-0.2x} \\, dx = 1 - e^{-0.2 \\cdot 5} = 1 - e^{-1} \\approx 0.632$$</p>\n        </div>\n    </div>\n    \n    <div style=\"background: #e8f5e8; padding: 20px; border-radius: 8px; margin: 20px 0;\">\n        <h4 style=\"color: #2d5016;\">Bài tập thực hành:</h4>\n        <p>Một biến ngẫu nhiên $X \\sim U(0, 10)$. Tính xác suất $P(2 \\leq X \\leq 8)$.</p>\n    </div>\n</div>','2025-06-10 17:27:08.105887','Biến ngẫu nhiên liên tục','2025-06-10 17:27:08.105887',NULL,'bcd913e4-9ece-4a0f-83c5-5e365f4a25d4','Bài học giới thiệu khái niệm biến ngẫu nhiên liên tục, hàm mật độ xác suất, và các phân phối liên tục phổ biến như phân phối đều và phân phối mũ, cùng với các đặc trưng kỳ vọng và phương sai.'),('169de1cb-dccf-4e27-8fdd-4180e4957d82',NULL,'<div id=\"aiCurriculumContainer\">\n  <style>\n    #aiCurriculumContainer {\n      font-family: \'Segoe UI\', Tahoma, Geneva, Verdana, sans-serif;\n      line-height: 1.7;\n      color: #333;\n      max-width: 900px;\n      margin: 20px auto;\n      background-color: #fefefe;\n      border-radius: 8px;\n      box-shadow: 0 4px 12px rgba(0, 0, 0, 0.08);\n      padding: 30px;\n      box-sizing: border-box;\n    }\n\n    #aiCurriculumContainer h1 {\n      color: #2c3e50;\n      text-align: center;\n      margin-bottom: 30px;\n      font-size: 2.5em;\n      position: relative;\n      padding-bottom: 10px;\n    }\n\n    #aiCurriculumContainer h1::after {\n      content: \'\';\n      position: absolute;\n      left: 50%;\n      transform: translateX(-50%);\n      bottom: 0;\n      width: 80px;\n      height: 4px;\n      background-color: #2980b9;\n      border-radius: 2px;\n    }\n\n    #aiCurriculumContainer h2 {\n      color: #34495e;\n      border-bottom: 2px solid #ecf0f1;\n      padding-bottom: 10px;\n      margin-top: 40px;\n      margin-bottom: 20px;\n      font-size: 1.8em;\n    }\n\n    #aiCurriculumContainer p {\n      margin-bottom: 18px;\n      text-align: justify;\n    }\n\n    #aiCurriculumContainer .highlight-box {\n      background-color: #e8f4fc;\n      border-left: 5px solid #2980b9;\n      padding: 15px 20px;\n      margin: 25px 0;\n      border-radius: 5px;\n      box-shadow: 0 2px 5px rgba(0,0,0,0.04);\n    }\n\n    #aiCurriculumContainer .note {\n      background-color: #fff9e6;\n      border-left: 5px solid #f1c40f;\n      padding: 15px;\n      margin: 30px 0;\n      border-radius: 5px;\n      font-style: italic;\n      color: #7d5a00;\n    }\n\n    #aiCurriculumContainer ul {\n      list-style-type: disc;\n      margin-left: 25px;\n      margin-bottom: 20px;\n    }\n\n    #aiCurriculumContainer code {\n      background-color: #f0f0f0;\n      padding: 2px 6px;\n      border-radius: 3px;\n      font-family: \'Courier New\', Courier, monospace;\n      font-size: 0.95em;\n    }\n\n    #aiCurriculumContainer .katex-display {\n      margin: 25px 0;\n      padding: 15px;\n      background-color: #f8f8f8;\n      border: 1px solid #eee;\n      border-radius: 5px;\n      overflow-x: auto;\n    }\n  </style>\n\n  <h1>AI in Curriculum Planning</h1>\n\n  <p>\n    Artificial Intelligence (AI) is transforming curriculum development by analyzing vast amounts of educational data to help educators design more effective, personalized, and adaptive learning paths for students.\n  </p>\n\n  <div class=\"highlight-box\">\n    <strong>Key Idea:</strong> AI can optimize curriculum structures based on student performance trends, emerging knowledge fields, and societal demands.\n  </div>\n\n  <h2>1. Data-Driven Curriculum Design</h2>\n\n  <p>\n    AI systems can process historical and real-time educational data to identify which topics students struggle with, which ones generate the most interest, and which skills are increasingly valuable in the job market.\n  </p>\n\n  <div class=\"katex-display\">\n    AI might generate insights like:<br>\n    $$ \\text{MasteryRate}_j = \\frac{\\text{StudentsPassed}_j}{\\text{TotalStudents}_j} $$\n    where \\( j \\) represents a curriculum module.\n  </div>\n\n  <h2>2. Personalizing Curriculum Paths</h2>\n\n  <p>\n    AI-powered systems can suggest different learning pathways for different student profiles, ensuring that each learner follows a curriculum aligned with their abilities and goals.\n  </p>\n\n  <ul>\n    <li>Fast-track programs for advanced learners.</li>\n    <li>Remedial support for students who need extra help.</li>\n    <li>Specialized tracks based on career aspirations.</li>\n  </ul>\n\n  <h2>3. Adapting to Emerging Knowledge</h2>\n\n  <p>\n    AI continuously scans scientific publications, news, and industry reports to detect new developments and recommend updates to the curriculum.\n  </p>\n\n  <div class=\"note\">\n    A curriculum that evolves is essential in fields like AI, data science, and renewable energy — where knowledge changes rapidly.\n  </div>\n\n  <h2>4. Predicting Curriculum Effectiveness</h2>\n\n  <p>\n    By modeling potential outcomes of different curriculum structures, AI can predict the effectiveness of proposed changes before implementing them.\n  </p>\n\n  <div class=\"katex-display\">\n    Example prediction formula:<br>\n    $$ \\text{ExpectedScore}_k = \\alpha \\times \\text{PreviousScore}_k + \\beta \\times \\text{NewContentImpact}_k $$\n  </div>\n\n  <h2>Summary</h2>\n\n  <p>\n    AI empowers curriculum planners to build smarter, more responsive, and data-driven learning pathways. By integrating AI insights, institutions can ensure their programs remain relevant, inclusive, and future-ready.\n  </p>\n\n  <p style=\"text-align:center; margin-top: 30px; font-style: italic; color: #777;\">\n    \"The future belongs to those who prepare for it today.\"\n  </p>\n</div>\n','2025-06-11 16:53:24.981252','AI in Curriculum planning','2025-06-11 16:53:24.981252',NULL,'a0c5ecb8-0cc7-4513-8b40-27a94b021320','Artificial Intelligence (AI) is transforming curriculum development by analyzing vast amounts of educational data to help educators design more effective, personalized, and adaptive learning paths for students.'),('1d5f1ebd-9583-4d0b-9c9d-cda250a6297f',NULL,'<div class=\"lesson-content\">\n    <h2>🎨 Nguyên lý cơ bản của User Experience (UX) và Design Thinking</h2>\n    \n    <h3>1. User Experience (UX) là gì?</h3>\n    <p><strong>User Experience (UX)</strong> là tổng thể cảm nhận, cảm xúc và phản ứng của người dùng khi tương tác với một sản phẩm, dịch vụ hoặc hệ thống.</p>\n    \n    <div class=\"definition-box\" style=\"background: #f0f8ff; padding: 15px; border-left: 4px solid #4a90e2; margin: 15px 0;\">\n        <h4>Thành phần của UX:</h4>\n        <ul>\n            <li><strong>Usability:</strong> Độ dễ sử dụng và hiệu quả</li>\n            <li><strong>Accessibility:</strong> Khả năng tiếp cận cho mọi người dùng</li>\n            <li><strong>Desirability:</strong> Sự hấp dẫn và mong muốn sử dụng</li>\n            <li><strong>Findability:</strong> Khả năng tìm kiếm thông tin</li>\n            <li><strong>Credibility:</strong> Độ tin cậy của sản phẩm</li>\n            <li><strong>Utility:</strong> Tính hữu ích và giá trị</li>\n        </ul>\n    </div>\n\n    <h3>2. Design Thinking Process</h3>\n    <p>Design Thinking là phương pháp tiếp cận sáng tạo để giải quyết vấn đề tập trung vào con người.</p>\n    \n    <div class=\"process-steps\" style=\"background: #fff8dc; padding: 20px; border-radius: 10px; margin: 15px 0;\">\n        <h4>🔄 5 Bước của Design Thinking:</h4>\n        \n        <div style=\"display: flex; flex-wrap: wrap; gap: 15px; margin: 20px 0;\">\n            <div style=\"flex: 1; min-width: 200px; background: #ffe6e6; padding: 15px; border-radius: 8px; text-align: center;\">\n                <h5>1. EMPATHIZE</h5>\n                <p><strong>Đồng cảm</strong></p>\n                <p>Hiểu người dùng thông qua quan sát và tương tác</p>\n            </div>\n            <div style=\"flex: 1; min-width: 200px; background: #e6f3ff; padding: 15px; border-radius: 8px; text-align: center;\">\n                <h5>2. DEFINE</h5>\n                <p><strong>Xác định vấn đề</strong></p>\n                <p>Tổng hợp insights và định nghĩa vấn đề cần giải quyết</p>\n            </div>\n            <div style=\"flex: 1; min-width: 200px; background: #e6ffe6; padding: 15px; border-radius: 8px; text-align: center;\">\n                <h5>3. IDEATE</h5>\n                <p><strong>Ý tưởng</strong></p>\n                <p>Brainstorm và tạo ra nhiều ý tưởng giải pháp</p>\n            </div>\n            <div style=\"flex: 1; min-width: 200px; background: #fff0e6; padding: 15px; border-radius: 8px; text-align: center;\">\n                <h5>4. PROTOTYPE</h5>\n                <p><strong>Nguyên mẫu</strong></p>\n                <p>Tạo phiên bản thử nghiệm của giải pháp</p>\n            </div>\n            <div style=\"flex: 1; min-width: 200px; background: #f0e6ff; padding: 15px; border-radius: 8px; text-align: center;\">\n                <h5>5. TEST</h5>\n                <p><strong>Kiểm thử</strong></p>\n                <p>Thu thập phản hồi và cải thiện sản phẩm</p>\n            </div>\n        </div>\n    </div>\n\n    <h3>3. User Research Methods</h3>\n    <p>Nghiên cứu người dùng là nền tảng của UX design tốt.</p>\n    \n    <div class=\"research-grid\" style=\"display: grid; grid-template-columns: repeat(auto-fit, minmax(300px, 1fr)); gap: 20px; margin: 20px 0;\">\n        <div style=\"background: #f5f5f5; padding: 15px; border-radius: 8px;\">\n            <h4>📊 Quantitative Methods</h4>\n            <ul>\n                <li><strong>Analytics:</strong> Google Analytics, heatmaps</li>\n                <li><strong>A/B Testing:</strong> So sánh hiệu suất thiết kế</li>\n                <li><strong>Surveys:</strong> Thu thập dữ liệu số lượng lớn</li>\n                <li><strong>Metrics:</strong> CTR, conversion rate, bounce rate</li>\n            </ul>\n            <div style=\"background: #e8f4fd; padding: 10px; margin: 10px 0; border-radius: 5px;\">\n                <p><strong>Công thức Conversion Rate:</strong></p>\n                <p>$CR = \\frac{Number\\ of\\ Conversions}{Total\\ Visitors} \\times 100\\%$</p>\n            </div>\n        </div>\n        \n        <div style=\"background: #f5f5f5; padding: 15px; border-radius: 8px;\">\n            <h4>🗣️ Qualitative Methods</h4>\n            <ul>\n                <li><strong>User Interviews:</strong> Phỏng vấn sâu 1-1</li>\n                <li><strong>Focus Groups:</strong> Thảo luận nhóm</li>\n                <li><strong>Usability Testing:</strong> Quan sát người dùng sử dụng</li>\n                <li><strong>Card Sorting:</strong> Tổ chức thông tin</li>\n            </ul>\n            <div style=\"background: #fff2e8; padding: 10px; margin: 10px 0; border-radius: 5px;\">\n                <p><strong>Rule of 5 Users:</strong></p>\n                <p>Nielsen\'s law: 85% vấn đề usability được phát hiện với 5 người dùng</p>\n            </div>\n        </div>\n    </div>\n\n    <h3>4. User Personas</h3>\n    <p>Personas là đại diện hư cấu cho nhóm người dùng mục tiêu dựa trên nghiên cứu thực tế.</p>\n    \n    <div class=\"persona-example\" style=\"background: #f8f9fa; padding: 20px; border-radius: 10px; margin: 15px 0;\">\n        <h4>👤 Ví dụ Persona:</h4>\n        <div style=\"display: flex; gap: 20px; align-items: flex-start;\">\n            <div style=\"flex: 1;\">\n                <h5>Sarah Chen - Marketing Manager</h5>\n                <p><strong>Age:</strong> 32 | <strong>Location:</strong> Ho Chi Minh City</p>\n                <p><strong>Tech Savviness:</strong> High ⭐⭐⭐⭐⭐</p>\n                \n                <h6>Goals:</h6>\n                <ul>\n                    <li>Tăng hiệu quả công việc</li>\n                    <li>Tìm tools automation</li>\n                    <li>Cập nhật trend marketing</li>\n                </ul>\n                \n                <h6>Frustrations:</h6>\n                <ul>\n                    <li>Interface phức tạp</li>\n                    <li>Thiếu mobile optimization</li>\n                    <li>Quá nhiều steps để hoàn thành task</li>\n                </ul>\n            </div>\n            <div style=\"background: #e3f2fd; padding: 15px; border-radius: 8px; min-width: 200px;\">\n                <h6>Behavioral Patterns:</h6>\n                <p><strong>Device Usage:</strong></p>\n                <ul>\n                    <li>Mobile: 60%</li>\n                    <li>Desktop: 35%</li>\n                    <li>Tablet: 5%</li>\n                </ul>\n                <p><strong>Peak Hours:</strong> 9-11AM, 2-4PM</p>\n            </div>\n        </div>\n    </div>\n\n    <h3>5. Information Architecture</h3>\n    <p>Cấu trúc và tổ chức thông tin để người dùng dễ dàng tìm kiếm và điều hướng.</p>\n    \n    <div class=\"ia-principles\" style=\"background: #f0f8ff; padding: 15px; border-radius: 8px; margin: 15px 0;\">\n        <h4>🏗️ Nguyên tắc Information Architecture:</h4>\n        <div style=\"display: grid; grid-template-columns: repeat(auto-fit, minmax(200px, 1fr)); gap: 15px; margin: 15px 0;\">\n            <div style=\"background: white; padding: 15px; border-radius: 5px; border-left: 4px solid #4caf50;\">\n                <h5>Hierarchy</h5>\n                <p>Tổ chức theo thứ tự quan trọng</p>\n            </div>\n            <div style=\"background: white; padding: 15px; border-radius: 5px; border-left: 4px solid #2196f3;\">\n                <h5>Categorization</h5>\n                <p>Nhóm thông tin liên quan</p>\n            </div>\n            <div style=\"background: white; padding: 15px; border-radius: 5px; border-left: 4px solid #ff9800;\">\n                <h5>Labeling</h5>\n                <p>Đặt tên rõ ràng, dễ hiểu</p>\n            </div>\n            <div style=\"background: white; padding: 15px; border-radius: 5px; border-left: 4px solid #e91e63;\">\n                <h5>Navigation</h5>\n                <p>Hệ thống điều hướng logic</p>\n            </div>\n        </div>\n    </div>\n\n    <h3>6. UX Metrics và KPIs</h3>\n    <div class=\"metrics-section\" style=\"background: #fff8e1; padding: 15px; border-radius: 8px; margin: 15px 0;\">\n        <h4>📈 Các chỉ số đo lường UX:</h4>\n        \n        <table style=\"width: 100%; border-collapse: collapse; margin: 15px 0;\">\n            <tr style=\"background: #f5f5f5;\">\n                <th style=\"border: 1px solid #ddd; padding: 12px; text-align: left;\">Metric</th>\n                <th style=\"border: 1px solid #ddd; padding: 12px; text-align: left;\">Formula</th>\n                <th style=\"border: 1px solid #ddd; padding: 12px; text-align: left;\">Good Benchmark</th>\n            </tr>\n            <tr>\n                <td style=\"border: 1px solid #ddd; padding: 12px;\">Task Success Rate</td>\n                <td style=\"border: 1px solid #ddd; padding: 12px;\">$\\frac{Successful\\ Tasks}{Total\\ Tasks} \\times 100\\%$</td>\n                <td style=\"border: 1px solid #ddd; padding: 12px;\">>90%</td>\n            </tr>\n            <tr>\n                <td style=\"border: 1px solid #ddd; padding: 12px;\">Time on Task</td>\n                <td style=\"border: 1px solid #ddd; padding: 12px;\">$Average\\ Time\\ to\\ Complete$</td>\n                <td style=\"border: 1px solid #ddd; padding: 12px;\">Minimize</td>\n            </tr>\n            <tr>\n                <td style=\"border: 1px solid #ddd; padding: 12px;\">Error Rate</td>\n                <td style=\"border: 1px solid #ddd; padding: 12px;\">$\\frac{Number\\ of\\ Errors}{Total\\ Actions} \\times 100\\%$</td>\n                <td style=\"border: 1px solid #ddd; padding: 12px;\"><5%</td>\n            </tr>\n            <tr>\n                <td style=\"border: 1px solid #ddd; padding: 12px;\">SUS Score</td>\n                <td style=\"border: 1px solid #ddd; padding: 12px;\">$(Sum\\ of\\ Scores - 50) \\times 2.5$</td>\n                <td style=\"border: 1px solid #ddd; padding: 12px;\">>68</td>\n            </tr>\n        </table>\n    </div>\n\n    <h3>7. Bài tập thực hành</h3>\n    <div style=\"background: #e8f5e8; padding: 15px; border-radius: 8px; margin: 15px 0;\">\n        <p><strong>Bài tập 1:</strong> Tạo persona cho ứng dụng food delivery dành cho sinh viên</p>\n        <p><strong>Bài tập 2:</strong> Thiết kế information architecture cho website thương mại điện tử</p>\n        <p><strong>Bài tập 3:</strong> Lập kế hoạch user research cho ứng dụng quản lý tài chính cá nhân</p>\n        <p><strong>Bài tập 4:</strong> Áp dụng Design Thinking để giải quyết vấn đề \"Tìm chỗ đỗ xe trong thành phố\"</p>\n    </div>\n</div>','2025-06-08 16:46:02.824957','Nguyên lý cơ bản của User Experience (UX) và Design Thinking','2025-06-11 04:05:46.485199',NULL,'ea0c7864-91d9-420b-91d4-d22aeafa8dc1','Bài học này giới thiệu các khái niệm cơ bản về User Experience, quy trình Design Thinking 5 bước, và các phương pháp nghiên cứu người dùng để tạo ra sản phẩm có trải nghiệm tốt.'),('25a83f00-9638-4005-a76f-5c1b2b066f97',NULL,'<div class=\"lesson-content\">\n    <h2>📦 Cấu trúc Dữ liệu Cơ bản</h2>\n\n    <h3>1. Khái niệm</h3>\n    <p><strong>Cấu trúc dữ liệu (Data Structure)</strong> là cách tổ chức và lưu trữ dữ liệu trong bộ nhớ máy tính để hỗ trợ việc truy xuất và xử lý dữ liệu hiệu quả.</p>\n\n    <h3>2. Mảng (Array)</h3>\n    <p>Là tập hợp các phần tử cùng kiểu, lưu liên tiếp nhau trong bộ nhớ và truy cập qua chỉ số.</p>\n    <div class=\"formula-box\" style=\"background: #fffacd; padding: 15px; border: 2px solid #daa520; margin: 15px 0;\">\n        <p><strong>Truy cập phần tử:</strong> $A[i]$</p>\n        <p><strong>Độ phức tạp:</strong> Truy cập: $O(1)$, Tìm kiếm: $O(n)$</p>\n    </div>\n\n    <h4>Ví dụ:</h4>\n    <pre style=\"background: #f5f5f5; padding: 10px;\">int A[5] = {3, 5, 7, 9, 11};</pre>\n\n    <h3>3. Danh sách liên kết (Linked List)</h3>\n    <p>Là tập hợp các phần tử mà mỗi phần tử (node) chứa dữ liệu và con trỏ trỏ tới phần tử kế tiếp.</p>\n    <div class=\"definition-box\" style=\"background: #f0f8ff; padding: 15px; border-left: 4px solid #007acc; margin: 15px 0;\">\n        <p><strong>Ưu điểm:</strong> Thêm/Xóa phần tử linh hoạt.</p>\n        <p><strong>Nhược điểm:</strong> Truy cập chậm ($O(n)$)</p>\n    </div>\n\n    <h3>4. Ngăn xếp (Stack)</h3>\n    <p>Là cấu trúc dữ liệu kiểu LIFO (Last In First Out) — phần tử vào sau được lấy ra trước.</p>\n    <div class=\"formula-box\" style=\"background: #e8f5e8; padding: 15px; border: 2px solid #4caf50; margin: 15px 0;\">\n        <p><strong>Các thao tác chính:</strong></p>\n        <ul>\n            <li><code>push(x)</code>: Thêm phần tử vào đỉnh</li>\n            <li><code>pop()</code>: Lấy và xóa phần tử đỉnh</li>\n        </ul>\n        <p><strong>Độ phức tạp:</strong> $O(1)$</p>\n    </div>\n\n    <h4>Ứng dụng:</h4>\n    <ul>\n        <li>Kiểm tra dấu ngoặc hợp lệ</li>\n        <li>Quay lui (Backtracking)</li>\n    </ul>\n\n    <h3>5. Hàng đợi (Queue)</h3>\n    <p>Là cấu trúc dữ liệu kiểu FIFO (First In First Out) — phần tử vào trước được lấy ra trước.</p>\n    <div class=\"formula-box\" style=\"background: #fff0f5; padding: 15px; border: 2px solid #e91e63; margin: 15px 0;\">\n        <p><strong>Các thao tác chính:</strong></p>\n        <ul>\n            <li><code>enqueue(x)</code>: Thêm phần tử vào cuối</li>\n            <li><code>dequeue()</code>: Lấy và xóa phần tử đầu</li>\n        </ul>\n        <p><strong>Độ phức tạp:</strong> $O(1)$</p>\n    </div>\n\n    <h4>Ứng dụng:</h4>\n    <ul>\n        <li>Tìm đường đi ngắn nhất bằng BFS</li>\n        <li>Mô phỏng hệ thống xếp hàng</li>\n    </ul>\n\n    <h3>6. Bảng băm (Hash Table)</h3>\n    <p>Là cấu trúc lưu trữ dưới dạng cặp <code>(key, value)</code>, với truy cập, chèn và xóa phần tử nhanh bằng cách băm khóa thành chỉ số.</p>\n    <div class=\"formula-box\" style=\"background: #f0f0f0; padding: 15px; border: 2px solid #9e9e9e; margin: 15px 0;\">\n        <p><strong>Độ phức tạp:</strong> Trung bình: $O(1)$, Tệ nhất: $O(n)$</p>\n    </div>\n\n    <h4>Ứng dụng:</h4>\n    <ul>\n        <li>Đếm tần số phần tử</li>\n        <li>Tìm phần tử trùng</li>\n        <li>Kiểm tra tồn tại nhanh</li>\n    </ul>\n\n    <h3>7. Bài tập thực hành</h3>\n    <div style=\"background: #fff8dc; padding: 15px; border-radius: 8px; margin: 15px 0;\">\n        <p><strong>Bài 1:</strong> Viết chương trình đảo ngược một xâu ký tự dùng ngăn xếp.</p>\n        <p><strong>Bài 2:</strong> Viết chương trình đếm số lần xuất hiện của mỗi số trong mảng n số nguyên (n ≤ 10⁵) bằng bảng băm.</p>\n        <p><strong>Gợi ý:</strong> Tận dụng <code>map</code> hoặc <code>unordered_map</code> trong C++.</p>\n    </div>\n</div>\n','2025-06-11 04:47:40.319450','Cấu trúc dữ liệu cơ bản','2025-06-11 04:47:40.319450',NULL,'d8e8bc8f-fe15-4b42-b0ab-a21388924668','Giới thiệu các cấu trúc dữ liệu cơ bản thường gặp trong lập trình thi đấu như mảng, danh sách liên kết, ngăn xếp, hàng đợi và bảng băm. Tìm hiểu cách lưu trữ, thao tác và ứng dụng thực tế trong bài toán.'),('27621ebe-4c01-4a80-9a49-f93088c52d3c',NULL,'<div id=\"aiLessonContainer\">\n  <style>\n    #aiLessonContainer {\n      font-family: \'Segoe UI\', Tahoma, Geneva, Verdana, sans-serif;\n      line-height: 1.7;\n      color: #333;\n      max-width: 900px;\n      margin: 20px auto;\n      background-color: #fefefe;\n      border-radius: 8px;\n      box-shadow: 0 4px 12px rgba(0, 0, 0, 0.08);\n      padding: 30px;\n      box-sizing: border-box;\n    }\n\n    #aiLessonContainer h1 {\n      color: #2c3e50;\n      text-align: center;\n      margin-bottom: 30px;\n      font-size: 2.5em;\n      position: relative;\n      padding-bottom: 10px;\n    }\n\n    #aiLessonContainer h1::after {\n      content: \'\';\n      position: absolute;\n      left: 50%;\n      transform: translateX(-50%);\n      bottom: 0;\n      width: 80px;\n      height: 4px;\n      background-color: #27ae60;\n      border-radius: 2px;\n    }\n\n    #aiLessonContainer h2 {\n      color: #34495e;\n      border-bottom: 2px solid #ecf0f1;\n      padding-bottom: 10px;\n      margin-top: 40px;\n      margin-bottom: 20px;\n      font-size: 1.8em;\n    }\n\n    #aiLessonContainer p {\n      margin-bottom: 18px;\n      text-align: justify;\n    }\n\n    #aiLessonContainer .highlight-box {\n      background-color: #eafaf1;\n      border-left: 5px solid #27ae60;\n      padding: 15px 20px;\n      margin: 25px 0;\n      border-radius: 5px;\n      box-shadow: 0 2px 5px rgba(0,0,0,0.04);\n    }\n\n    #aiLessonContainer .note {\n      background-color: #fff9e6;\n      border-left: 5px solid #f1c40f;\n      padding: 15px;\n      margin: 30px 0;\n      border-radius: 5px;\n      font-style: italic;\n      color: #7d5a00;\n    }\n\n    #aiLessonContainer ul {\n      list-style-type: disc;\n      margin-left: 25px;\n      margin-bottom: 20px;\n    }\n\n    #aiLessonContainer code {\n      background-color: #f0f0f0;\n      padding: 2px 6px;\n      border-radius: 3px;\n      font-family: \'Courier New\', Courier, monospace;\n      font-size: 0.95em;\n    }\n\n    #aiLessonContainer .katex-display {\n      margin: 25px 0;\n      padding: 15px;\n      background-color: #f8f8f8;\n      border: 1px solid #eee;\n      border-radius: 5px;\n      overflow-x: auto;\n    }\n  </style>\n\n  <h1>AI in Lesson Planning</h1>\n\n  <p>\n    In modern education, Artificial Intelligence (AI) has become a powerful ally for educators, helping them understand student needs, personalize materials, and predict challenges before they arise. This lesson introduces the role of AI in lesson planning and how it can enhance teaching efficiency and learning outcomes.\n  </p>\n\n  <div class=\"highlight-box\">\n    <strong>Key Insight:</strong> AI isn\'t just a tool for automating tasks — it learns from students\' behaviors, performance data, and preferences to recommend the most suitable learning paths.\n  </div>\n\n  <h2>1. AI Understands Student Needs</h2>\n\n  <p>\n    By analyzing student performance data, AI systems can identify strengths, weaknesses, learning styles, and preferred content formats. For example, if a student struggles with algebraic expressions, AI can recommend targeted exercises or explainer videos.\n  </p>\n\n  <div class=\"katex-display\">\n    AI might analyze trends like:<br>\n    $$ \\text{ErrorRate}_i = \\frac{\\text{WrongAnswers}_i}{\\text{TotalQuestions}_i} $$\n    where \\( i \\) represents each topic.\n  </div>\n\n  <h2>2. Recommending the Best Materials</h2>\n\n  <p>\n    AI algorithms suggest resources tailored to each learner’s profile, ensuring that every student receives materials that match their level and learning preference, be it videos, texts, or interactive quizzes.\n  </p>\n\n  <ul>\n    <li>Adaptive reading lists based on difficulty level.</li>\n    <li>Interactive simulations for visual learners.</li>\n    <li>Video lectures for auditory learners.</li>\n  </ul>\n\n  <h2>3. Predicting Learning Challenges</h2>\n\n  <p>\n    AI can forecast potential struggles by monitoring early signs of difficulty. It allows educators to intervene before a student falls behind.\n  </p>\n\n  <div class=\"note\">\n    AI doesn\'t replace teachers — it supports them by providing data-driven insights to make informed decisions.\n  </div>\n\n  <h2>4. Keeping Content Up-To-Date</h2>\n\n  <p>\n    AI systems scan current publications and online resources to recommend updated materials, ensuring lesson plans remain aligned with the latest knowledge.\n  </p>\n\n  <h2>Summary</h2>\n\n  <p>\n    AI in lesson planning personalizes learning, anticipates challenges, and keeps educational content fresh and relevant. Educators equipped with AI-powered tools can deliver more effective and inclusive teaching.\n  </p>\n\n  <p style=\"text-align:center; margin-top: 30px; font-style: italic; color: #777;\">\n    \"Technology will never replace great teachers, but in the hands of great teachers, it’s transformational.\"\n  </p>\n</div>\n','2025-06-11 16:51:00.558153','AI in Lesson Planning','2025-06-11 16:51:00.558153',NULL,'a0c5ecb8-0cc7-4513-8b40-27a94b021320','AI understands your students\' needs, recommends the best materials, predicts challenges, and keeps you up-to-date with the latest knowledge.'),('378b96f2-c6b6-4fec-a364-a71b7e9b16ff',NULL,'<div style=\"max-width: 800px; margin: 0 auto; padding: 20px; font-family: \'Segoe UI\', Tahoma, Geneva, Verdana, sans-serif; line-height: 1.6; color: #333;\">\n    <h1 style=\"color: #2c3e50; border-bottom: 3px solid #e74c3c; padding-bottom: 10px; margin-bottom: 30px;\">\n        🏆 Giới thiệu Lập trình thi đấu và Phân tích độ phức tạp\n    </h1>\n\n    <div style=\"background: linear-gradient(135deg, #ff6b6b 0%, #ee5a24 100%); color: white; padding: 20px; border-radius: 10px; margin-bottom: 30px;\">\n        <h2 style=\"margin-bottom: 10px;\">Chào mừng đến với thế giới Competitive Programming!</h2>\n        <p>Lập trình thi đấu là một môn thể thao trí tuệ đòi hỏi kỹ năng giải quyết vấn đề, tư duy logic và hiểu biết sâu về thuật toán.</p>\n    </div>\n\n    <h2 style=\"color: #e74c3c; margin: 25px 0 15px 0;\">📚 Mục lục</h2>\n    <ul style=\"background: #f8f9fa; padding: 20px; border-radius: 8px; margin-bottom: 30px;\">\n        <li><a href=\"#what-is-cp\" style=\"color: #3498db; text-decoration: none;\">1. Lập trình thi đấu là gì?</a></li>\n        <li><a href=\"#platforms\" style=\"color: #3498db; text-decoration: none;\">2. Các nền tảng phổ biến</a></li>\n        <li><a href=\"#contest-format\" style=\"color: #3498db; text-decoration: none;\">3. Định dạng cuộc thi</a></li>\n        <li><a href=\"#complexity\" style=\"color: #3498db; text-decoration: none;\">4. Phân tích độ phức tạp</a></li>\n        <li><a href=\"#big-o\" style=\"color: #3498db; text-decoration: none;\">5. Ký hiệu Big O</a></li>\n        <li><a href=\"#examples\" style=\"color: #3498db; text-decoration: none;\">6. Ví dụ thực hành</a></li>\n        <li><a href=\"#tips\" style=\"color: #3498db; text-decoration: none;\">7. Mẹo thi đấu</a></li>\n    </ul>\n\n    <section id=\"what-is-cp\">\n        <h2 style=\"color: #e74c3c; margin: 25px 0 15px 0;\">1. 🤔 Lập trình thi đấu là gì?</h2>\n        <div style=\"background: #fff3cd; border-left: 4px solid #ffc107; padding: 15px; margin: 15px 0;\">\n            <p><strong>Competitive Programming (CP)</strong> là việc giải quyết các bài toán thuật toán trong thời gian giới hạn. Đặc điểm:</p>\n            <ul style=\"margin-top: 10px; padding-left: 20px;\">\n                <li>Thời gian giới hạn (thường 1-3 giờ)</li>\n                <li>Nhiều bài toán với độ khó tăng dần</li>\n                <li>Yêu cầu tư duy nhanh và code chính xác</li>\n                <li>Cần hiểu biết về cấu trúc dữ liệu và thuật toán</li>\n                <li>Kỹ năng debug và tối ưu hóa</li>\n            </ul>\n        </div>\n    </section>\n\n    <section id=\"platforms\">\n        <h2 style=\"color: #e74c3c; margin: 25px 0 15px 0;\">2. 🌐 Các nền tảng phổ biến</h2>\n        \n        <div style=\"display: grid; grid-template-columns: repeat(auto-fit, minmax(250px, 1fr)); gap: 15px; margin: 20px 0;\">\n            <div style=\"background: #e8f5e8; border-left: 4px solid #27ae60; padding: 15px; border-radius: 5px;\">\n                <h3 style=\"color: #27ae60; margin-bottom: 10px;\">🥇 Codeforces</h3>\n                <p>Nền tảng lớn nhất với contests thường xuyên và hệ thống rating.</p>\n            </div>\n            \n            <div style=\"background: #e3f2fd; border-left: 4px solid #2196f3; padding: 15px; border-radius: 5px;\">\n                <h3 style=\"color: #2196f3; margin-bottom: 10px;\">🏅 AtCoder</h3>\n                <p>Contest chất lượng cao từ Nhật Bản với bài toán hay.</p>\n            </div>\n            \n            <div style=\"background: #fce4ec; border-left: 4px solid #e91e63; padding: 15px; border-radius: 5px;\">\n                <h3 style=\"color: #e91e63; margin-bottom: 10px;\">💎 LeetCode</h3>\n                <p>Tập trung vào phỏng vấn và thuật toán cơ bản.</p>\n            </div>\n            \n            <div style=\"background: #fff3e0; border-left: 4px solid #ff9800; padding: 15px; border-radius: 5px;\">\n                <h3 style=\"color: #ff9800; margin-bottom: 10px;\">🎯 HackerRank</h3>\n                <p>Đa dạng domains và challenges thực tế.</p>\n            </div>\n        </div>\n    </section>\n\n    <section id=\"contest-format\">\n        <h2 style=\"color: #e74c3c; margin: 25px 0 15px 0;\">3. ⏰ Định dạng cuộc thi</h2>\n        \n        <div style=\"background: #2c3e50; color: #ecf0f1; padding: 15px; border-radius: 5px; font-family: \'Courier New\', monospace; margin: 10px 0;\">\n            <pre><code>📊 Cấu trúc điển hình:\n├── Thời gian: 2-3 giờ\n├── Số bài: 5-8 bài\n├── Điểm số: 500, 1000, 1500, 2000, 2500...\n├── Penalty: +20 phút cho mỗi submission sai\n└── Ranking: Thời gian giải + penalty</code></pre>\n        </div>\n\n        <div style=\"background: #d1ecf1; border-left: 4px solid #17a2b8; padding: 15px; margin: 15px 0;\">\n            <h3 style=\"color: #17a2b8; margin-bottom: 10px;\">💡 Chiến lược thi đấu</h3>\n            <ol style=\"padding-left: 20px;\">\n                <li>Đọc tất cả đề bài trước</li>\n                <li>Bắt đầu từ bài dễ nhất</li>\n                <li>Ước lượng độ phức tạp trước khi code</li>\n                <li>Test kỹ trước khi submit</li>\n                <li>Quản lý thời gian hiệu quả</li>\n            </ol>\n        </div>\n    </section>\n\n    <section id=\"complexity\">\n        <h2 style=\"color: #e74c3c; margin: 25px 0 15px 0;\">4. 📈 Phân tích độ phức tạp</h2>\n        \n        <h3 style=\"color: #34495e; margin: 20px 0 10px 0;\">Tại sao cần phân tích độ phức tạp?</h3>\n        <div style=\"background: #fff3cd; border-left: 4px solid #ffc107; padding: 15px; margin: 15px 0;\">\n            <ul style=\"padding-left: 20px;\">\n                <li><strong>Dự đoán hiệu suất:</strong> Thuật toán có chạy trong thời gian cho phép?</li>\n                <li><strong>So sánh thuật toán:</strong> Thuật toán nào tốt hơn?</li>\n                <li><strong>Tối ưu hóa:</strong> Cần cải thiện ở đâu?</li>\n                <li><strong>Scalability:</strong> Thuật toán hoạt động thế nào với dữ liệu lớn?</li>\n            </ul>\n        </div>\n\n        <h3 style=\"color: #34495e; margin: 20px 0 10px 0;\">Time Complexity vs Space Complexity</h3>\n        <div style=\"background: #2c3e50; color: #ecf0f1; padding: 15px; border-radius: 5px; font-family: \'Courier New\', monospace; margin: 10px 0;\">\n            <pre><code># Time Complexity - Thời gian thực thi\ndef linear_search(arr, target):\n    for i in range(len(arr)):      # O(n)\n        if arr[i] == target:\n            return i\n    return -1\n\n# Space Complexity - Bộ nhớ sử dụng\ndef create_matrix(n):\n    matrix = []\n    for i in range(n):             # O(n²) space\n        row = [0] * n\n        matrix.append(row)\n    return matrix</code></pre>\n        </div>\n    </section>\n\n    <section id=\"big-o\">\n        <h2 style=\"color: #e74c3c; margin: 25px 0 15px 0;\">5. 📊 Ký hiệu Big O</h2>\n        \n        <div style=\"background: #f8f9fa; padding: 20px; border-radius: 8px; margin: 20px 0;\">\n            <table style=\"width: 100%; border-collapse: collapse;\">\n                <tr style=\"background: #e9ecef;\">\n                    <th style=\"padding: 12px; border: 1px solid #dee2e6; color: #495057;\">Độ phức tạp</th>\n                    <th style=\"padding: 12px; border: 1px solid #dee2e6; color: #495057;\">Tên gọi</th>\n                    <th style=\"padding: 12px; border: 1px solid #dee2e6; color: #495057;\">Ví dụ</th>\n                </tr>\n                <tr>\n                    <td style=\"padding: 12px; border: 1px solid #dee2e6; color: #28a745; font-weight: bold;\">O(1)</td>\n                    <td style=\"padding: 12px; border: 1px solid #dee2e6;\">Constant</td>\n                    <td style=\"padding: 12px; border: 1px solid #dee2e6;\">Truy cập mảng theo index</td>\n                </tr>\n                <tr style=\"background: #f8f9fa;\">\n                    <td style=\"padding: 12px; border: 1px solid #dee2e6; color: #28a745; font-weight: bold;\">O(log n)</td>\n                    <td style=\"padding: 12px; border: 1px solid #dee2e6;\">Logarithmic</td>\n                    <td style=\"padding: 12px; border: 1px solid #dee2e6;\">Binary Search</td>\n                </tr>\n                <tr>\n                    <td style=\"padding: 12px; border: 1px solid #dee2e6; color: #ffc107; font-weight: bold;\">O(n)</td>\n                    <td style=\"padding: 12px; border: 1px solid #dee2e6;\">Linear</td>\n                    <td style=\"padding: 12px; border: 1px solid #dee2e6;\">Duyệt mảng</td>\n                </tr>\n                <tr style=\"background: #f8f9fa;\">\n                    <td style=\"padding: 12px; border: 1px solid #dee2e6; color: #fd7e14; font-weight: bold;\">O(n log n)</td>\n                    <td style=\"padding: 12px; border: 1px solid #dee2e6;\">Linearithmic</td>\n                    <td style=\"padding: 12px; border: 1px solid #dee2e6;\">Merge Sort, Quick Sort</td>\n                </tr>\n                <tr>\n                    <td style=\"padding: 12px; border: 1px solid #dee2e6; color: #dc3545; font-weight: bold;\">O(n²)</td>\n                    <td style=\"padding: 12px; border: 1px solid #dee2e6;\">Quadratic</td>\n                    <td style=\"padding: 12px; border: 1px solid #dee2e6;\">Bubble Sort, vòng lặp lồng</td>\n                </tr>\n                <tr style=\"background: #f8f9fa;\">\n                    <td style=\"padding: 12px; border: 1px solid #dee2e6; color: #6f42c1; font-weight: bold;\">O(2ⁿ)</td>\n                    <td style=\"padding: 12px; border: 1px solid #dee2e6;\">Exponential</td>\n                    <td style=\"padding: 12px; border: 1px solid #dee2e6;\">Fibonacci đệ quy</td>\n                </tr>\n            </table>\n        </div>\n\n        <h3 style=\"color: #34495e; margin: 20px 0 10px 0;\">Quy tắc tính Big O</h3>\n        <div style=\"background: #2c3e50; color: #ecf0f1; padding: 15px; border-radius: 5px; font-family: \'Courier New\', monospace; margin: 10px 0;\">\n            <pre><code># 1. Bỏ qua hằng số\nO(3n + 5) = O(n)\n\n# 2. Lấy số hạng lớn nhất\nO(n² + n + 1) = O(n²)\n\n# 3. Nhân các vòng lặp lồng nhau\nfor i in range(n):      # O(n)\n    for j in range(n):  # O(n)\n        print(i, j)     # Tổng: O(n²)\n\n# 4. Cộng các đoạn code tuần tự\nlinear_search(arr)      # O(n)\nbubble_sort(arr)        # O(n²)\n# Tổng: O(n) + O(n²) = O(n²)</code></pre>\n        </div>\n    </section>\n\n    <section id=\"examples\">\n        <h2 style=\"color: #e74c3c; margin: 25px 0 15px 0;\">6. 💡 Ví dụ thực hành</h2>\n        \n        <h3 style=\"color: #34495e; margin: 20px 0 10px 0;\">Bài toán: Tìm cặp số có tổng bằng target</h3>\n        <div style=\"background: #fff3cd; border-left: 4px solid #ffc107; padding: 15px; margin: 15px 0;\">\n            <p><strong>Đề bài:</strong> Cho mảng số nguyên và một số target, tìm hai số trong mảng có tổng bằng target.</p>\n        </div>\n\n        <h4 style=\"color: #7f8c8d; margin: 15px 0 10px 0;\">❌ Giải pháp Brute Force - O(n²)</h4>\n        <div style=\"background: #2c3e50; color: #ecf0f1; padding: 15px; border-radius: 5px; font-family: \'Courier New\', monospace; margin: 10px 0;\">\n            <pre><code>def two_sum_brute_force(nums, target):\n    \"\"\"Thời gian: O(n²), Không gian: O(1)\"\"\"\n    n = len(nums)\n    \n    for i in range(n):              # O(n)\n        for j in range(i + 1, n):   # O(n)\n            if nums[i] + nums[j] == target:\n                return [i, j]\n    \n    return []\n\n# Test\nnums = [2, 7, 11, 15]\ntarget = 9\nresult = two_sum_brute_force(nums, target)\nprint(f\"Indices: {result}\")  # [0, 1]</code></pre>\n        </div>\n\n        <h4 style=\"color: #27ae60; margin: 15px 0 10px 0;\">✅ Giải pháp Hash Map - O(n)</h4>\n        <div style=\"background: #2c3e50; color: #ecf0f1; padding: 15px; border-radius: 5px; font-family: \'Courier New\', monospace; margin: 10px 0;\">\n            <pre><code>def two_sum_hash_map(nums, target):\n    \"\"\"Thời gian: O(n), Không gian: O(n)\"\"\"\n    seen = {}  # Hash map để lưu {value: index}\n    \n    for i, num in enumerate(nums):      # O(n)\n        complement = target - num\n        \n        if complement in seen:          # O(1) lookup\n            return [seen[complement], i]\n        \n        seen[num] = i                   # O(1) insert\n    \n    return []\n\n# Test\nnums = [2, 7, 11, 15]\ntarget = 9\nresult = two_sum_hash_map(nums, target)\nprint(f\"Indices: {result}\")  # [0, 1]\n\n# Phân tích:\n# - Thời gian: O(n) - chỉ duyệt mảng 1 lần\n# - Không gian: O(n) - hash map lưu tối đa n phần tử</code></pre>\n        </div>\n\n        <h3 style=\"color: #34495e; margin: 20px 0 10px 0;\">So sánh hiệu suất</h3>\n        <div style=\"background: #f8f9fa; padding: 20px; border-radius: 8px; margin: 20px 0;\">\n            <table style=\"width: 100%; border-collapse: collapse;\">\n                <tr style=\"background: #e9ecef;\">\n                    <th style=\"padding: 12px; border: 1px solid #dee2e6;\">Kích thước mảng</th>\n                    <th style=\"padding: 12px; border: 1px solid #dee2e6;\">Brute Force O(n²)</th>\n                    <th style=\"padding: 12px; border: 1px solid #dee2e6;\">Hash Map O(n)</th>\n                </tr>\n                <tr>\n                    <td style=\"padding: 12px; border: 1px solid #dee2e6;\">100</td>\n                    <td style=\"padding: 12px; border: 1px solid #dee2e6; color: #dc3545;\">10,000 operations</td>\n                    <td style=\"padding: 12px; border: 1px solid #dee2e6; color: #28a745;\">100 operations</td>\n                </tr>\n                <tr style=\"background: #f8f9fa;\">\n                    <td style=\"padding: 12px; border: 1px solid #dee2e6;\">1,000</td>\n                    <td style=\"padding: 12px; border: 1px solid #dee2e6; color: #dc3545;\">1,000,000 operations</td>\n                    <td style=\"padding: 12px; border: 1px solid #dee2e6; color: #28a745;\">1,000 operations</td>\n                </tr>\n                <tr>\n                    <td style=\"padding: 12px; border: 1px solid #dee2e6;\">10,000</td>\n                    <td style=\"padding: 12px; border: 1px solid #dee2e6; color: #dc3545;\">100,000,000 operations</td>\n                    <td style=\"padding: 12px; border: 1px solid #dee2e6; color: #28a745;\">10,000 operations</td>\n                </tr>\n            </table>\n        </div>\n    </section>\n\n    <section id=\"tips\">\n        <h2 style=\"color: #e74c3c; margin: 25px 0 15px 0;\">7. 🎯 Mẹo thi đấu</h2>\n        \n        <div style=\"display: grid; grid-template-columns: repeat(auto-fit, minmax(300px, 1fr)); gap: 20px; margin: 20px 0;\">\n            <div style=\"background: #d4edda; border-left: 4px solid #28a745; padding: 15px; border-radius: 5px;\">\n                <h3 style=\"color: #155724; margin-bottom: 10px;\">⚡ Constraints Analysis</h3>\n                <ul style=\"padding-left: 20px; color: #155724;\">\n                    <li>n ≤ 10: O(n!) có thể</li>\n                    <li>n ≤ 20: O(2ⁿ) có thể</li>\n                    <li>n ≤ 500: O(n³) có thể</li>\n                    <li>n ≤ 5000: O(n²) có thể</li>\n                    <li>n ≤ 10⁶: O(n log n) hoặc O(n)</li>\n                    <li>n ≤ 10⁸: O(log n) hoặc O(1)</li>\n                </ul>\n            </div>\n            \n            <div style=\"background: #cce5ff; border-left: 4px solid #007bff; padding: 15px; border-radius: 5px;\">\n                <h3 style=\"color: #004085; margin-bottom: 10px;\">🔍 Debug Techniques</h3>\n                <ul style=\"padding-left: 20px; color: #004085;\">\n                    <li>Print intermediate values</li>\n                    <li>Test với input nhỏ</li>\n                    <li>Kiểm tra edge cases</li>\n                    <li>Verify logic step by step</li>\n                    <li>Use sample test cases</li>\n                </ul>\n            </div>\n        </div>\n\n        <div style=\"background: #2c3e50; color: #ecf0f1; padding: 15px; border-radius: 5px; font-family: \'Courier New\', monospace; margin: 20px 0;\">\n            <pre><code># Template cơ bản cho CP\ndef solve():\n    # Đọc input\n    n = int(input())\n    arr = list(map(int, input().split()))\n    \n    # Xử lý logic\n    result = process(arr)\n    \n    # Output kết quả\n    print(result)\n\ndef process(arr):\n    # TODO: Implement solution\n    pass\n\n# Chạy nhiều test case\nt = int(input())\nfor _ in range(t):\n    solve()</code></pre>\n        </div>\n    </section>\n\n    <div style=\"background: linear-gradient(135deg, #ff6b6b 0%, #ee5a24 100%); color: white; padding: 20px; border-radius: 10px; margin-top: 40px; text-align: center;\">\n        <h2 style=\"margin-bottom: 10px;\">🎓 Tổng kết</h2>\n        <p>Việc hiểu rõ độ phức tạp thuật toán là nền tảng quan trọng nhất trong lập trình thi đấu. Nó giúp bạn chọn đúng approach và tránh Time Limit Exceeded!</p>\n        <p style=\"margin-top: 15px;\"><strong>Bước tiếp theo:</strong> Thực hành với các bài toán cơ bản và phân tích complexity của từng solution! 🚀</p>\n    </div>\n\n    <div style=\"margin-top: 30px; padding: 15px; background: #f8f9fa; border-radius: 8px; border-left: 4px solid #3498db;\">\n        <h3 style=\"color: #2c3e50; margin-bottom: 10px;\">📚 Resources để luyện tập</h3>\n        <ul style=\"color: #34495e;\">\n            <li><strong>Codeforces Problemset:</strong> Bài tập từ dễ đến khó</li>\n            <li><strong>CP-Algorithms:</strong> Tài liệu thuật toán chi tiết</li>\n            <li><strong>LeetCode Explore:</strong> Các chủ đề cấu trúc dữ liệu</li>\n            <li><strong>AtCoder Beginner Contest:</strong> Contest cho người mới</li>\n        </ul>\n    </div>\n</div>','2025-06-11 04:41:12.368116','Giới thiệu Lập trình thi đấu và Phân tích độ phức tạp','2025-06-11 04:41:12.368116',NULL,'d8e8bc8f-fe15-4b42-b0ab-a21388924668','Tìm hiểu về lập trình thi đấu, các nền tảng phổ biến và cách phân tích độ phức tạp thời gian, không gian của thuật toán để tối ưu hóa hiệu suất code.'),('3ede6730-2889-4e62-90d9-d02639dbe2c8','https://example.com/updated-attachment.pdf','<div class=\"lesson-content\">\n    <h2>🔐 Mật mã học cơ bản và Thuật toán mã hóa</h2>\n    \n    <h3>1. Khái niệm cơ bản</h3>\n    <p><strong>Mật mã học (Cryptography)</strong> là khoa học nghiên cứu các phương pháp bảo mật thông tin thông qua việc biến đổi dữ liệu gốc thành dạng không thể đọc được bởi những người không được phép.</p>\n    \n    <div class=\"definition-box\" style=\"background: #f0f8ff; padding: 15px; border-left: 4px solid #007acc; margin: 15px 0;\">\n        <h4>Các thuật ngữ quan trọng:</h4>\n        <ul>\n            <li><strong>Plaintext (P):</strong> Văn bản gốc, dữ liệu chưa được mã hóa</li>\n            <li><strong>Ciphertext (C):</strong> Văn bản đã được mã hóa</li>\n            <li><strong>Key (K):</strong> Khóa dùng để mã hóa và giải mã</li>\n            <li><strong>Encryption (E):</strong> Quá trình mã hóa: $C = E_K(P)$</li>\n            <li><strong>Decryption (D):</strong> Quá trình giải mã: $P = D_K(C)$</li>\n        </ul>\n    </div>\n\n    <h3>2. Mã hóa đối xứng (Symmetric Encryption)</h3>\n    <p>Sử dụng cùng một khóa cho cả quá trình mã hóa và giải mã.</p>\n    \n    <div class=\"formula-box\" style=\"background: #fffacd; padding: 15px; border: 2px solid #daa520; margin: 15px 0; text-align: center;\">\n        <p><strong>Công thức cơ bản:</strong></p>\n        <p>$C = E_K(P)$ và $P = D_K(C)$ với cùng khóa $K$</p>\n    </div>\n    \n    <div class=\"example-box\" style=\"background: #f5f5f5; padding: 15px; border-radius: 8px; margin: 15px 0;\">\n        <h4>Ví dụ: Caesar Cipher</h4>\n        <p>Mã hóa bằng cách dịch chuyển các ký tự trong bảng chữ cái.</p>\n        <p><strong>Công thức:</strong> $C_i = (P_i + K) \\bmod 26$</p>\n        <p><strong>Ví dụ với K = 3:</strong></p>\n        <ul>\n            <li>A (0) → D (3), B (1) → E (4), C (2) → F (5)</li>\n            <li>\"HELLO\" → \"KHOOR\"</li>\n        </ul>\n        <p><strong>Giải mã:</strong> $P_i = (C_i - K) \\bmod 26$</p>\n    </div>\n\n    <h4>2.1 Thuật toán AES (Advanced Encryption Standard)</h4>\n    <p>AES là tiêu chuẩn mã hóa hiện đại, sử dụng khóa 128, 192 hoặc 256 bit.</p>\n    <div style=\"background: #e8f5e8; padding: 15px; margin: 15px 0; border-radius: 5px;\">\n        <p><strong>Các bước chính của AES:</strong></p>\n        <ol>\n            <li><strong>SubBytes:</strong> Thay thế byte bằng S-box</li>\n            <li><strong>ShiftRows:</strong> Dịch chuyển hàng</li>\n            <li><strong>MixColumns:</strong> Trộn cột (trừ vòng cuối)</li>\n            <li><strong>AddRoundKey:</strong> XOR với khóa vòng</li>\n        </ol>\n        <p><strong>Số vòng:</strong> AES-128 (10 vòng), AES-192 (12 vòng), AES-256 (14 vòng)</p>\n    </div>\n\n    <h3>3. Mã hóa bất đối xứng (Asymmetric Encryption)</h3>\n    <p>Sử dụng cặp khóa: khóa công khai và khóa riêng.</p>\n    \n    <div class=\"example-box\" style=\"background: #fff0f5; padding: 15px; border-radius: 8px; margin: 15px 0;\">\n        <h4>Ví dụ: RSA Algorithm</h4>\n        <p><strong>Tạo khóa RSA:</strong></p>\n        <ol>\n            <li>Chọn 2 số nguyên tố: $p = 11, q = 13$</li>\n            <li>Tính $n = p \\times q = 143$</li>\n            <li>Tính $\\phi(n) = (p-1)(q-1) = 120$</li>\n            <li>Chọn $e = 7$ (gcd(e, φ(n)) = 1)</li>\n            <li>Tính $d$: $e \\times d \\equiv 1 \\pmod{\\phi(n)}$</li>\n            <li>$d = 103$ (vì $7 \\times 103 = 721 \\equiv 1 \\pmod{120}$)</li>\n        </ol>\n        <p><strong>Khóa công khai:</strong> $(e, n) = (7, 143)$</p>\n        <p><strong>Khóa riêng:</strong> $(d, n) = (103, 143)$</p>\n        \n        <div style=\"background: #f0f0f0; padding: 10px; margin: 10px 0; text-align: center;\">\n            <p><strong>Mã hóa:</strong> $C = P^e \\bmod n$</p>\n            <p><strong>Giải mã:</strong> $P = C^d \\bmod n$</p>\n        </div>\n    </div>\n\n    <h3>4. So sánh và ứng dụng</h3>\n    <table style=\"width: 100%; border-collapse: collapse; margin: 20px 0;\">\n        <tr style=\"background: #f2f2f2;\">\n            <th style=\"border: 1px solid #ddd; padding: 12px; text-align: left;\">Tiêu chí</th>\n            <th style=\"border: 1px solid #ddd; padding: 12px; text-align: left;\">Mã hóa đối xứng</th>\n            <th style=\"border: 1px solid #ddd; padding: 12px; text-align: left;\">Mã hóa bất đối xứng</th>\n        </tr>\n        <tr>\n            <td style=\"border: 1px solid #ddd; padding: 12px;\">Tốc độ</td>\n            <td style=\"border: 1px solid #ddd; padding: 12px;\">Nhanh</td>\n            <td style=\"border: 1px solid #ddd; padding: 12px;\">Chậm</td>\n        </tr>\n        <tr>\n            <td style=\"border: 1px solid #ddd; padding: 12px;\">Quản lý khóa</td>\n            <td style=\"border: 1px solid #ddd; padding: 12px;\">Khó khăn với nhiều người</td>\n            <td style=\"border: 1px solid #ddd; padding: 12px;\">Dễ dàng</td>\n        </tr>\n        <tr>\n            <td style=\"border: 1px solid #ddd; padding: 12px;\">Ứng dụng</td>\n            <td style=\"border: 1px solid #ddd; padding: 12px;\">Mã hóa dữ liệu lớn</td>\n            <td style=\"border: 1px solid #ddd; padding: 12px;\">Trao đổi khóa, chữ ký số</td>\n        </tr>\n    </table>\n\n    <h3>5. Bài tập thực hành</h3>\n    <div style=\"background: #fff8dc; padding: 15px; border-radius: 8px; margin: 15px 0;\">\n        <p><strong>Bài tập 1:</strong> Sử dụng Caesar Cipher với K=5, mã hóa chuỗi \"SECURITY\"</p>\n        <p><strong>Bài tập 2:</strong> Với RSA có n=15, e=3, d=3, mã hóa số 2</p>\n        <p><strong>Gợi ý:</strong> Sử dụng công thức đã học và tính toán từng bước</p>\n    </div>\n</div>','2025-05-30 11:11:34.117690','Mật mã học cơ bản và Thuật toán mã hóa','2025-06-11 04:01:15.863892','https://example.com/updated-video.mp4','ea0c7864-91d9-420b-91d4-d22aeafa8dc1','Bài học này giới thiệu các khái niệm cơ bản về mật mã học, phân loại các thuật toán mã hóa đối xứng và bất đối xứng, cùng với các ví dụ thực tế và công thức toán học.'),('42833f5d-b486-445e-8276-1a8a4579c841',NULL,'<div style=\"font-family: \'Segoe UI\', Arial, sans-serif; line-height: 1.6; color: #333;\">\n    <h2 style=\"color: #2c3e50; border-bottom: 3px solid #e74c3c; padding-bottom: 10px;\">I. Xác suất có điều kiện</h2>\n    \n    <p style=\"font-size: 16px; margin-bottom: 15px;\">\n        <strong>Xác suất có điều kiện</strong> P(A|B) là xác suất xảy ra biến cố A khi biết biến cố B đã xảy ra.\n    </p>\n    \n    <div style=\"background: #ffeaa7; padding: 20px; border-left: 5px solid #fdcb6e; margin: 20px 0;\">\n        <h4 style=\"color: #6c5ce7; margin-top: 0;\">Công thức:</h4>\n        <p style=\"text-align: center; font-size: 20px; color: #2d3436;\">\n            <strong>P(A|B) = P(A ∩ B) / P(B)</strong>\n        </p>\n        <p style=\"margin-bottom: 0;\">Điều kiện: P(B) > 0</p>\n    </div>\n    \n    <h3 style=\"color: #00b894; margin-top: 30px;\">II. Biến cố độc lập</h3>\n    \n    <div style=\"display: flex; gap: 20px; margin: 20px 0;\">\n        <div style=\"flex: 1; background: #d1ecf1; padding: 20px; border-radius: 8px;\">\n            <h4 style=\"color: #0c5460; margin-top: 0;\">Biến cố độc lập</h4>\n            <p>Hai biến cố A và B độc lập nếu:</p>\n            <ul>\n                <li>P(A|B) = P(A)</li>\n                <li>P(B|A) = P(B)</li>\n                <li>P(A ∩ B) = P(A) × P(B)</li>\n            </ul>\n        </div>\n        <div style=\"flex: 1; background: #f8d7da; padding: 20px; border-radius: 8px;\">\n            <h4 style=\"color: #721c24; margin-top: 0;\">Biến cố phụ thuộc</h4>\n            <p>Hai biến cố A và B phụ thuộc nếu:</p>\n            <ul>\n                <li>P(A|B) ≠ P(A)</li>\n                <li>P(B|A) ≠ P(B)</li>\n                <li>P(A ∩ B) ≠ P(A) × P(B)</li>\n            </ul>\n        </div>\n    </div>\n    \n    <h3 style=\"color: #6c5ce7; margin-top: 30px;\">III. Công thức Bayes</h3>\n    \n    <div style=\"background: #e8f4f8; padding: 25px; border-radius: 10px; margin: 20px 0;\">\n        <h4 style=\"color: #1e3a8a; margin-top: 0;\">Công thức Bayes tổng quát:</h4>\n        <p style=\"text-align: center; font-size: 18px; color: #1e3a8a;\">\n            <strong>P(A|B) = [P(B|A) × P(A)] / P(B)</strong>\n        </p>\n        <p style=\"margin-bottom: 0;\">\n            Trong đó:\n        </p>\n        <ul style=\"margin-top: 10px;\">\n            <li><strong>P(A|B):</strong> Xác suất hậu nghiệm</li>\n            <li><strong>P(B|A):</strong> Likelihood (khả năng)</li>\n            <li><strong>P(A):</strong> Xác suất tiên nghiệm</li>\n            <li><strong>P(B):</strong> Xác suất biên</li>\n        </ul>\n    </div>\n    \n    <h3 style=\"color: #e17055; margin-top: 30px;\">IV. Ví dụ thực tế</h3>\n    \n    <div style=\"background: #fff; border: 2px solid #ddd; padding: 20px; border-radius: 8px; margin: 20px 0;\">\n        <h4 style=\"color: #2d3436;\">Bài toán: Xét nghiệm y tế</h4>\n        <p><strong>Tình huống:</strong> Một xét nghiệm phát hiện bệnh có độ chính xác 95%.</p>\n        <ul>\n            <li>Tỷ lệ mắc bệnh trong dân số: 1%</li>\n            <li>Xác suất xét nghiệm dương tính khi có bệnh: 95%</li>\n            <li>Xác suất xét nghiệm dương tính khi không có bệnh: 5%</li>\n        </ul>\n        \n        <p><strong>Câu hỏi:</strong> Nếu xét nghiệm dương tính, xác suất thực sự mắc bệnh là bao nhiêu?</p>\n        \n        <div style=\"background: #f1f3f4; padding: 15px; border-radius: 5px; margin-top: 15px;\">\n            <h5 style=\"color: #1a73e8;\">Lời giải:</h5>\n            <p>Gọi A = \"Mắc bệnh\", B = \"Xét nghiệm dương tính\"</p>\n            <p>• P(A) = 0.01</p>\n            <p>• P(B|A) = 0.95</p>\n            <p>• P(B|A\') = 0.05</p>\n            <p>• P(B) = P(B|A)×P(A) + P(B|A\')×P(A\') = 0.95×0.01 + 0.05×0.99 = 0.059</p>\n            <p><strong>P(A|B) = (0.95 × 0.01) / 0.059 ≈ 0.161 = 16.1%</strong></p>\n        </div>\n    </div>\n    \n    <div style=\"background: #ffe8e6; padding: 20px; border-radius: 8px; margin: 20px 0;\">\n        <h4 style=\"color: #d73502;\">Bài tập luyện tập</h4>\n        <p>Một nhà máy có 3 máy sản xuất A, B, C với tỷ lệ sản phẩm lỗi lần lượt là 2%, 3%, 5%. \n        Máy A sản xuất 50% tổng sản phẩm, máy B sản xuất 30%, máy C sản xuất 20%. \n        Lấy ngẫu nhiên 1 sản phẩm thấy lỗi. Tính xác suất sản phẩm đó do máy A sản xuất.</p>\n    </div>\n</div>','2025-06-10 16:30:50.957964','Xác suất có điều kiện và công thức Bayes','2025-06-10 16:30:50.957964',NULL,'bcd913e4-9ece-4a0f-83c5-5e365f4a25d4','Học về xác suất có điều kiện, biến cố độc lập và ứng dụng công thức Bayes trong thực tế.'),('458f5212-8a27-458a-baa2-d0c5099a7ff8',NULL,'<div style=\"font-family: Arial, sans-serif; line-height: 1.6; max-width: 800px; margin: 0 auto; padding: 20px; background: #fdfdfd; color: #333; border-radius: 12px; border: 1px solid #ddd\">\n  <style>\n    h1, h2, h3 {\n      color: #2c3e50;\n    }\n    p {\n      margin-bottom: 12px;\n    }\n    ul {\n      margin: 8px 0 16px 20px;\n    }\n    code {\n      background: #f4f4f4;\n      padding: 2px 6px;\n      border-radius: 4px;\n      font-size: 0.95em;\n    }\n    .katex-block {\n      margin: 12px 0;\n    }\n  </style>\n\n  <h1>Bài học Figma 1: Làm quen với Figma và thiết kế giao diện UX/UI</h1>\n\n  <h2>🎨 1. Giới thiệu</h2>\n  <p>Figma là công cụ thiết kế giao diện trực tuyến mạnh mẽ, cho phép nhiều người cùng thao tác và chỉnh sửa trong thời gian thực. Đây là công cụ phổ biến cho các nhà thiết kế UI/UX, lập trình viên và đội ngũ phát triển sản phẩm.</p>\n\n  <h2>📝 2. Figma là gì?</h2>\n  <ul>\n    <li>Là công cụ thiết kế vector dạng web-based.</li>\n    <li>Hỗ trợ thiết kế giao diện web, mobile app và prototype tương tác.</li>\n    <li>Làm việc trên trình duyệt, không cần cài đặt phần mềm.</li>\n  </ul>\n\n  <h2>🛠️ 3. Các thao tác cơ bản trên Figma</h2>\n  <ul>\n    <li><strong>Tạo Frame:</strong> Nhấn <code>F</code> để tạo vùng giao diện thiết kế (màn hình app, web, v.v.).</li>\n    <li><strong>Vẽ hình khối:</strong> Nhấn <code>R</code> (Rectangle), <code>L</code> (Line), <code>O</code> (Oval).</li>\n    <li><strong>Chèn Text:</strong> Nhấn <code>T</code> để thêm văn bản vào giao diện.</li>\n    <li><strong>Nhóm các đối tượng:</strong> Chọn nhiều đối tượng rồi nhấn <code>Ctrl+G</code> (hoặc <code>Cmd+G</code>).</li>\n    <li><strong>Xuất ảnh:</strong> Chọn đối tượng → <code>Export</code> panel → Chọn định dạng PNG/JPG/SVG.</li>\n  </ul>\n\n  <h2>✨ 4. Nguyên tắc cơ bản trong thiết kế UX/UI</h2>\n  <p>Để thiết kế giao diện tốt, cần tuân thủ một số nguyên tắc cơ bản:</p>\n  <ul>\n    <li>Giao diện rõ ràng, dễ sử dụng.</li>\n    <li>Điều hướng thuận tiện, trực quan.</li>\n    <li>Ưu tiên trải nghiệm người dùng (UX) trước giao diện đẹp (UI).</li>\n    <li>Chú trọng tới khả năng đọc, độ tương phản màu sắc.</li>\n    <li>Sử dụng khoảng trắng hợp lý giúp giao diện thông thoáng.</li>\n  </ul>\n\n  <h3>📏 Công thức kích thước chữ khuyến nghị:</h3>\n  <div class=\"katex-block\">\n    $$ \\text{Kích thước chữ đề xuất (px)} = \\text{Chiều rộng Frame (px)} \\times 0.05 $$\n  </div>\n  <p>Ví dụ: Nếu màn hình thiết kế có chiều rộng 375px thì kích thước chữ đề xuất:</p>\n  <div class=\"katex-block\">\n    $$ 375 \\times 0.05 = 18.75px $$\n  </div>\n\n  <h2>📌 5. Bài tập thực hành</h2>\n  <p>Tạo một thiết kế giao diện mobile đơn giản gồm:</p>\n  <ul>\n    <li>Màn hình đăng nhập: logo, input email, input password, nút đăng nhập.</li>\n    <li>Màn hình chính: header, danh sách sản phẩm dạng card.</li>\n  </ul>\n\n  <h2>🎁 6. Tổng kết</h2>\n  <p>Sau bài học này, bạn đã nắm được thao tác cơ bản trong Figma và hiểu được những nguyên tắc quan trọng khi thiết kế giao diện hướng đến trải nghiệm người dùng.</p>\n\n</div>\n','2025-06-11 15:54:59.809254','Figma 1','2025-06-11 15:54:59.809254',NULL,'ce25b107-8531-42d7-9ded-d73354a31fe2','Làm quen với figma và cách thiết kế giao diện phục vụ trải nghiệm người dùng.'),('49cf4a26-a48d-46f6-a94e-d70f4384f8d2',NULL,'<div style=\"max-width: 800px; margin: 0 auto; padding: 20px; font-family: \'Segoe UI\', Tahoma, Geneva, Verdana, sans-serif; line-height: 1.6; color: #333;\">\n  <h1 style=\"color: #2c3e50; border-bottom: 3px solid #e74c3c; padding-bottom: 10px; margin-bottom: 30px;\">\n    🛠️ Thiết lập Môi trường Phát triển Web với Java\n  </h1>\n\n  <div style=\"background: linear-gradient(135deg, #ff6b6b 0%, #ee5a24 100%); color: white; padding: 20px; border-radius: 10px; margin-bottom: 30px;\">\n    <h2 style=\"margin-bottom: 10px;\">Xây dựng nền tảng cho dự án web đầu tiên!</h2>\n    <p>Học cách cài đặt JDK, Apache Tomcat và tạo dự án web cơ bản.</p>\n  </div>\n\n  <section>\n    <h2 style=\"color: #e74c3c; margin: 25px 0 15px 0;\">📚 Mục tiêu học tập</h2>\n    <div style=\"background: #f8f9fa; padding: 20px; border-radius: 8px; margin-bottom: 30px;\">\n      <ul style=\"padding-left: 20px; color: #34495e;\">\n        <li>Cài đặt và cấu hình JDK và Apache Tomcat.</li>\n        <li>Tạo một dự án Java Web đầu tiên.</li>\n        <li>Chạy ứng dụng web trên localhost.</li>\n      </ul>\n    </div>\n  </section>\n\n  <section>\n    <h2 style=\"color: #e74c3c; margin: 25px 0 15px 0;\">🗂️ Cấu trúc dự án web</h2>\n    <div style=\"background: #fff3cd; border-left: 4px solid #ffc107; padding: 15px; margin: 15px 0;\">\n      <p>Một dự án Java Web cơ bản có cấu trúc thư mục như sau:</p>\n      <p>\\[\n      \\text{project-root}/\n      \\begin{cases}\n        \\text{src}/ & \\text{Chứa mã nguồn Java} \\\\\n        \\text{web}/ & \\text{Chứa các file JSP, HTML, CSS} \\\\\n        \\text{WEB-INF}/ & \\text{Chứa file cấu hình web.xml}\n      \\end{cases}\n      \\]</p>\n      <p>Sau khi thiết lập, ứng dụng có thể chạy trên <code>http://localhost:8080/your-project</code>.</p>\n    </div>\n  </section>\n\n  <section>\n    <h2 style=\"color: #e74c3c; margin: 25px 0 15px 0;\">💻 Ví dụ cấu hình web.xml</h2>\n    <div style=\"background: #2c3e50; color: #ecf0f1; padding: 15px; border-radius: 5px; font-family: \'Courier New\', monospace; margin: 10px 0;\">\n      <pre><code>\n<web-app>\n    <servlet>\n        <servlet-name>HelloServlet</servlet-name>\n        <servlet-class>com.example.HelloServlet</servlet-class>\n    </servlet>\n    <servlet-mapping>\n        <servlet-name>HelloServlet</servlet-name>\n        <url-pattern>/hello</url-pattern>\n    </servlet-mapping>\n</web-app>\n      </code></pre>\n    </div>\n    <p style=\"color: #34495e;\">File <code>web.xml</code> định nghĩa ánh xạ giữa URL và Servlet, giúp server biết cách xử lý yêu cầu.</p>\n  </section>\n\n  <div style=\"background: #d4edda; border-left: 4px solid #28a745; padding: 15px; border-radius: 5px; margin: 20px 0;\">\n    <h3 style=\"color: #155724; margin-bottom: 10px;\">💡 Mẹo thiết lập</h3>\n    <ul style=\"padding-left: 20px; color: #155724;\">\n      <li>Sử dụng IDE như IntelliJ IDEA để tự động cấu hình Tomcat.</li>\n      <li>Kiểm tra phiên bản JDK và Tomcat tương thích.</li>\n      <li>Đảm bảo cổng 8080 không bị chiếm dụng.</li>\n    </ul>\n  </div>\n\n  <div style=\"background: linear-gradient(135deg, #ff6b6b 0%, #ee5a24 100%); color: white; padding: 20px; border-radius: 10px; margin-top: 40px; text-align: center;\">\n    <h2 style=\"margin-bottom: 10px;\">🎯 Tổng kết</h2>\n    <p>Bạn đã sẵn sàng với môi trường phát triển Java Web! Hãy bắt đầu xây dựng ứng dụng đầu tiên của mình.</p>\n  </div>\n</div>','2025-06-11 04:54:54.905688','Thiết lập Môi trường Phát triển Web với Java','2025-06-11 04:54:54.905688',NULL,'d8e8bc8f-fe15-4b42-b0ab-a21388924668','Học cách cài đặt JDK, Apache Tomcat và tạo dự án web cơ bản.'),('526ba383-a7fd-467a-b423-9fb90937fabc',NULL,'<div style=\"font-family: \'Segoe UI\', Arial, sans-serif; line-height: 1.6; color: #333;\">\n    <h2 style=\"color: #2c3e50; border-bottom: 3px solid #3498db; padding-bottom: 10px;\">I. Khái niệm xác suất</h2>\n    \n    <p style=\"font-size: 16px; margin-bottom: 15px;\">\n        <strong>Xác suất</strong> là một con số biểu thị mức độ có thể xảy ra của một biến cố ngẫu nhiên. \n        Xác suất được ký hiệu là P(A) với A là biến cố cần tính xác suất.\n    </p>\n    \n    <div style=\"background: #ecf0f1; padding: 20px; border-left: 5px solid #3498db; margin: 20px 0;\">\n        <h4 style=\"color: #2c3e50; margin-top: 0;\">Tính chất cơ bản:</h4>\n        <ul style=\"margin: 10px 0;\">\n            <li>0 ≤ P(A) ≤ 1</li>\n            <li>P(Ω) = 1 (Ω là không gian mẫu)</li>\n            <li>P(∅) = 0 (∅ là biến cố không thể)</li>\n        </ul>\n    </div>\n    \n    <h3 style=\"color: #27ae60; margin-top: 30px;\">II. Không gian mẫu và biến cố</h3>\n    \n    <table style=\"width: 100%; border-collapse: collapse; margin: 20px 0;\">\n        <tr style=\"background: #3498db; color: white;\">\n            <th style=\"padding: 12px; border: 1px solid #ddd;\">Khái niệm</th>\n            <th style=\"padding: 12px; border: 1px solid #ddd;\">Định nghĩa</th>\n            <th style=\"padding: 12px; border: 1px solid #ddd;\">Ví dụ</th>\n        </tr>\n        <tr>\n            <td style=\"padding: 12px; border: 1px solid #ddd;\"><strong>Không gian mẫu (Ω)</strong></td>\n            <td style=\"padding: 12px; border: 1px solid #ddd;\">Tập hợp tất cả các kết quả có thể xảy ra</td>\n            <td style=\"padding: 12px; border: 1px solid #ddd;\">Tung xúc xắc: Ω = {1, 2, 3, 4, 5, 6}</td>\n        </tr>\n        <tr style=\"background: #f8f9fa;\">\n            <td style=\"padding: 12px; border: 1px solid #ddd;\"><strong>Biến cố (A)</strong></td>\n            <td style=\"padding: 12px; border: 1px solid #ddd;\">Tập con của không gian mẫu</td>\n            <td style=\"padding: 12px; border: 1px solid #ddd;\">A = \"Tung được số chẵn\" = {2, 4, 6}</td>\n        </tr>\n    </table>\n    \n    <h3 style=\"color: #e74c3c; margin-top: 30px;\">III. Công thức tính xác suất cơ bản</h3>\n    \n    <div style=\"background: #fff3cd; border: 1px solid #ffeaa7; padding: 20px; border-radius: 8px; margin: 20px 0;\">\n        <h4 style=\"color: #856404; margin-top: 0;\">Công thức xác suất cổ điển:</h4>\n        <p style=\"text-align: center; font-size: 18px; color: #856404;\">\n            <strong>P(A) = |A| / |Ω|</strong>\n        </p>\n        <p style=\"margin-bottom: 0;\">\n            Trong đó: |A| là số phần tử thuận lợi cho biến cố A, |Ω| là tổng số phần tử của không gian mẫu.\n        </p>\n    </div>\n    \n    <h3 style=\"color: #9b59b6; margin-top: 30px;\">IV. Ví dụ minh họa</h3>\n    \n    <div style=\"background: #f8f9fa; padding: 20px; border-radius: 8px; margin: 20px 0;\">\n        <h4 style=\"color: #495057;\">Bài toán: Tung một đồng xu cân đối</h4>\n        <p><strong>Không gian mẫu:</strong> Ω = {Sấp, Ngửa}</p>\n        <p><strong>Biến cố A:</strong> \"Tung được mặt sấp\"</p>\n        <p><strong>Xác suất:</strong> P(A) = 1/2 = 0.5 = 50%</p>\n    </div>\n    \n    <div style=\"background: #e8f5e8; padding: 20px; border-radius: 8px; margin: 20px 0;\">\n        <h4 style=\"color: #2d5016;\">Bài tập tự luyện:</h4>\n        <p>Một hộp có 10 viên bi, trong đó có 4 viên bi đỏ, 3 viên bi xanh và 3 viên bi vàng. \n        Lấy ngẫu nhiên 1 viên bi. Tính xác suất để lấy được viên bi đỏ.</p>\n        <details style=\"margin-top: 10px;\">\n            <summary style=\"cursor: pointer; color: #2d5016;\"><strong>Xem đáp án</strong></summary>\n            <p style=\"margin-top: 10px;\">P(bi đỏ) = 4/10 = 0.4 = 40%</p>\n        </details>\n    </div>\n</div>','2025-06-10 16:17:37.062490','Khái niệm cơ bản về xác suất','2025-06-10 16:30:28.363211',NULL,'bcd913e4-9ece-4a0f-83c5-5e365f4a25d4','Giới thiệu các khái niệm cơ bản về xác suất, không gian mẫu, biến cố và các tính chất của xác suất.'),('5580db9e-0151-4a64-a3fb-d55e9a2829cf',NULL,'<div class=\"lesson-content\">\n    <style>\n        .lesson-content {\n            font-family: \'Inter\', Arial, sans-serif;\n            line-height: 1.8;\n            max-width: 900px;\n            margin: 0 auto;\n            padding: 30px;\n            color: #2c3e50;\n            background-color: #ffffff;\n            border-radius: 12px;\n            box-shadow: 0 4px 12px rgba(0,0,0,0.1);\n            transition: all 0.3s ease;\n        }\n        .lesson-content h1 {\n            color: #1a5276;\n            font-size: 2.2em;\n            text-align: center;\n            margin-bottom: 20px;\n            font-weight: 700;\n        }\n        .lesson-content h2 {\n            color: #34495e;\n            font-size: 1.6em;\n            margin-top: 30px;\n            margin-bottom: 15px;\n            font-weight: 600;\n            border-left: 4px solid #3498db;\n            padding-left: 15px;\n        }\n        .lesson-content p {\n            font-size: 1.1em;\n            margin-bottom: 20px;\n            color: #4a4a4a;\n        }\n        .lesson-content ul {\n            margin: 15px 0;\n            padding-left: 30px;\n            list-style-type: disc;\n        }\n        .lesson-content ul li {\n            margin-bottom: 10px;\n            font-size: 1.05em;\n        }\n        .lesson-content .highlight {\n            color: #e74c3c;\n            font-weight: 700;\n            background-color: #fce4e4;\n            padding: 2px 6px;\n            border-radius: 4px;\n        }\n        .lesson-content strong {\n            color: #2c3e50;\n            font-weight: 600;\n        }\n        @media (max-width: 600px) {\n            .lesson-content {\n                padding: 20px;\n            }\n            .lesson-content h1 {\n                font-size: 1.8em;\n            }\n            .lesson-content h2 {\n                font-size: 1.4em;\n            }\n            .lesson-content p, .lesson-content ul li {\n                font-size: 1em;\n            }\n        }\n    </style>\n    <h1>Bài học 2: Nghiên cứu Người dùng và Xây dựng Persona</h1>\n    <p><strong>Mô tả ngắn:</strong> Bài học này tập trung vào việc hiểu người dùng thông qua các phương pháp nghiên cứu và cách xây dựng persona để định hình thiết kế UX/UI hiệu quả. Học viên sẽ học cách thu thập dữ liệu, phân tích nhu cầu người dùng và áp dụng vào quy trình thiết kế.</p>\n    \n    <h2>1. Tại sao cần nghiên cứu người dùng?</h2>\n    <p>Nghiên cứu người dùng là bước đầu tiên và quan trọng nhất trong quy trình UX. Hiểu rõ người dùng giúp bạn thiết kế sản phẩm đáp ứng đúng nhu cầu và mong đợi của họ.</p>\n    <ul>\n        <li><span class=\"highlight\">Mục tiêu:</span> Xác định hành vi, nhu cầu và vấn đề của người dùng.</li>\n        <li><span class=\"highlight\">Lợi ích:</span> Tăng tính thân thiện, giảm tỷ lệ người dùng rời bỏ và nâng cao trải nghiệm tổng thể.</li>\n    </ul>\n\n    <h2>2. Các phương pháp nghiên cứu người dùng</h2>\n    <p>Có nhiều cách để thu thập thông tin từ người dùng, bao gồm:</p>\n    <ul>\n        <li><span class=\"highlight\">Phỏng vấn:</span> Trò chuyện trực tiếp để hiểu sâu về nhu cầu và cảm nhận.</li>\n        <li><span class=\"highlight\">Khảo sát:</span> Thu thập dữ liệu từ một nhóm lớn người dùng thông qua câu hỏi trắc nghiệm hoặc mở.</li>\n        <li><span class=\"highlight\">Quan sát:</span> Theo dõi hành vi người dùng trong môi trường thực tế hoặc mô phỏng.</li>\n    </ul>\n\n    <h2>3. Xây dựng Persona</h2>\n    <p>Persona là một hồ sơ giả định đại diện cho nhóm người dùng mục tiêu. Nó giúp nhóm thiết kế tập trung vào nhu cầu cụ thể.</p>\n    <ul>\n        <li><span class=\"highlight\">Thông tin cần có:</span> Tên, độ tuổi, nghề nghiệp, mục tiêu, khó khăn, và hành vi.</li>\n        <li><span class=\"highlight\">Ví dụ:</span> \"Lan, 25 tuổi, nhân viên văn phòng, muốn một ứng dụng dễ dùng để quản lý công việc hàng ngày.\"</li>\n    </ul>\n\n    <h2>4. Ứng dụng vào thiết kế UX/UI</h2>\n    <p>Sử dụng dữ liệu nghiên cứu và persona để định hình giao diện và trải nghiệm người dùng, đảm bảo sản phẩm trực quan, dễ sử dụng và giải quyết đúng vấn đề của người dùng.</p>\n</div>','2025-06-11 12:52:16.490147','Nghiên cứu Người dùng và Xây dựng Persona','2025-06-11 12:52:16.490147',NULL,'d8e8bc8f-fe15-4b42-b0ab-a21388924668','Bài học này tập trung vào việc hiểu người dùng thông qua các phương pháp nghiên cứu và cách xây dựng persona để định hình thiết kế UX/UI hiệu quả. Học viên sẽ học cách thu thập dữ liệu, phân tích nhu cầu người dùng và áp dụng vào quy trình thiết kế.'),('656dc5c5-e586-444c-8163-c5c20054f2e7',NULL,'<div style=\"font-family: \'Segoe UI\', Arial, sans-serif; line-height: 1.6; color: #333;\">\n    <h2 style=\"color: #2c3e50; border-bottom: 3px solid #00b894; padding-bottom: 10px;\">I. Định lý giới hạn trung tâm và phân phối chuẩn</h2>\n    \n    <p style=\"font-size: 16px; margin-bottom: 15px;\">\n        <strong>Định lý giới hạn trung tâm (CLT)</strong> phát biểu rằng tổng (hoặc trung bình) của một số lượng lớn các biến ngẫu nhiên độc lập sẽ xấp xỉ phân phối chuẩn, bất kể phân phối gốc của chúng.\n    </p>\n    \n    <div style=\"background: #d4edda; padding: 20px; border-left: 5px solid #28a745; margin: 20px 0;\">\n        <h4 style=\"color: #155724; margin-top: 0;\">Phân phối chuẩn:</h4>\n        <p>Phân phối chuẩn (Gaussian) là một phân phối liên tục quan trọng với hàm mật độ xác suất dạng chuông.</p>\n        <p><strong>Ký hiệu:</strong> $X \\sim N(\\mu, \\sigma^2)$</p>\n        <p><strong>Hàm mật độ xác suất:</strong></p>\n        <p style=\"text-align: center; font-size: 16px; background: #fff; padding: 10px; border-radius: 5px;\">\n            $$f_X(x) = \\frac{1}{\\sqrt{2\\pi \\sigma^2}} e^{-\\frac{(x-\\mu)^2}{2\\sigma^2}}$$\n        </p>\n        <p><strong>Kỳ vọng:</strong> $E(X) = \\mu$</p>\n        <p><strong>Phương sai:</strong> $\\text{Var}(X) = \\sigma^2$</p>\n    </div>\n    \n    <h3 style=\"color: #e74c3c; margin-top: 30px;\">II. Định lý giới hạn trung tâm</h3>\n    \n    <div style=\"background: #fff3cd; border: 1px solid #ffeaa7; padding: 20px; border-radius: 8px; margin: 20px 0;\">\n        <h4 style=\"color: #856404; margin-top: 0;\">Phát biểu:</h4>\n        <p>Nếu $X_1, X_2, \\ldots, X_n$ là các biến ngẫu nhiên độc lập, đồng nhất phân phối với kỳ vọng $\\mu$ và phương sai $\\sigma^2$, thì trung bình mẫu $\\bar{X} = \\frac{X_1 + \\cdots + X_n}{n}$ sẽ xấp xỉ phân phối chuẩn $N\\left(\\mu, \\frac{\\sigma^2}{n}\\right)$ khi $n$ lớn.</p>\n        <p><strong>Chuẩn hóa:</strong> $$Z = \\frac{\\bar{X} - \\mu}{\\sigma / \\sqrt{n}} \\sim N(0, 1)$$</p>\n    </div>\n    \n    <h3 style=\"color: #6c5ce7; margin-top: 30px;\">III. Phân phối chuẩn chuẩn hóa</h3>\n    \n    <div style=\"background: #e8f4f8; padding: 20px; border-radius: 8px; margin: 20px 0;\">\n        <h4 style=\"color: #1e3a8a; margin-top: 0;\">Định nghĩa:</h4>\n        <p>Phân phối chuẩn chuẩn hóa có $\\mu = 0$ và $\\sigma^2 = 1$, ký hiệu $Z \\sim N(0, 1)$.</p>\n        <p><strong>Hàm mật độ xác suất:</strong></p>\n        <p style=\"text-align: center; font-size: 16px; background: #fff; padding: 10px; border-radius: 5px;\">\n            $$f_Z(z) = \\frac{1}{\\sqrt{2\\pi}} e^{-\\frac{z^2}{2}}$$\n        </p>\n        <p>Phân phối này thường được dùng để tính xác suất thông qua bảng phân phối chuẩn.</p>\n    </div>\n    \n    <h3 style=\"color: #fd79a8; margin-top: 30px;\">IV. Ví dụ minh họa</h3>\n    \n    <div style=\"background: #f8f9fa; padding: 20px; border-radius: 8px; margin: 20px 0;\">\n        <h4 style=\"color: #495057;\">Bài toán CLT:</h4>\n        <p>Một máy sản xuất chai nước có dung tích trung bình 500ml với độ lệch chuẩn 10ml. Lấy mẫu 100 chai, tính xác suất trung bình mẫu nằm trong khoảng 499ml đến 501ml.</p>\n        <div style=\"background: #e9ecef; padding: 15px; border-radius: 5px; margin-top: 10px;\">\n            <p><strong>Lời giải:</strong></p>\n            <p>Theo CLT, $\\bar{X} \\sim N\\left(500, \\frac{10^2}{100}\\right) = N(500, 1)$.</p>\n            <p>Chuẩn hóa: $$Z = \\frac{\\bar{X} - 500}{1}$$</p>\n            <p>Xác suất: $$P(499 \\leq \\bar{X} \\leq 501) = P(-1 \\leq Z \\leq 1) = \\Phi(1) - \\Phi(-1) \\approx 0.6827$$</p>\n        </div>\n    </div>\n    \n    <div style=\"background: #e8f5e8; padding: 20px; border-radius: 8px; margin: 20px 0;\">\n        <h4 style=\"color: #2d5016;\">Bài tập thực hành:</h4>\n        <p>Một biến ngẫu nhiên $X \\sim N(100, 16)$. Tính xác suất $P(95 \\leq X \\leq 105)$.</p>\n    </div>\n</div>','2025-06-10 17:28:17.179223','Định lý giới hạn trung tâm và phân phối chuẩn','2025-06-10 17:28:17.179223',NULL,'bcd913e4-9ece-4a0f-83c5-5e365f4a25d4','Bài học giải thích định lý giới hạn trung tâm, phân phối chuẩn, và phân phối chuẩn chuẩn hóa, cùng với ứng dụng trong tính toán xác suất mẫu lớn.'),('68f4e0da-d490-4833-810e-be5775890fa1',NULL,'<div style=\"font-family: \'Segoe UI\', Arial, sans-serif; line-height: 1.6; color: #333;\">\n    <h2 style=\"color: #2c3e50; border-bottom: 3px solid #e67e22; padding-bottom: 10px;\">I. Thuật toán Bubble Sort</h2>\n    \n    <p style=\"font-size: 16px; margin-bottom: 15px;\">\n        <strong>Bubble Sort</strong> là thuật toán sắp xếp đơn giản bằng cách so sánh và hoán đổi các cặp phần tử liền kề nếu chúng không đúng thứ tự.\n    </p>\n    \n    <div style=\"background: #d4edda; padding: 20px; border-left: 5px solid #28a745; margin: 20px 0;\">\n        <h4 style=\"color: #155724; margin-top: 0;\">Thuật toán:</h4>\n        <pre style=\"background: #f8f9fa; padding: 15px; border-radius: 5px; overflow-x: auto;\">\nfor i = 0 to n-1:\n    for j = 0 to n-2-i:\n        if arr[j] > arr[j+1]:\n            swap(arr[j], arr[j+1])</pre>\n        <p><strong>Độ phức tạp:</strong></p>\n        <ul>\n            <li>Trường hợp tốt nhất: $O(n)$ (đã sắp xếp)</li>\n            <li>Trường hợp trung bình: $O(n^2)$</li>\n            <li>Trường hợp xấu nhất: $O(n^2)$</li>\n            <li>Độ phức tạp không gian: $O(1)$</li>\n        </ul>\n    </div>\n    \n    <h3 style=\"color: #e74c3c; margin-top: 30px;\">II. Thuật toán Selection Sort</h3>\n    \n    <div style=\"background: #fff3cd; border: 1px solid #ffeaa7; padding: 20px; border-radius: 8px; margin: 20px 0;\">\n        <h4 style=\"color: #856404; margin-top: 0;\">Nguyên lý:</h4>\n        <p>Selection Sort tìm phần tử nhỏ nhất trong mảng chưa sắp xếp và đặt nó vào vị trí đầu tiên, sau đó lặp lại với phần còn lại.</p>\n        <pre style=\"background: #f8f9fa; padding: 15px; border-radius: 5px; overflow-x: auto;\">\nfor i = 0 to n-2:\n    min_index = i\n    for j = i+1 to n-1:\n        if arr[j] < arr[min_index]:\n            min_index = j\n    swap(arr[i], arr[min_index])</pre>\n        <p><strong>Độ phức tạp:</strong> $O(n^2)$ cho mọi trường hợp</p>\n        <p><strong>Số lần so sánh:</strong> $\\frac{n(n-1)}{2}$</p>\n        <p><strong>Số lần hoán đổi:</strong> $O(n)$</p>\n    </div>\n    \n    <h3 style=\"color: #9b59b6; margin-top: 30px;\">III. Thuật toán Insertion Sort</h3>\n    \n    <div style=\"background: #e8f4f8; padding: 20px; border-radius: 8px; margin: 20px 0;\">\n        <h4 style=\"color: #1e3a8a; margin-top: 0;\">Nguyên lý:</h4>\n        <p>Insertion Sort xây dựng mảng đã sắp xếp từng phần tử một bằng cách chèn mỗi phần tử vào vị trí thích hợp.</p>\n        <pre style=\"background: #f8f9fa; padding: 15px; border-radius: 5px; overflow-x: auto;\">\nfor i = 1 to n-1:\n    key = arr[i]\n    j = i - 1\n    while j >= 0 and arr[j] > key:\n        arr[j+1] = arr[j]\n        j = j - 1\n    arr[j+1] = key</pre>\n        <p><strong>Độ phức tạp:</strong></p>\n        <ul>\n            <li>Trường hợp tốt nhất: $O(n)$</li>\n            <li>Trường hợp trung bình: $O(n^2)$</li>\n            <li>Trường hợp xấu nhất: $O(n^2)$</li>\n        </ul>\n    </div>\n    \n    <h3 style=\"color: #fd79a8; margin-top: 30px;\">IV. So sánh các thuật toán</h3>\n    \n    <div style=\"background: #f8f9fa; padding: 20px; border-radius: 8px; margin: 20px 0;\">\n        <table style=\"width: 100%; border-collapse: collapse;\">\n            <tr style=\"background: #343a40; color: white;\">\n                <th style=\"border: 1px solid #dee2e6; padding: 10px;\">Thuật toán</th>\n                <th style=\"border: 1px solid #dee2e6; padding: 10px;\">Tốt nhất</th>\n                <th style=\"border: 1px solid #dee2e6; padding: 10px;\">Trung bình</th>\n                <th style=\"border: 1px solid #dee2e6; padding: 10px;\">Xấu nhất</th>\n                <th style=\"border: 1px solid #dee2e6; padding: 10px;\">Không gian</th>\n            </tr>\n            <tr>\n                <td style=\"border: 1px solid #dee2e6; padding: 8px;\"><strong>Bubble Sort</strong></td>\n                <td style=\"border: 1px solid #dee2e6; padding: 8px;\">$O(n)$</td>\n                <td style=\"border: 1px solid #dee2e6; padding: 8px;\">$O(n^2)$</td>\n                <td style=\"border: 1px solid #dee2e6; padding: 8px;\">$O(n^2)$</td>\n                <td style=\"border: 1px solid #dee2e6; padding: 8px;\">$O(1)$</td>\n            </tr>\n            <tr>\n                <td style=\"border: 1px solid #dee2e6; padding: 8px;\"><strong>Selection Sort</strong></td>\n                <td style=\"border: 1px solid #dee2e6; padding: 8px;\">$O(n^2)$</td>\n                <td style=\"border: 1px solid #dee2e6; padding: 8px;\">$O(n^2)$</td>\n                <td style=\"border: 1px solid #dee2e6; padding: 8px;\">$O(n^2)$</td>\n                <td style=\"border: 1px solid #dee2e6; padding: 8px;\">$O(1)$</td>\n            </tr>\n            <tr>\n                <td style=\"border: 1px solid #dee2e6; padding: 8px;\"><strong>Insertion Sort</strong></td>\n                <td style=\"border: 1px solid #dee2e6; padding: 8px;\">$O(n)$</td>\n                <td style=\"border: 1px solid #dee2e6; padding: 8px;\">$O(n^2)$</td>\n                <td style=\"border: 1px solid #dee2e6; padding: 8px;\">$O(n^2)$</td>\n                <td style=\"border: 1px solid #dee2e6; padding: 8px;\">$O(1)$</td>\n            </tr>\n        </table>\n    </div>\n    \n    <div style=\"background: #d1ecf1; padding: 20px; border-left: 5px solid #17a2b8; margin: 20px 0;\">\n        <h4 style=\"color: #0c5460; margin-top: 0;\">Ví dụ minh họa - Insertion Sort:</h4>\n        <p>Sắp xếp mảng [5, 2, 4, 6, 1, 3]:</p>\n        <div style=\"background: #fff; padding: 15px; border-radius: 5px; margin: 10px 0;\">\n            <p><strong>Bước 1:</strong> [5, 2, 4, 6, 1, 3] → [2, 5, 4, 6, 1, 3]</p>\n            <p><strong>Bước 2:</strong> [2, 5, 4, 6, 1, 3] → [2, 4, 5, 6, 1, 3]</p>\n            <p><strong>Bước 3:</strong> [2, 4, 5, 6, 1, 3] → [2, 4, 5, 6, 1, 3]</p>\n            <p><strong>Bước 4:</strong> [2, 4, 5, 6, 1, 3] → [1, 2, 4, 5, 6, 3]</p>\n            <p><strong>Bước 5:</strong> [1, 2, 4, 5, 6, 3] → [1, 2, 3, 4, 5, 6]</p>\n        </div>\n    </div>\n    \n    <div style=\"background: #e8f5e8; padding: 20px; border-radius: 8px; margin: 20px 0;\">\n        <h4 style=\"color: #2d5016;\">Bài tập thực hành:</h4>\n        <p>1. Cài đặt thuật toán Bubble Sort và đếm số lần so sánh, hoán đổi cho mảng [64, 34, 25, 12, 22, 11, 90]</p>\n        <p>2. So sánh thời gian thực thi của ba thuật toán trên với mảng 1000 phần tử ngẫu nhiên</p>\n    </div>\n</div>\n','2025-06-10 18:02:45.892001','Thuật toán sắp xếp cơ bản','2025-06-10 18:02:45.892001',NULL,'bcd913e4-9ece-4a0f-83c5-5e365f4a25d4','Nghiên cứu các thuật toán sắp xếp cơ bản bao gồm Bubble Sort, Selection Sort và Insertion Sort, phân tích độ phức tạp và so sánh hiệu suất.'),('6c7ee738-dab8-49c4-8f42-af7ef855242e',NULL,'<div style=\"font-family: \'Segoe UI\', Arial, sans-serif; line-height: 1.6; color: #333;\">\n    <h2 style=\"color: #2c3e50; border-bottom: 3px solid #3498db; padding-bottom: 10px;\">I. Mảng (Array)</h2>\n    \n    <p style=\"font-size: 16px; margin-bottom: 15px;\">\n        <strong>Mảng</strong> là cấu trúc dữ liệu tuyến tính lưu trữ các phần tử cùng kiểu dữ liệu tại các vị trí liên tiếp trong bộ nhớ.\n    </p>\n    \n    <div style=\"background: #d4edda; padding: 20px; border-left: 5px solid #28a745; margin: 20px 0;\">\n        <h4 style=\"color: #155724; margin-top: 0;\">Đặc điểm của Mảng:</h4>\n        <ul style=\"margin: 10px 0;\">\n            <li><strong>Truy cập ngẫu nhiên:</strong> Độ phức tạp $O(1)$ để truy cập phần tử theo chỉ số</li>\n            <li><strong>Kích thước cố định:</strong> Kích thước được xác định khi khai báo</li>\n            <li><strong>Bộ nhớ liên tiếp:</strong> Các phần tử được lưu trữ liên tiếp nhau</li>\n            <li><strong>Chỉ số:</strong> Truy cập qua chỉ số từ 0 đến n-1</li>\n        </ul>\n    </div>\n    \n    <div style=\"background: #fff3cd; border: 1px solid #ffeaa7; padding: 20px; border-radius: 8px; margin: 20px 0;\">\n        <h4 style=\"color: #856404; margin-top: 0;\">Độ phức tạp các thao tác:</h4>\n        <table style=\"width: 100%; border-collapse: collapse; margin: 10px 0;\">\n            <tr style=\"background: #f8f9fa;\">\n                <th style=\"border: 1px solid #dee2e6; padding: 8px; text-align: left;\">Thao tác</th>\n                <th style=\"border: 1px solid #dee2e6; padding: 8px; text-align: left;\">Độ phức tạp</th>\n            </tr>\n            <tr>\n                <td style=\"border: 1px solid #dee2e6; padding: 8px;\">Truy cập</td>\n                <td style=\"border: 1px solid #dee2e6; padding: 8px;\">$O(1)$</td>\n            </tr>\n            <tr>\n                <td style=\"border: 1px solid #dee2e6; padding: 8px;\">Tìm kiếm</td>\n                <td style=\"border: 1px solid #dee2e6; padding: 8px;\">$O(n)$</td>\n            </tr>\n            <tr>\n                <td style=\"border: 1px solid #dee2e6; padding: 8px;\">Chèn/Xóa</td>\n                <td style=\"border: 1px solid #dee2e6; padding: 8px;\">$O(n)$</td>\n            </tr>\n        </table>\n    </div>\n    \n    <h3 style=\"color: #e74c3c; margin-top: 30px;\">II. Danh sách liên kết (Linked List)</h3>\n    \n    <div style=\"background: #e8f4f8; padding: 20px; border-radius: 8px; margin: 20px 0;\">\n        <h4 style=\"color: #1e3a8a; margin-top: 0;\">Định nghĩa:</h4>\n        <p>Danh sách liên kết là cấu trúc dữ liệu tuyến tính gồm các node, mỗi node chứa dữ liệu và con trỏ tới node tiếp theo.</p>\n        <p><strong>Cấu trúc Node:</strong></p>\n        <pre style=\"background: #f8f9fa; padding: 15px; border-radius: 5px; overflow-x: auto;\">\nstruct Node {\n    int data;\n    Node* next;\n};</pre>\n        <p><strong>Các loại danh sách liên kết:</strong></p>\n        <ul>\n            <li>Danh sách liên kết đơn (Singly Linked List)</li>\n            <li>Danh sách liên kết đôi (Doubly Linked List)</li>\n            <li>Danh sách liên kết vòng (Circular Linked List)</li>\n        </ul>\n    </div>\n    \n    <div style=\"background: #fff3cd; border: 1px solid #ffeaa7; padding: 20px; border-radius: 8px; margin: 20px 0;\">\n        <h4 style=\"color: #856404; margin-top: 0;\">Độ phức tạp các thao tác:</h4>\n        <table style=\"width: 100%; border-collapse: collapse; margin: 10px 0;\">\n            <tr style=\"background: #f8f9fa;\">\n                <th style=\"border: 1px solid #dee2e6; padding: 8px; text-align: left;\">Thao tác</th>\n                <th style=\"border: 1px solid #dee2e6; padding: 8px; text-align: left;\">Độ phức tạp</th>\n            </tr>\n            <tr>\n                <td style=\"border: 1px solid #dee2e6; padding: 8px;\">Truy cập</td>\n                <td style=\"border: 1px solid #dee2e6; padding: 8px;\">$O(n)$</td>\n            </tr>\n            <tr>\n                <td style=\"border: 1px solid #dee2e6; padding: 8px;\">Tìm kiếm</td>\n                <td style=\"border: 1px solid #dee2e6; padding: 8px;\">$O(n)$</td>\n            </tr>\n            <tr>\n                <td style=\"border: 1px solid #dee2e6; padding: 8px;\">Chèn/Xóa đầu</td>\n                <td style=\"border: 1px solid #dee2e6; padding: 8px;\">$O(1)$</td>\n            </tr>\n        </table>\n    </div>\n    \n    <h3 style=\"color: #9b59b6; margin-top: 30px;\">III. So sánh Mảng vs Danh sách liên kết</h3>\n    \n    <div style=\"background: #f8f9fa; padding: 20px; border-radius: 8px; margin: 20px 0;\">\n        <table style=\"width: 100%; border-collapse: collapse;\">\n            <tr style=\"background: #343a40; color: white;\">\n                <th style=\"border: 1px solid #dee2e6; padding: 10px;\">Tiêu chí</th>\n                <th style=\"border: 1px solid #dee2e6; padding: 10px;\">Mảng</th>\n                <th style=\"border: 1px solid #dee2e6; padding: 10px;\">Danh sách liên kết</th>\n            </tr>\n            <tr>\n                <td style=\"border: 1px solid #dee2e6; padding: 8px;\"><strong>Bộ nhớ</strong></td>\n                <td style=\"border: 1px solid #dee2e6; padding: 8px;\">Liên tiếp</td>\n                <td style=\"border: 1px solid #dee2e6; padding: 8px;\">Không liên tiếp</td>\n            </tr>\n            <tr>\n                <td style=\"border: 1px solid #dee2e6; padding: 8px;\"><strong>Truy cập</strong></td>\n                <td style=\"border: 1px solid #dee2e6; padding: 8px;\">O(1) - Ngẫu nhiên</td>\n                <td style=\"border: 1px solid #dee2e6; padding: 8px;\">O(n) - Tuần tự</td>\n            </tr>\n            <tr>\n                <td style=\"border: 1px solid #dee2e6; padding: 8px;\"><strong>Chèn/Xóa</strong></td>\n                <td style=\"border: 1px solid #dee2e6; padding: 8px;\">O(n) - Phức tạp</td>\n                <td style=\"border: 1px solid #dee2e6; padding: 8px;\">O(1) - Dễ dàng</td>\n            </tr>\n            <tr>\n                <td style=\"border: 1px solid #dee2e6; padding: 8px;\"><strong>Kích thước</strong></td>\n                <td style=\"border: 1px solid #dee2e6; padding: 8px;\">Cố định</td>\n                <td style=\"border: 1px solid #dee2e6; padding: 8px;\">Dynamic</td>\n            </tr>\n        </table>\n    </div>\n    \n    <div style=\"background: #e8f5e8; padding: 20px; border-radius: 8px; margin: 20px 0;\">\n        <h4 style=\"color: #2d5016;\">Bài tập thực hành:</h4>\n        <p>Viết hàm chèn một phần tử vào đầu danh sách liên kết và phân tích độ phức tạp.</p>\n    </div>\n</div>\n','2025-06-10 18:01:35.289094','Mảng và Danh sách liên kết','2025-06-10 18:01:35.289094',NULL,'bcd913e4-9ece-4a0f-83c5-5e365f4a25d4','Tìm hiểu về hai cấu trúc dữ liệu cơ bản: mảng (array) và danh sách liên kết (linked list), so sánh ưu nhược điểm và ứng dụng của từng loại.'),('79c94840-809c-4861-a3c0-9fe0631c8bff',NULL,'<div style=\"max-width: 800px; margin: 0 auto; padding: 20px; font-family: \'Segoe UI\', Tahoma, Geneva, Verdana, sans-serif; line-height: 1.6; color: #333;\">\n  <h1 style=\"color: #2c3e50; border-bottom: 3px solid #e74c3c; padding-bottom: 10px; margin-bottom: 30px;\">\n    👋 Mastering Everyday Greetings and Introductions\n  </h1>\n\n  <div style=\"background: linear-gradient(135deg, #ff6b6b 0%, #ee5a24 100%); color: white; padding: 20px; border-radius: 10px; margin-bottom: 30px;\">\n    <h2 style=\"margin-bottom: 10px;\">Kickstart Your English Conversations!</h2>\n    <p>Learn how to greet people confidently and introduce yourself in various everyday situations.</p>\n  </div>\n\n  <section>\n    <h2 style=\"color: #e74c3c; margin: 25px 0 15px 0;\">📚 Learning Objectives</h2>\n    <div style=\"background: #f8f9fa; padding: 20px; border-radius: 8px; margin-bottom: 30px;\">\n      <ul style=\"padding-left: 20px; color: #34495e;\">\n        <li>Master common greetings for different times of the day.</li>\n        <li>Learn to introduce yourself and ask about others.</li>\n        <li>Understand cultural nuances in greetings.</li>\n      </ul>\n    </div>\n  </section>\n\n  <section>\n    <h2 style=\"color: #e74c3c; margin: 25px 0 15px 0;\">🤝 Common Greetings</h2>\n    <div style=\"background: #fff3cd; border-left: 4px solid #ffc107; padding: 15px; margin: 15px 0;\">\n      <p>Greetings set the tone for any conversation. Here are key phrases to use:</p>\n      <p>\\[\n      \\text{Greetings} \\begin{cases}\n        \\text{Morning}: & \\text{\"Good morning! How are you today?\"} \\\\\n        \\text{Afternoon}: & \\text{\"Good afternoon! Nice to see you!\"} \\\\\n        \\text{Evening}: & \\text{\"Good evening! How’s your evening going?\"}\n      \\end{cases}\n      \\]</p>\n      <p><strong>Tip:</strong> Smile and maintain eye contact to appear friendly!</p>\n    </div>\n  </section>\n\n  <section>\n    <h2 style=\"color: #e74c3c; margin: 25px 0 15px 0;\">💬 Introducing Yourself</h2>\n    <div style=\"background: #d4edda; border-left: 4px solid #28a745; padding: 15px; border-radius: 5px; margin: 15px 0;\">\n      <h3 style=\"color: #155724; margin-bottom: 10px;\">Example Introduction</h3>\n      <p>\"Hi, I’m Anna. I’m from Hanoi, and I work as a designer. Nice to meet you! May I have your name?\"</p>\n      <p><strong>Structure:</strong></p>\n      <ul style=\"padding-left: 20px; color: #155724;\">\n        <li>Greeting: \"Hi\" or \"Hello\"</li>\n        <li>Name: \"I’m [Your Name]\"</li>\n        <li>Background: \"I’m from [Place]\" or \"I work as [Job]\"</li>\n        <li>Engage: \"Nice to meet you! What’s your name?\"</li>\n      </ul>\n    </div>\n    <div style=\"background: #2c3e50; color: #ecf0f1; padding: 15px; border-radius: 5px; font-family: \'Courier New\', monospace; margin: 10px 0;\">\n      <pre><code>\n# Practice Dialogue\nA: Good morning! I’m Tom. I’m a student from London.\nB: Hi Tom! I’m Linh. I’m from Vietnam. Nice to meet you!\nA: Nice to meet you too! What do you study?\n      </code></pre>\n    </div>\n  </section>\n\n  <div style=\"background: linear-gradient(135deg, #ff6b6b 0%, #ee5a24 100%); color: white; padding: 20px; border-radius: 10px; margin-top: 40px; text-align: center;\">\n    <h2 style=\"margin-bottom: 10px;\">🎯 Summary</h2>\n    <p>You’ve learned how to greet and introduce yourself confidently. Practice these phrases daily to build fluency!</p>\n  </div>\n</div>','2025-06-11 04:56:30.524675','Mastering Everyday Greetings and Introductions','2025-06-11 04:56:30.524675',NULL,'d8e8bc8f-fe15-4b42-b0ab-a21388924668','Learn how to greet people confidently and introduce yourself in various everyday situations.'),('7aee1601-051f-43e3-b3c4-2b046d3ac0d7',NULL,'<div style=\"max-width: 800px; margin: 0 auto; padding: 20px; font-family: \'Segoe UI\', Tahoma, Geneva, Verdana, sans-serif; line-height: 1.6; color: #333;\">\n  <h1 style=\"color: #2c3e50; border-bottom: 3px solid #e74c3c; padding-bottom: 10px; margin-bottom: 30px;\">\n    🗣️ Making Small Talk in English\n  </h1>\n\n  <div style=\"background: linear-gradient(135deg, #ff6b6b 0%, #ee5a24 100%); color: white; padding: 20px; border-radius: 10px; margin-bottom: 30px;\">\n    <h2 style=\"margin-bottom: 10px;\">Keep the Conversation Flowing!</h2>\n    <p>Discover how to make small talk to connect with others in casual settings.</p>\n  </div>\n\n  <section>\n    <h2 style=\"color: #e74c3c; margin: 25px 0 15px 0;\">📚 Learning Objectives</h2>\n    <div style=\"background: #f8f9fa; padding: 20px; border-radius: 8px; margin-bottom: 30px;\">\n      <ul style=\"padding-left: 20px; color: #34495e;\">\n        <li>Learn safe topics for small talk (e.g., weather, hobbies).</li>\n        <li>Practice asking open-ended questions.</li>\n        <li>Respond naturally to keep the conversation going.</li>\n      </ul>\n    </div>\n  </section>\n\n  <section>\n    <h2 style=\"color: #e74c3c; margin: 25px 0 15px 0;\">🌈 Safe Small Talk Topics</h2>\n    <div style=\"display: grid; grid-template-columns: repeat(auto-fit, minmax(250px, 1fr)); gap: 15px; margin: 20px 0;\">\n      <div style=\"background: #e8f5e8; border-left: 4px solid #27ae60; padding: 15px; border-radius: 5px;\">\n        <h3 style=\"color: #27ae60; margin-bottom: 10px;\">☀️ Weather</h3>\n        <p>\"It’s nice and sunny today, isn’t it?\"</p>\n      </div>\n      <div style=\"background: #e3f2fd; border-left: 4px solid #2196f3; padding: 15px; border-radius: 5px;\">\n        <h3 style=\"color: #2196f3; margin-bottom: 10px;\">🎨 Hobbies</h3>\n        <p>\"What do you like to do in your free time?\"</p>\n      </div>\n      <div style=\"background: #fce4ec; border-left: 4px solid #e91e63; padding: 15px; border-radius: 5px;\">\n        <h3 style=\"color: #e91e63; margin-bottom: 10px;\">🍽️ Food</h3>\n        <p>\"Have you tried any good restaurants lately?\"</p>\n      </div>\n    </div>\n  </section>\n\n  <section>\n    <h2 style=\"color: #e74c3c; margin: 25px 0 15px 0;\">❓ Asking Open-Ended Questions</h2>\n    <div style=\"background: #fff3cd; border-left: 4px solid #ffc107; padding: 15px; margin: 15px 0;\">\n      <p>Open-ended questions encourage longer responses. Examples:</p>\n      <p>\\[\n      \\text{Questions} \\begin{cases}\n        \\text{Closed}: & \\text{\"Do you like coffee?\"} \\rightarrow \\text{\"Yes/No\"} \\\\\n        \\text{Open}: & \\text{\"What kind of coffee do you enjoy?\"} \\rightarrow \\text{Detailed response}\n      \\end{cases}\n      \\]</p>\n    </div>\n    <div style=\"background: #2c3e50; color: #ecf0f1; padding: 15px; border-radius: 5px; font-family: \'Courier New\', monospace; margin: 10px 0;\">\n      <pre><code>\n# Practice Dialogue\nA: Hi, I’m Sarah. Nice to meet you! What do you do for fun?\nB: Hey Sarah, I’m Minh. I love hiking! What about you?\nA: Oh, hiking sounds great! What kind of hikes do you do?\n      </code></pre>\n    </div>\n  </section>\n\n  <div style=\"background: #d4edda; border-left: 4px solid #28a745; padding: 15px; border-radius: 5px; margin: 20px 0;\">\n    <h3 style=\"color: #155724; margin-bottom: 10px;\">💡 Conversation Tips</h3>\n    <ul style=\"padding-left: 20px; color: #155724;\">\n      <li>Listen actively and show interest.</li>\n      <li>Use follow-up questions to dig deeper.</li>\n      <li>Avoid sensitive topics like politics or religion.</li>\n    </ul>\n  </div>\n\n  <div style=\"background: linear-gradient(135deg, #ff6b6b 0%, #ee5a24 100%); color: white; padding: 20px; border-radius: 10px; margin-top: 40px; text-align: center;\">\n    <h2 style=\"margin-bottom: 10px;\">🎯 Summary</h2>\n    <p>You’re now equipped to make small talk with confidence. Practice with friends or colleagues to improve fluency!</p>\n  </div>\n</div>','2025-06-11 04:56:53.396957','Making Small Talk in English','2025-06-11 04:56:53.396957',NULL,'d8e8bc8f-fe15-4b42-b0ab-a21388924668','Discover how to make small talk to connect with others in casual settings.'),('7cb3291e-2f84-4519-ba51-4f8b31b55b49',NULL,'<div style=\"font-family: \'Segoe UI\', Arial, sans-serif; line-height: 1.6; color: #333;\">\n    <h2 style=\"color: #2c3e50; border-bottom: 3px solid #00b894; padding-bottom: 10px;\">I. Biến ngẫu nhiên rời rạc</h2>\n    \n    <p style=\"font-size: 16px; margin-bottom: 15px;\">\n        <strong>Biến ngẫu nhiên rời rạc</strong> là biến ngẫu nhiên chỉ nhận một số hữu hạn hoặc đếm được các giá trị.\n    </p>\n    \n    <div style=\"background: #d4edda; padding: 20px; border-left: 5px solid #28a745; margin: 20px 0;\">\n        <h4 style=\"color: #155724; margin-top: 0;\">Đặc trưng của biến ngẫu nhiên rời rạc X:</h4>\n        <ul style=\"margin: 10px 0;\">\n            <li><strong>Kỳ vọng:</strong> $E(X) = \\sum x_i \\cdot P(X = x_i)$</li>\n            <li><strong>Phương sai:</strong> $\\text{Var}(X) = E(X^2) - [E(X)]^2$</li>\n            <li><strong>Độ lệch chuẩn:</strong> $\\sigma(X) = \\sqrt{\\text{Var}(X)}$</li>\n        </ul>\n    </div>\n    \n    <h3 style=\"color: #e74c3c; margin-top: 30px;\">II. Phân phối Bernoulli</h3>\n    \n    <div style=\"background: #fff3cd; border: 1px solid #ffeaa7; padding: 20px; border-radius: 8px; margin: 20px 0;\">\n        <h4 style=\"color: #856404; margin-top: 0;\">Định nghĩa:</h4>\n        <p>Phân phối Bernoulli mô tả thí nghiệm chỉ có 2 kết quả: thành công (1) hoặc thất bại (0).</p>\n        <p><strong>Ký hiệu:</strong> $X \\sim \\text{Ber}(p)$</p>\n        <p><strong>Hàm xác suất:</strong></p>\n        <ul>\n            <li>$P(X = 1) = p$</li>\n            <li>$P(X = 0) = 1 - p$</li>\n        </ul>\n        <p><strong>Kỳ vọng:</strong> $E(X) = p$</p>\n        <p><strong>Phương sai:</strong> $\\text{Var}(X) = p(1-p)$</p>\n    </div>\n    \n    <h3 style=\"color: #6c5ce7; margin-top: 30px;\">III. Phân phối Binomial</h3>\n    \n    <div style=\"background: #e8f4f8; padding: 20px; border-radius: 8px; margin: 20px 0;\">\n        <h4 style=\"color: #1e3a8a; margin-top: 0;\">Định nghĩa:</h4>\n        <p>Phân phối Binomial mô tả số lần thành công trong n thí nghiệm Bernoulli độc lập.</p>\n        <p><strong>Ký hiệu:</strong> $X \\sim B(n, p)$</p>\n        <p><strong>Hàm xác suất:</strong></p>\n        <p style=\"text-align: center; font-size: 16px; background: #fff; padding: 10px; border-radius: 5px;\">\n            $$P(X = k) = \\binom{n}{k} p^k (1-p)^{n-k}$$\n        </p>\n        <p><strong>Kỳ vọng:</strong> $E(X) = np$</p>\n        <p><strong>Phương sai:</strong> $\\text{Var}(X) = np(1-p)$</p>\n    </div>\n    \n    <h3 style=\"color: #fd79a8; margin-top: 30px;\">IV. Phân phối Poisson</h3>\n    \n    <div style=\"background: #ffeaa7; padding: 20px; border-radius: 8px; margin: 20px 0;\">\n        <h4 style=\"color: #a0522d; margin-top: 0;\">Định nghĩa:</h4>\n        <p>Phân phối Poisson mô tả số lần xảy ra của một sự kiện trong một khoảng thời gian hoặc không gian cố định.</p>\n        <p><strong>Ký hiệu:</strong> $X \\sim \\text{Pois}(\\lambda)$</p>\n        <p><strong>Hàm xác suất:</strong></p>\n        <p style=\"text-align: center; font-size: 16px; background: #fff; padding: 10px; border-radius: 5px;\">\n            $$P(X = k) = \\frac{e^{-\\lambda} \\lambda^k}{k!}$$\n        </p>\n        <p><strong>Kỳ vọng:</strong> $E(X) = \\lambda$</p>\n        <p><strong>Phương sai:</strong> $\\text{Var}(X) = \\lambda$</p>\n    </div>\n    \n    <h3 style=\"color: #00cec9; margin-top: 30px;\">V. So sánh các phân phối</h3>\n    \n    <table style=\"width: 100%; border-collapse: collapse; margin: 20px 0;\">\n        <tr style=\"background: #74b9ff; color: white;\">\n            <th style=\"padding: 12px; border: 1px solid #ddd;\">Phân phối</th>\n            <th style=\"padding: 12px; border: 1px solid #ddd;\">Tham số</th>\n            <th style=\"padding: 12px; border: 1px solid #ddd;\">Kỳ vọng</th>\n            <th style=\"padding: 12px; border: 1px solid #ddd;\">Phương sai</th>\n            <th style=\"padding: 12px; border: 1px solid #ddd;\">Ứng dụng</th>\n        </tr>\n        <tr>\n            <td style=\"padding: 12px; border: 1px solid #ddd;\"><strong>Bernoulli</strong></td>\n            <td style=\"padding: 12px; border: 1px solid #ddd;\">$p$</td>\n            <td style=\"padding: 12px; border: 1px solid #ddd;\">$p$</td>\n            <td style=\"padding: 12px; border: 1px solid #ddd;\">$p(1-p)$</td>\n            <td style=\"padding: 12px; border: 1px solid #ddd;\">Thí nghiệm có/không</td>\n        </tr>\n        <tr style=\"background: #f8f9fa;\">\n            <td style=\"padding: 12px; border: 1px solid #ddd;\"><strong>Binomial</strong></td>\n            <td style=\"padding: 12px; border: 1px solid #ddd;\">$n, p$</td>\n            <td style=\"padding: 12px; border: 1px solid #ddd;\">$np$</td>\n            <td style=\"padding: 12px; border: 1px solid #ddd;\">$np(1-p)$</td>\n            <td style=\"padding: 12px; border: 1px solid #ddd;\">Số lần thành công</td>\n        </tr>\n        <tr>\n            <td style=\"padding: 12px; border: 1px solid #ddd;\"><strong>Poisson</strong></td>\n            <td style=\"padding: 12px; border: 1px solid #ddd;\">$\\lambda$</td>\n            <td style=\"padding: 12px; border: 1px solid #ddd;\">$\\lambda$</td>\n            <td style=\"padding: 12px; border: 1px solid #ddd;\">$\\lambda$</td>\n            <td style=\"padding: 12px; border: 1px solid #ddd;\">Sự kiện hiếm</td>\n        </tr>\n    </table>\n    \n    <h3 style=\"color: #e17055; margin-top: 30px;\">VI. Ví dụ minh họa</h3>\n    \n    <div style=\"background: #f8f9fa; padding: 20px; border-radius: 8px; margin: 20px 0;\">\n        <h4 style=\"color: #495057;\">Bài toán Binomial:</h4>\n        <p>Một xạ thủ bắn 10 phát, mỗi phát trúng đích với xác suất 0.8. Tính xác suất trúng đích đúng 8 phát.</p>\n        <div style=\"background: #e9ecef; padding: 15px; border-radius: 5px; margin-top: 10px;\">\n            <p><strong>Lời giải:</strong></p>\n            <p>$X \\sim B(10, 0.8)$</p>\n            <p>$$P(X = 8) = \\binom{10}{8} \\cdot (0.8)^8 \\cdot (0.2)^2$$</p>\n            <p>$= 45 \\times 0.1678 \\times 0.04 \\approx 0.302$</p>\n        </div>\n    </div>\n    \n    <div style=\"background: #e8f5e8; padding: 20px; border-radius: 8px; margin: 20px 0;\">\n        <h4 style=\"color: #2d5016;\">Bài tập thực hành:</h4>\n        <p>Số cuộc gọi đến tổng đài trong 1 giờ tuân theo phân phối Poisson với $\\lambda = 5$. \n        Tính xác suất có đúng 3 cuộc gọi trong 1 giờ.</p>\n    </div>\n</div>','2025-06-10 16:31:43.655376','Phân phối xác suất rời rạc','2025-06-10 17:23:51.317547',NULL,'bcd913e4-9ece-4a0f-83c5-5e365f4a25d4','Tìm hiểu về biến ngẫu nhiên rời rạc và các phân phối xác suất quan trọng như Bernoulli, Binomial, Poisson.'),('81dc24db-58d8-4fd8-bdae-5ee4817ab25e',NULL,'<div id=\"nodeLessonContainer\">\n<style>\n    #nodeLessonContainer {\n        font-family: \'Segoe UI\', sans-serif;\n        line-height: 1.7;\n        color: #333;\n        max-width: 900px;\n        margin: 20px auto;\n        background: #fdfdfd;\n        border-radius: 8px;\n        padding: 30px;\n        box-shadow: 0 4px 20px rgba(0,0,0,0.08);\n    }\n    #nodeLessonContainer h1, #nodeLessonContainer h2 {\n        color: #2c3e50;\n        margin-bottom: 20px;\n    }\n    #nodeLessonContainer p {\n        margin-bottom: 15px;\n        text-align: justify;\n    }\n    #nodeLessonContainer img {\n        display: block;\n        max-width: 100%;\n        margin: 20px auto;\n        border-radius: 6px;\n        box-shadow: 0 2px 10px rgba(0,0,0,0.05);\n    }\n    #nodeLessonContainer .note {\n        background: #eaf7f1;\n        padding: 15px;\n        border-left: 5px solid #27ae60;\n        border-radius: 4px;\n        margin: 25px 0;\n        color: #2c3e50;\n    }\n</style>\n\n<h1>Bài 1: Giới thiệu về Node.js</h1>\n\n<p>Trong thế giới phát triển web hiện đại, Node.js là một công cụ mạnh mẽ giúp xây dựng các ứng dụng web nhanh chóng và hiệu quả. Không giống như các nền tảng truyền thống như PHP hay Java, Node.js chạy trên engine JavaScript V8 và hoạt động dựa trên mô hình non-blocking, event-driven.</p>\n\n<h2>1. Node.js là gì?</h2>\n<p><strong>Node.js</strong> là một nền tảng chạy JavaScript phía server. Thay vì chạy trong trình duyệt như bình thường, với Node.js bạn có thể chạy JavaScript để xử lý backend, kết nối cơ sở dữ liệu và điều khiển server.</p>\n\n<div class=\"note\">\n    Ví dụ: Thay vì dùng PHP để tạo API, bạn hoàn toàn có thể dùng Node.js viết JavaScript xử lý server-side.\n</div>\n\n<h2>2. Ưu điểm của Node.js</h2>\n<ul>\n    <li>Hiệu suất cao nhờ event-driven, non-blocking IO.</li>\n    <li>Dễ học với lập trình viên front-end do dùng chung JavaScript.</li>\n    <li>Hệ sinh thái npm cực kỳ phong phú với hàng trăm nghìn module.</li>\n</ul>\n\n<h2>3. Node hoạt động như thế nào?</h2>\n<p>Khi server Node nhận request, nó không đợi xử lý xong mới nhận request tiếp theo. Thay vào đó, Node sử dụng <strong>event loop</strong> để tiếp nhận và xử lý các yêu cầu song song.</p>\n\n<div class=\"note\">\n    Mô hình Event Loop giúp Node xử lý hàng ngàn request cùng lúc mà không bị nghẽn.\n</div>\n\n<h2>Kết luận</h2>\n<p>Node.js là lựa chọn tuyệt vời cho các ứng dụng thời gian thực, API, hệ thống chat, hay web server chịu tải cao. Việc học Node.js giúp bạn làm chủ lập trình web hiện đại dễ dàng hơn.</p>\n\n</div>\n','2025-06-11 17:10:44.683666','Giới thiệu về Node.js và Môi trường Runtime','2025-06-11 17:14:14.215268',NULL,'54522d48-fdb0-426d-9103-1af4b9e3d6c0','Tìm hiểu khái niệm Node.js là gì, vì sao nó được sử dụng rộng rãi trong lập trình web hiện đại và cách cài đặt môi trường lập trình với Node.js.'),('96f13c2a-6944-4569-98ec-21ab0d998b68',NULL,'<div style=\"font-family: Arial, sans-serif; line-height: 1.6; max-width: 800px; margin: 0 auto; padding: 20px; background: #fdfdfd; color: #333; border-radius: 12px; border: 1px solid #ddd\">\n  <style>\n    h1, h2, h3 {\n      color: #2c3e50;\n    }\n    p {\n      margin-bottom: 12px;\n    }\n    ul {\n      margin: 8px 0 16px 20px;\n    }\n    code {\n      background: #f4f4f4;\n      padding: 2px 6px;\n      border-radius: 4px;\n      font-size: 0.95em;\n    }\n    .katex-block {\n      margin: 12px 0;\n    }\n  </style>\n\n  <h1>Bài học Figma 2: Thiết kế Prototype và Tương tác Giao diện</h1>\n\n  <h2>🎨 1. Giới thiệu</h2>\n  <p>Prototype là bản mô phỏng trực tiếp các luồng thao tác của người dùng trên giao diện mà không cần lập trình. Figma hỗ trợ tạo prototype giúp kiểm tra trải nghiệm trước khi đưa vào phát triển thực tế.</p>\n\n  <h2>📝 2. Các bước tạo Prototype trong Figma</h2>\n  <ul>\n    <li>Chuyển sang tab <strong>Prototype</strong> ở bên phải màn hình.</li>\n    <li>Chọn đối tượng hoặc nút bấm → kéo đường dẫn xanh đến màn hình đích.</li>\n    <li>Chọn kiểu <strong>Interaction</strong>: On Click, While Hovering, After Delay, Drag.</li>\n    <li>Chọn kiểu <strong>Animation</strong>: Instant, Dissolve, Smart Animate, Move In, Move Out.</li>\n    <li>Ấn nút <strong>Play ▶</strong> để chạy thử prototype.</li>\n  </ul>\n\n  <h2>📌 3. Nguyên tắc khi tạo prototype UX chuẩn</h2>\n  <ul>\n    <li>Luồng thao tác phải đơn giản, trực quan.</li>\n    <li>Sử dụng <strong>Smart Animate</strong> giúp chuyển động mượt mà.</li>\n    <li>Không quá nhiều bước điều hướng khiến người dùng bị rối.</li>\n    <li>Thiết lập trạng thái hợp lý cho nút bấm: Normal, Hover, Pressed.</li>\n  </ul>\n\n  <h3>✨ Công thức tính thời gian chuyển cảnh tối ưu:</h3>\n  <div class=\"katex-block\">\n    $$ t_{\\text{transition}} = \\frac{d_{\\text{distance}}}{v_{\\text{motion}}} $$\n  </div>\n  <p>Ví dụ: Nếu đoạn di chuyển dài 300px và tốc độ motion là 600px/s:</p>\n  <div class=\"katex-block\">\n    $$ \\frac{300}{600} = 0.5\\ \\text{giây} $$\n  </div>\n\n  <h2>🛠️ 4. Bài tập thực hành</h2>\n  <p>Thiết kế prototype cho ứng dụng mobile gồm:</p>\n  <ul>\n    <li>Màn hình đăng nhập → chuyển sang màn hình chính khi bấm nút.</li>\n    <li>Màn hình chính có các thẻ sản phẩm → click vào sản phẩm chuyển sang màn hình chi tiết.</li>\n    <li>Thêm hiệu ứng <code>Smart Animate</code> khi chuyển cảnh.</li>\n  </ul>\n\n  <h2>🎁 5. Tổng kết</h2>\n  <p>Sau bài học này, bạn đã biết cách tạo prototype, thiết lập interaction và animation trên Figma. Đồng thời, bạn cũng hiểu cách tối ưu trải nghiệm người dùng bằng prototype mượt mà và hợp lý.</p>\n\n</div>\n','2025-06-11 15:59:02.975707','Figma 2','2025-06-11 15:59:02.975707',NULL,'ce25b107-8531-42d7-9ded-d73354a31fe2','Tiếp tục đi sâu vào cách sử dụng figma.'),('b4f9c0e2-e1db-4b66-b115-d4fba72c8236',NULL,'<div>\n    <style>\n        .lesson-container {\n            font-family: \'Segoe UI\', Tahoma, Geneva, Verdana, sans-serif;\n            line-height: 1.6;\n            color: #333;\n            max-width: 1000px;\n            margin: 0 auto;\n            padding: 20px;\n            background-color: #f8f9fa;\n        }\n        \n        .lesson-content {\n            background: white;\n            padding: 30px;\n            border-radius: 10px;\n            box-shadow: 0 2px 10px rgba(0,0,0,0.1);\n        }\n        \n        .lesson-container h1 {\n            color: #2c3e50;\n            border-bottom: 3px solid #3498db;\n            padding-bottom: 10px;\n            margin-bottom: 30px;\n        }\n        \n        .lesson-container h2 {\n            color: #34495e;\n            margin-top: 30px;\n            margin-bottom: 15px;\n            padding-left: 10px;\n            border-left: 4px solid #3498db;\n        }\n        \n        .lesson-container h3 {\n            color: #2c3e50;\n            margin-top: 25px;\n            margin-bottom: 10px;\n        }\n        \n        .code-block {\n            background: #2d3748;\n            color: #e2e8f0;\n            padding: 15px;\n            border-radius: 8px;\n            font-family: \'Courier New\', monospace;\n            font-size: 14px;\n            overflow-x: auto;\n            margin: 15px 0;\n            border-left: 4px solid #3498db;\n        }\n        \n        .output {\n            background: #f8f9fa;\n            border: 1px solid #dee2e6;\n            padding: 10px;\n            border-radius: 5px;\n            margin: 10px 0;\n            font-family: \'Courier New\', monospace;\n            font-size: 13px;\n        }\n        \n        .note {\n            background: #e8f5e8;\n            border-left: 4px solid #28a745;\n            padding: 15px;\n            margin: 15px 0;\n            border-radius: 0 5px 5px 0;\n        }\n        \n        .warning {\n            background: #fff3cd;\n            border-left: 4px solid #ffc107;\n            padding: 15px;\n            margin: 15px 0;\n            border-radius: 0 5px 5px 0;\n        }\n        \n        .exercise {\n            background: #e3f2fd;\n            border: 1px solid #2196f3;\n            padding: 20px;\n            margin: 20px 0;\n            border-radius: 8px;\n        }\n        \n        .exercise h4 {\n            color: #1976d2;\n            margin-top: 0;\n        }\n        \n        .lesson-container table {\n            width: 100%;\n            border-collapse: collapse;\n            margin: 15px 0;\n        }\n        \n        .lesson-container th, .lesson-container td {\n            border: 1px solid #ddd;\n            padding: 12px;\n            text-align: left;\n        }\n        \n        .lesson-container th {\n            background-color: #f8f9fa;\n            font-weight: bold;\n        }\n        \n        .lesson-container ul {\n            padding-left: 20px;\n        }\n        \n        .lesson-container li {\n            margin-bottom: 5px;\n        }\n    </style>\n    \n    <div class=\"lesson-container\">\n        <div class=\"lesson-content\">\n            <h1>Bài 2: Làm việc với dữ liệu trong Python - NumPy và Pandas cơ bản</h1>\n            \n            <h2>1. Giới thiệu</h2>\n            <p>Trong phân tích dữ liệu với Python, hai thư viện quan trọng nhất mà bạn cần làm quen là:</p>\n            <ul>\n                <li><strong>NumPy</strong> (Numerical Python): Thư viện xử lý mảng số học hiệu quả</li>\n                <li><strong>Pandas</strong>: Thư viện làm việc với dữ liệu có cấu trúc (bảng, series)</li>\n            </ul>\n            \n            <div class=\"note\">\n                <strong>Lưu ý:</strong> NumPy là nền tảng cho hầu hết các thư viện khoa học Python, trong khi Pandas được xây dựng trên NumPy để cung cấp cấu trúc dữ liệu cao cấp hơn.\n            </div>\n            \n            <h2>2. NumPy - Làm việc với mảng số học</h2>\n            \n            <h3>2.1. Cài đặt và import NumPy</h3>\n            <div class=\"code-block\">\n# Cài đặt NumPy (nếu chưa có)\npip install numpy\n\n# Import NumPy\nimport numpy as np\n            </div>\n            \n            <h3>2.2. Tạo mảng NumPy</h3>\n            <div class=\"code-block\">\n# Tạo mảng từ list\narr1 = np.array([1, 2, 3, 4, 5])\nprint(\"Mảng 1 chiều:\", arr1)\n\n# Tạo mảng 2 chiều\narr2 = np.array([[1, 2, 3], [4, 5, 6]])\nprint(\"Mảng 2 chiều:\")\nprint(arr2)\n\n# Tạo mảng với các giá trị đặc biệt\nzeros = np.zeros(5)  # Mảng toàn số 0\nones = np.ones((2, 3))  # Mảng toàn số 1\narange = np.arange(0, 10, 2)  # Mảng từ 0 đến 10, bước nhảy 2\nlinspace = np.linspace(0, 1, 5)  # 5 số từ 0 đến 1\n            </div>\n            \n            <div class=\"output\">\nMảng 1 chiều: [1 2 3 4 5]\nMảng 2 chiều:\n[[1 2 3]\n [4 5 6]]\n            </div>\n            \n            <h3>2.3. Thuộc tính cơ bản của mảng</h3>\n            <div class=\"code-block\">\narr = np.array([[1, 2, 3, 4], [5, 6, 7, 8]])\n\nprint(\"Kích thước (shape):\", arr.shape)\nprint(\"Số chiều:\", arr.ndim)\nprint(\"Tổng số phần tử:\", arr.size)\nprint(\"Kiểu dữ liệu:\", arr.dtype)\n            </div>\n            \n            <div class=\"output\">\nKích thước (shape): (2, 4)\nSố chiều: 2\nTổng số phần tử: 8\nKiểu dữ liệu: int64\n            </div>\n            \n            <h3>2.4. Truy cập và cắt mảng</h3>\n            <div class=\"code-block\">\narr = np.array([1, 2, 3, 4, 5, 6, 7, 8, 9, 10])\n\n# Truy cập phần tử\nprint(\"Phần tử đầu tiên:\", arr[0])\nprint(\"Phần tử cuối cùng:\", arr[-1])\n\n# Cắt mảng (slicing)\nprint(\"Từ index 2 đến 5:\", arr[2:6])\nprint(\"Từ đầu đến index 4:\", arr[:5])\nprint(\"Từ index 5 đến cuối:\", arr[5:])\n\n# Với mảng 2 chiều\narr2d = np.array([[1, 2, 3], [4, 5, 6], [7, 8, 9]])\nprint(\"Phần tử hàng 1, cột 2:\", arr2d[1, 2])\nprint(\"Hàng đầu tiên:\", arr2d[0, :])\nprint(\"Cột đầu tiên:\", arr2d[:, 0])\n            </div>\n            \n            <h3>2.5. Các phép toán cơ bản</h3>\n            <div class=\"code-block\">\na = np.array([1, 2, 3, 4])\nb = np.array([5, 6, 7, 8])\n\n# Phép toán cơ bản\nprint(\"Cộng:\", a + b)\nprint(\"Trừ:\", a - b)\nprint(\"Nhân:\", a * b)\nprint(\"Chia:\", a / b)\nprint(\"Lũy thừa:\", a ** 2)\n\n# Các hàm toán học\nprint(\"Tổng:\", np.sum(a))\nprint(\"Trung bình:\", np.mean(a))\nprint(\"Giá trị max:\", np.max(a))\nprint(\"Giá trị min:\", np.min(a))\nprint(\"Độ lệch chuẩn:\", np.std(a))\n            </div>\n            \n            <h2>3. Pandas - Làm việc với dữ liệu có cấu trúc</h2>\n            \n            <h3>3.1. Cài đặt và import Pandas</h3>\n            <div class=\"code-block\">\n# Cài đặt Pandas (nếu chưa có)\npip install pandas\n\n# Import Pandas\nimport pandas as pd\n            </div>\n            \n            <h3>3.2. Series - Dữ liệu 1 chiều</h3>\n            <div class=\"code-block\">\n# Tạo Series từ list\ns1 = pd.Series([1, 2, 3, 4, 5])\nprint(\"Series cơ bản:\")\nprint(s1)\n\n# Tạo Series với index tùy chỉnh\ns2 = pd.Series([100, 200, 300], index=[\'A\', \'B\', \'C\'])\nprint(\"\\nSeries với index tùy chỉnh:\")\nprint(s2)\n\n# Tạo Series từ dictionary\ndata_dict = {\'Hà Nội\': 8000000, \'TP.HCM\': 9000000, \'Đà Nẵng\': 1500000}\ns3 = pd.Series(data_dict)\nprint(\"\\nSeries từ dictionary:\")\nprint(s3)\n            </div>\n            \n            <div class=\"output\">\nSeries cơ bản:\n0    1\n1    2\n2    3\n3    4\n4    5\ndtype: int64\n\nSeries với index tùy chỉnh:\nA    100\nB    200\nC    300\ndtype: int64\n\nSeries từ dictionary:\nHà Nội      8000000\nTP.HCM      9000000\nĐà Nẵng     1500000\ndtype: int64\n            </div>\n            \n            <h3>3.3. DataFrame - Dữ liệu dạng bảng</h3>\n            <div class=\"code-block\">\n# Tạo DataFrame từ dictionary\ndata = {\n    \'Tên\': [\'An\', \'Bình\', \'Chi\', \'Dung\'],\n    \'Tuổi\': [25, 30, 27, 22],\n    \'Thành phố\': [\'Hà Nội\', \'TP.HCM\', \'Đà Nẵng\', \'Hà Nội\'],\n    \'Lương\': [15000000, 20000000, 18000000, 12000000]\n}\n\ndf = pd.DataFrame(data)\nprint(\"DataFrame cơ bản:\")\nprint(df)\n            </div>\n            \n            <div class=\"output\">\nDataFrame cơ bản:\n    Tên  Tuổi Thành phố      Lương\n0    An    25     Hà Nội   15000000\n1  Bình    30     TP.HCM   20000000\n2   Chi    27    Đà Nẵng   18000000\n3  Dung    22     Hà Nội   12000000\n            </div>\n            \n            <h3>3.4. Thông tin cơ bản về DataFrame</h3>\n            <div class=\"code-block\">\n# Xem thông tin tổng quan\nprint(\"Kích thước DataFrame:\", df.shape)\nprint(\"\\nThông tin về DataFrame:\")\nprint(df.info())\n\nprint(\"\\nMô tả thống kê:\")\nprint(df.describe())\n\nprint(\"\\n5 dòng đầu:\")\nprint(df.head())\n\nprint(\"\\n5 dòng cuối:\")\nprint(df.tail())\n            </div>\n            \n            <h3>3.5. Truy cập dữ liệu trong DataFrame</h3>\n            <div class=\"code-block\">\n# Truy cập cột\nprint(\"Cột \'Tên\':\")\nprint(df[\'Tên\'])\n\nprint(\"\\nNhiều cột:\")\nprint(df[[\'Tên\', \'Lương\']])\n\n# Truy cập hàng\nprint(\"\\nHàng đầu tiên:\")\nprint(df.iloc[0])  # Theo vị trí\n\nprint(\"\\nHàng có index 1:\")\nprint(df.loc[1])   # Theo label\n\n# Truy cập phần tử cụ thể\nprint(\"\\nTên của người thứ 2:\")\nprint(df.loc[1, \'Tên\'])\n            </div>\n            \n            <h3>3.6. Lọc dữ liệu</h3>\n            <div class=\"code-block\">\n# Lọc theo điều kiện\nprint(\"Người có tuổi > 25:\")\nprint(df[df[\'Tuổi\'] > 25])\n\nprint(\"\\nNgười ở Hà Nội:\")\nprint(df[df[\'Thành phố\'] == \'Hà Nội\'])\n\nprint(\"\\nNgười có lương > 15 triệu và tuổi < 30:\")\nprint(df[(df[\'Lương\'] > 15000000) & (df[\'Tuổi\'] < 30)])\n            </div>\n            \n            <h3>3.7. Các phép toán cơ bản trên DataFrame</h3>\n            <div class=\"code-block\">\n# Thêm cột mới\ndf[\'Lương_năm\'] = df[\'Lương\'] * 12\nprint(\"DataFrame sau khi thêm cột Lương_năm:\")\nprint(df)\n\n# Tính toán thống kê\nprint(\"\\nLương trung bình:\", df[\'Lương\'].mean())\nprint(\"Tuổi trung bình:\", df[\'Tuổi\'].mean())\nprint(\"Lương cao nhất:\", df[\'Lương\'].max())\nprint(\"Lương thấp nhất:\", df[\'Lương\'].min())\n\n# Đếm theo nhóm\nprint(\"\\nSố người theo thành phố:\")\nprint(df[\'Thành phố\'].value_counts())\n            </div>\n            \n            <h2>4. Đọc và ghi dữ liệu</h2>\n            \n            <h3>4.1. Làm việc với file CSV</h3>\n            <div class=\"code-block\">\n# Ghi DataFrame ra file CSV\ndf.to_csv(\'dulieu_nhanvien.csv\', index=False, encoding=\'utf-8\')\nprint(\"Đã ghi file dulieu_nhanvien.csv\")\n\n# Đọc file CSV\ndf_from_csv = pd.read_csv(\'dulieu_nhanvien.csv\', encoding=\'utf-8\')\nprint(\"Dữ liệu đọc từ CSV:\")\nprint(df_from_csv)\n            </div>\n            \n            <h3>4.2. Làm việc với file Excel</h3>\n            <div class=\"code-block\">\n# Ghi ra Excel (cần cài openpyxl: pip install openpyxl)\ndf.to_excel(\'dulieu_nhanvien.xlsx\', index=False)\nprint(\"Đã ghi file dulieu_nhanvien.xlsx\")\n\n# Đọc từ Excel\ndf_from_excel = pd.read_excel(\'dulieu_nhanvien.xlsx\')\nprint(\"Dữ liệu đọc từ Excel:\")\nprint(df_from_excel)\n            </div>\n            \n            <h2>5. Xử lý dữ liệu thiếu (Missing Data)</h2>\n            \n            <h3>5.1. Phát hiện dữ liệu thiếu</h3>\n            <div class=\"code-block\">\n# Tạo DataFrame có dữ liệu thiếu\nimport numpy as np\n\ndata_missing = {\n    \'A\': [1, 2, np.nan, 4, 5],\n    \'B\': [10, np.nan, 30, 40, np.nan],\n    \'C\': [100, 200, 300, np.nan, 500]\n}\n\ndf_missing = pd.DataFrame(data_missing)\nprint(\"DataFrame có dữ liệu thiếu:\")\nprint(df_missing)\n\n# Kiểm tra dữ liệu thiếu\nprint(\"\\nKiểm tra dữ liệu thiếu:\")\nprint(df_missing.isnull())\n\nprint(\"\\nSố lượng dữ liệu thiếu theo cột:\")\nprint(df_missing.isnull().sum())\n            </div>\n            \n            <h3>5.2. Xử lý dữ liệu thiếu</h3>\n            <div class=\"code-block\">\n# Loại bỏ các hàng có dữ liệu thiếu\ndf_dropna = df_missing.dropna()\nprint(\"Sau khi loại bỏ hàng có dữ liệu thiếu:\")\nprint(df_dropna)\n\n# Điền giá trị thay thế\ndf_fillna = df_missing.fillna(0)  # Điền 0\nprint(\"\\nSau khi điền 0 vào dữ liệu thiếu:\")\nprint(df_fillna)\n\n# Điền giá trị trung bình\ndf_fillmean = df_missing.fillna(df_missing.mean())\nprint(\"\\nSau khi điền giá trị trung bình:\")\nprint(df_fillmean)\n            </div>\n            \n            <h2>6. Nhóm dữ liệu (GroupBy)</h2>\n            \n            <div class=\"code-block\">\n# Tạo DataFrame mẫu cho GroupBy\nsales_data = {\n    \'Sản phẩm\': [\'A\', \'B\', \'A\', \'C\', \'B\', \'A\', \'C\', \'B\'],\n    \'Vùng\': [\'Bắc\', \'Nam\', \'Bắc\', \'Trung\', \'Nam\', \'Trung\', \'Bắc\', \'Nam\'],\n    \'Doanh số\': [100, 150, 120, 80, 200, 90, 110, 180],\n    \'Tháng\': [1, 1, 2, 1, 2, 3, 2, 3]\n}\n\ndf_sales = pd.DataFrame(sales_data)\nprint(\"Dữ liệu bán hàng:\")\nprint(df_sales)\n\n# Nhóm theo sản phẩm\nprint(\"\\nTổng doanh số theo sản phẩm:\")\nprint(df_sales.groupby(\'Sản phẩm\')[\'Doanh số\'].sum())\n\n# Nhóm theo vùng\nprint(\"\\nDoanh số trung bình theo vùng:\")\nprint(df_sales.groupby(\'Vùng\')[\'Doanh số\'].mean())\n\n# Nhóm theo nhiều cột\nprint(\"\\nTổng doanh số theo sản phẩm và vùng:\")\nprint(df_sales.groupby([\'Sản phẩm\', \'Vùng\'])[\'Doanh số\'].sum())\n            </div>\n            \n            <h2>7. Sắp xếp dữ liệu</h2>\n            \n            <div class=\"code-block\">\n# Sắp xếp theo cột\nprint(\"Sắp xếp theo doanh số tăng dần:\")\nprint(df_sales.sort_values(\'Doanh số\'))\n\nprint(\"\\nSắp xếp theo doanh số giảm dần:\")\nprint(df_sales.sort_values(\'Doanh số\', ascending=False))\n\n# Sắp xếp theo nhiều cột\nprint(\"\\nSắp xếp theo vùng, sau đó theo doanh số:\")\nprint(df_sales.sort_values([\'Vùng\', \'Doanh số\']))\n            </div>\n            \n            <div class=\"exercise\">\n                <h4>Bài tập thực hành</h4>\n                <p><strong>Bài tập 1:</strong> Tạo một mảng NumPy chứa 20 số ngẫu nhiên từ 1 đến 100, sau đó:</p>\n                <ul>\n                    <li>Tìm giá trị lớn nhất và nhỏ nhất</li>\n                    <li>Tính trung bình và độ lệch chuẩn</li>\n                    <li>Đếm có bao nhiều số chẵn và lẻ</li>\n                    <li>Tạo một mảng mới chỉ chứa các số > 50</li>\n                </ul>\n                \n                <div class=\"code-block\">\n# Gợi ý cho bài tập 1\nimport numpy as np\n\n# Tạo mảng ngẫu nhiên\narr = np.random.randint(1, 101, 20)\nprint(\"Mảng ngẫu nhiên:\", arr)\n\n# Bạn tiếp tục code...\n                </div>\n                \n                <p><strong>Bài tập 2:</strong> Tạo một DataFrame chứa thông tin về 10 sản phẩm (tên sản phẩm, giá, danh mục, số lượng tồn kho), sau đó:</p>\n                <ul>\n                    <li>Tìm sản phẩm có giá cao nhất và thấp nhất</li>\n                    <li>Tính tổng giá trị tồn kho (giá × số lượng)</li>\n                    <li>Lọc các sản phẩm có giá > 500,000 VNĐ</li>\n                    <li>Đếm số sản phẩm theo từng danh mục</li>\n                    <li>Tính giá trung bình theo danh mục</li>\n                </ul>\n                \n                <div class=\"code-block\">\n# Gợi ý cho bài tập 2\nimport pandas as pd\n\n# Tạo dữ liệu mẫu\nproducts_data = {\n    \'Tên sản phẩm\': [\'Laptop A\', \'Điện thoại B\', \'Tai nghe C\', ...],\n    \'Giá\': [15000000, 8000000, 500000, ...],\n    \'Danh mục\': [\'Laptop\', \'Điện thoại\', \'Phụ kiện\', ...],\n    \'Số lượng\': [10, 25, 50, ...]\n}\n\ndf_products = pd.DataFrame(products_data)\n# Bạn tiếp tục code...\n                </div>\n                \n                <p><strong>Bài tập 3:</strong> Tạo một DataFrame chứa dữ liệu bán hàng theo tháng, sau đó:</p>\n                <ul>\n                    <li>Tính tổng doanh thu theo tháng</li>\n                    <li>Tìm tháng có doanh thu cao nhất</li>\n                    <li>Tạo cột tăng trưởng so với tháng trước</li>\n                    <li>Lưu kết quả ra file Excel</li>\n                </ul>\n            </div>\n            \n            <div class=\"warning\">\n                <strong>Lưu ý quan trọng:</strong>\n                <ul>\n                    <li>NumPy arrays có hiệu suất cao hơn Python lists khi xử lý dữ liệu số lớn</li>\n                    <li>Pandas DataFrame rất mạnh mẽ cho việc xử lý dữ liệu có cấu trúc và dữ liệu thực tế</li>\n                    <li>Luôn kiểm tra kiểu dữ liệu và xử lý dữ liệu thiếu (missing data) trước khi phân tích</li>\n                    <li>Sử dụng encoding=\'utf-8\' khi đọc/ghi file có tiếng Việt</li>\n                    <li>Với dữ liệu lớn, hãy sử dụng df.head() để xem trước trước khi in toàn bộ</li>\n                    <li>Sử dụng df.info() để hiểu cấu trúc dữ liệu và df.describe() để xem thống kê mô tả</li>\n                </ul>\n            </div>\n            \n            <h2>8. Tổng kết</h2>\n            <p>Trong bài học này, bạn đã học được:</p>\n            <ul>\n                <li>Cách sử dụng NumPy để tạo và thao tác với mảng số học</li>\n                <li>Cách sử dụng Pandas Series và DataFrame để làm việc với dữ liệu có cấu trúc</li>\n                <li>Các phép toán cơ bản và thống kê trên dữ liệu</li>\n                <li>Cách đọc và ghi dữ liệu từ/ra file CSV và Excel</li>\n                <li>Xử lý dữ liệu thiếu và làm sạch dữ liệu</li>\n                <li>Nhóm và sắp xếp dữ liệu</li>\n                <li>Lọc và truy vấn dữ liệu theo điều kiện</li>\n            </ul>\n            \n            <p>Đây là nền tảng quan trọng cho việc phân tích dữ liệu. Trong bài tiếp theo, chúng ta sẽ học cách trực quan hóa dữ liệu với Matplotlib và Seaborn để tạo ra các biểu đồ và đồ thị đẹp mắt, giúp hiểu rõ hơn về dữ liệu.</p>\n            \n            <div class=\"note\">\n                <strong>Bài tiếp theo:</strong> Bài 3 - Trực quan hóa dữ liệu với Matplotlib và Seaborn\n            </div>\n        </div>\n    </div>\n</div>','2025-06-11 12:46:15.452204','NumPy và Pandas cơ bản','2025-06-11 14:05:40.744976',NULL,'d8e8bc8f-fe15-4b42-b0ab-a21388924668','Cơ bản về 2 thư viện xử lý dữ liệu quan trọng trong Python'),('beb35ec4-f786-4814-be92-515877e973e2','https://example.com/attachments/python-lesson.pdf','<div style=\"max-width: 800px; margin: 0 auto; padding: 20px; font-family: \'Segoe UI\', Tahoma, Geneva, Verdana, sans-serif; line-height: 1.6; color: #333;\">\n    <h1 style=\"color: #2c3e50; border-bottom: 3px solid #3498db; padding-bottom: 10px; margin-bottom: 30px;\">\n        🐍 Hướng dẫn lập trình Python cơ bản\n    </h1>\n\n    <div style=\"background: linear-gradient(135deg, #667eea 0%, #764ba2 100%); color: white; padding: 20px; border-radius: 10px; margin-bottom: 30px;\">\n        <h2 style=\"margin-bottom: 10px;\">Chào mừng đến với Python!</h2>\n        <p>Python là một ngôn ngữ lập trình mạnh mẽ, dễ học và được sử dụng rộng rãi trong nhiều lĩnh vực từ phát triển web, khoa học dữ liệu đến trí tuệ nhân tạo.</p>\n    </div>\n\n    <h2 style=\"color: #e74c3c; margin: 25px 0 15px 0;\">📚 Mục lục</h2>\n    <ul style=\"background: #f8f9fa; padding: 20px; border-radius: 8px; margin-bottom: 30px;\">\n        <li><a href=\"#intro\" style=\"color: #3498db; text-decoration: none;\">1. Giới thiệu về Python</a></li>\n        <li><a href=\"#syntax\" style=\"color: #3498db; text-decoration: none;\">2. Cú pháp cơ bản</a></li>\n        <li><a href=\"#variables\" style=\"color: #3498db; text-decoration: none;\">3. Biến và kiểu dữ liệu</a></li>\n        <li><a href=\"#operators\" style=\"color: #3498db; text-decoration: none;\">4. Toán tử</a></li>\n        <li><a href=\"#control\" style=\"color: #3498db; text-decoration: none;\">5. Cấu trúc điều khiển</a></li>\n        <li><a href=\"#functions\" style=\"color: #3498db; text-decoration: none;\">6. Hàm</a></li>\n        <li><a href=\"#data-structures\" style=\"color: #3498db; text-decoration: none;\">7. Cấu trúc dữ liệu</a></li>\n        <li><a href=\"#examples\" style=\"color: #3498db; text-decoration: none;\">8. Ví dụ thực hành</a></li>\n    </ul>\n\n    <section id=\"intro\">\n        <h2 style=\"color: #e74c3c; margin: 25px 0 15px 0;\">1. 🌟 Giới thiệu về Python</h2>\n        <div style=\"background: #fff3cd; border-left: 4px solid #ffc107; padding: 15px; margin: 15px 0;\">\n            <p><strong>Python</strong> được tạo ra bởi Guido van Rossum và lần đầu được phát hành vào năm 1991. Đặc điểm nổi bật:</p>\n            <ul style=\"margin-top: 10px; padding-left: 20px;\">\n                <li>Cú pháp đơn giản, dễ đọc</li>\n                <li>Ngôn ngữ thông dịch (interpreted)</li>\n                <li>Hỗ trợ lập trình hướng đối tượng</li>\n                <li>Thư viện phong phú</li>\n                <li>Cộng đồng lớn và tài liệu phong phú</li>\n            </ul>\n        </div>\n    </section>\n\n    <section id=\"syntax\">\n        <h2 style=\"color: #e74c3c; margin: 25px 0 15px 0;\">2. ✍️ Cú pháp cơ bản</h2>\n        <h3 style=\"color: #34495e; margin: 20px 0 10px 0;\">Hello World</h3>\n        <div style=\"background: #2c3e50; color: #ecf0f1; padding: 15px; border-radius: 5px; font-family: \'Courier New\', monospace; margin: 10px 0;\">\n            <pre><code>print(\"Xin chào, thế giới!\")\nprint(\"Hello, Python!\")</code></pre>\n        </div>\n\n        <h3 style=\"color: #34495e; margin: 20px 0 10px 0;\">Chú thích (Comments)</h3>\n        <div style=\"background: #2c3e50; color: #ecf0f1; padding: 15px; border-radius: 5px; font-family: \'Courier New\', monospace; margin: 10px 0;\">\n            <pre><code># Đây là chú thích một dòng\nprint(\"Hello\")  # Chú thích cuối dòng\n\n\"\"\"\nĐây là chú thích\nnhiều dòng\n\"\"\"</code></pre>\n        </div>\n    </section>\n\n    <section id=\"variables\">\n        <h2 style=\"color: #e74c3c; margin: 25px 0 15px 0;\">3. 🏷️ Biến và kiểu dữ liệu</h2>\n        \n        <h3 style=\"color: #34495e; margin: 20px 0 10px 0;\">Khai báo biến</h3>\n        <div style=\"background: #2c3e50; color: #ecf0f1; padding: 15px; border-radius: 5px; font-family: \'Courier New\', monospace; margin: 10px 0;\">\n            <pre><code># Số nguyên\ntuoi = 25\nso_hoc_sinh = 100\n\n# Số thực\ndiem_tb = 8.5\npi = 3.14159\n\n# Chuỗi\nten = \"Nguyễn Văn A\"\nthong_bao = \'Chào mừng bạn!\'\n\n# Boolean\nla_hoc_sinh = True\nda_tot_nghiep = False</code></pre>\n        </div>\n\n        <h3 style=\"color: #34495e; margin: 20px 0 10px 0;\">Kiểu dữ liệu cơ bản</h3>\n        <div style=\"background: #e8f5e8; border-left: 4px solid #27ae60; padding: 15px; margin: 15px 0;\">\n            <ul>\n                <li><strong>int:</strong> Số nguyên (1, 2, -5, 100)</li>\n                <li><strong>float:</strong> Số thực (3.14, -2.5, 0.0)</li>\n                <li><strong>str:</strong> Chuỗi (\"Hello\", \'Python\')</li>\n                <li><strong>bool:</strong> Boolean (True, False)</li>\n            </ul>\n        </div>\n\n        <div style=\"background: #2c3e50; color: #ecf0f1; padding: 15px; border-radius: 5px; font-family: \'Courier New\', monospace; margin: 10px 0;\">\n            <pre><code># Kiểm tra kiểu dữ liệu\nprint(type(25))        # &lt;class \'int\'&gt;\nprint(type(3.14))      # &lt;class \'float\'&gt;\nprint(type(\"Hello\"))   # &lt;class \'str\'&gt;\nprint(type(True))      # &lt;class \'bool\'&gt;</code></pre>\n        </div>\n    </section>\n\n    <section id=\"operators\">\n        <h2 style=\"color: #e74c3c; margin: 25px 0 15px 0;\">4. ➕ Toán tử</h2>\n        \n        <h3 style=\"color: #34495e; margin: 20px 0 10px 0;\">Toán tử số học</h3>\n        <div style=\"background: #2c3e50; color: #ecf0f1; padding: 15px; border-radius: 5px; font-family: \'Courier New\', monospace; margin: 10px 0;\">\n            <pre><code>a = 10\nb = 3\n\nprint(a + b)   # Cộng: 13\nprint(a - b)   # Trừ: 7\nprint(a * b)   # Nhân: 30\nprint(a / b)   # Chia: 3.3333...\nprint(a // b)  # Chia lấy phần nguyên: 3\nprint(a % b)   # Chia lấy dư: 1\nprint(a ** b)  # Lũy thừa: 1000</code></pre>\n        </div>\n\n        <h3 style=\"color: #34495e; margin: 20px 0 10px 0;\">Toán tử so sánh</h3>\n        <div style=\"background: #2c3e50; color: #ecf0f1; padding: 15px; border-radius: 5px; font-family: \'Courier New\', monospace; margin: 10px 0;\">\n            <pre><code>x = 5\ny = 3\n\nprint(x == y)  # Bằng: False\nprint(x != y)  # Khác: True\nprint(x > y)   # Lớn hơn: True\nprint(x < y)   # Nhỏ hơn: False\nprint(x >= y)  # Lớn hơn hoặc bằng: True\nprint(x <= y)  # Nhỏ hơn hoặc bằng: False</code></pre>\n        </div>\n    </section>\n\n    <section id=\"control\">\n        <h2 style=\"color: #e74c3c; margin: 25px 0 15px 0;\">5. 🔄 Cấu trúc điều khiển</h2>\n        \n        <h3 style=\"color: #34495e; margin: 20px 0 10px 0;\">Câu lệnh if/elif/else</h3>\n        <div style=\"background: #2c3e50; color: #ecf0f1; padding: 15px; border-radius: 5px; font-family: \'Courier New\', monospace; margin: 10px 0;\">\n            <pre><code>diem = 85\n\nif diem >= 90:\n    print(\"Xuất sắc\")\nelif diem >= 80:\n    print(\"Giỏi\")\nelif diem >= 70:\n    print(\"Khá\")\nelif diem >= 60:\n    print(\"Trung bình\")\nelse:\n    print(\"Yếu\")</code></pre>\n        </div>\n\n        <h3 style=\"color: #34495e; margin: 20px 0 10px 0;\">Vòng lặp for</h3>\n        <div style=\"background: #2c3e50; color: #ecf0f1; padding: 15px; border-radius: 5px; font-family: \'Courier New\', monospace; margin: 10px 0;\">\n            <pre><code># Lặp qua dãy số\nfor i in range(5):\n    print(f\"Số: {i}\")\n\n# Lặp qua danh sách\nfruits = [\"táo\", \"cam\", \"chuối\"]\nfor fruit in fruits:\n    print(f\"Tôi thích {fruit}\")</code></pre>\n        </div>\n\n        <h3 style=\"color: #34495e; margin: 20px 0 10px 0;\">Vòng lặp while</h3>\n        <div style=\"background: #2c3e50; color: #ecf0f1; padding: 15px; border-radius: 5px; font-family: \'Courier New\', monospace; margin: 10px 0;\">\n            <pre><code>dem = 0\nwhile dem < 5:\n    print(f\"Đếm: {dem}\")\n    dem += 1</code></pre>\n        </div>\n    </section>\n\n    <section id=\"functions\">\n        <h2 style=\"color: #e74c3c; margin: 25px 0 15px 0;\">6. 🔧 Hàm</h2>\n        \n        <h3 style=\"color: #34495e; margin: 20px 0 10px 0;\">Định nghĩa hàm</h3>\n        <div style=\"background: #2c3e50; color: #ecf0f1; padding: 15px; border-radius: 5px; font-family: \'Courier New\', monospace; margin: 10px 0;\">\n            <pre><code>def chao_hoi(ten):\n    \"\"\"Hàm chào hỏi\"\"\"\n    return f\"Xin chào, {ten}!\"\n\n# Gọi hàm\nloi_chao = chao_hoi(\"Python\")\nprint(loi_chao)</code></pre>\n        </div>\n\n        <h3 style=\"color: #34495e; margin: 20px 0 10px 0;\">Hàm với nhiều tham số</h3>\n        <div style=\"background: #2c3e50; color: #ecf0f1; padding: 15px; border-radius: 5px; font-family: \'Courier New\', monospace; margin: 10px 0;\">\n            <pre><code>def tinh_dien_tich(chieu_dai, chieu_rong):\n    \"\"\"Tính diện tích hình chữ nhật\"\"\"\n    dien_tich = chieu_dai * chieu_rong\n    return dien_tich\n\n# Sử dụng\nket_qua = tinh_dien_tich(5, 3)\nprint(f\"Diện tích: {ket_qua} m²\")</code></pre>\n        </div>\n    </section>\n\n    <section id=\"data-structures\">\n        <h2 style=\"color: #e74c3c; margin: 25px 0 15px 0;\">7. 📊 Cấu trúc dữ liệu</h2>\n        \n        <h3 style=\"color: #34495e; margin: 20px 0 10px 0;\">Danh sách (List)</h3>\n        <div style=\"background: #2c3e50; color: #ecf0f1; padding: 15px; border-radius: 5px; font-family: \'Courier New\', monospace; margin: 10px 0;\">\n            <pre><code># Tạo danh sách\nmon_hoc = [\"Toán\", \"Lý\", \"Hóa\", \"Sinh\"]\n\n# Thêm phần tử\nmon_hoc.append(\"Văn\")\n\n# Truy cập phần tử\nprint(mon_hoc[0])  # Toán\n\n# Duyệt danh sách\nfor mon in mon_hoc:\n    print(mon)</code></pre>\n        </div>\n\n        <h3 style=\"color: #34495e; margin: 20px 0 10px 0;\">Từ điển (Dictionary)</h3>\n        <div style=\"background: #2c3e50; color: #ecf0f1; padding: 15px; border-radius: 5px; font-family: \'Courier New\', monospace; margin: 10px 0;\">\n            <pre><code># Tạo từ điển\nhoc_sinh = {\n    \"ten\": \"Nguyễn Văn A\",\n    \"tuoi\": 16,\n    \"lop\": \"10A1\",\n    \"diem_tb\": 8.5\n}\n\n# Truy cập giá trị\nprint(hoc_sinh[\"ten\"])\n\n# Thêm/sửa giá trị\nhoc_sinh[\"que_quan\"] = \"Hà Nội\"</code></pre>\n        </div>\n    </section>\n\n    <section id=\"examples\">\n        <h2 style=\"color: #e74c3c; margin: 25px 0 15px 0;\">8. 💡 Ví dụ thực hành</h2>\n        \n        <h3 style=\"color: #34495e; margin: 20px 0 10px 0;\">Chương trình tính điểm trung bình</h3>\n        <div style=\"background: #2c3e50; color: #ecf0f1; padding: 15px; border-radius: 5px; font-family: \'Courier New\', monospace; margin: 10px 0;\">\n            <pre><code>def tinh_diem_tb():\n    \"\"\"Tính điểm trung bình các môn học\"\"\"\n    diem_so = []\n    \n    print(\"Nhập điểm các môn học (nhập -1 để kết thúc):\")\n    while True:\n        diem = float(input(\"Nhập điểm: \"))\n        if diem == -1:\n            break\n        diem_so.append(diem)\n    \n    if len(diem_so) > 0:\n        diem_tb = sum(diem_so) / len(diem_so)\n        print(f\"Điểm trung bình: {diem_tb:.2f}\")\n        \n        if diem_tb >= 8.0:\n            print(\"Xếp loại: Giỏi\")\n        elif diem_tb >= 6.5:\n            print(\"Xếp loại: Khá\")\n        elif diem_tb >= 5.0:\n            print(\"Xếp loại: Trung bình\")\n        else:\n            print(\"Xếp loại: Yếu\")\n    else:\n        print(\"Không có điểm nào được nhập!\")\n\n# Chạy chương trình\n# tinh_diem_tb()</code></pre>\n        </div>\n\n        <h3 style=\"color: #34495e; margin: 20px 0 10px 0;\">Game đoán số</h3>\n        <div style=\"background: #2c3e50; color: #ecf0f1; padding: 15px; border-radius: 5px; font-family: \'Courier New\', monospace; margin: 10px 0;\">\n            <pre><code>import random\n\ndef game_doan_so():\n    \"\"\"Game đoán số từ 1 đến 100\"\"\"\n    so_can_doan = random.randint(1, 100)\n    so_lan_doan = 0\n    \n    print(\"🎮 Chào mừng đến với game đoán số!\")\n    print(\"Tôi đã nghĩ ra một số từ 1 đến 100.\")\n    \n    while True:\n        try:\n            du_doan = int(input(\"Bạn đoán số nào? \"))\n            so_lan_doan += 1\n            \n            if du_doan == so_can_doan:\n                print(f\"🎉 Chúc mừng! Bạn đã đoán đúng sau {so_lan_doan} lần thử!\")\n                break\n            elif du_doan < so_can_doan:\n                print(\"📈 Số bạn đoán nhỏ hơn!\")\n            else:\n                print(\"📉 Số bạn đoán lớn hơn!\")\n                \n        except ValueError:\n            print(\"❌ Vui lòng nhập một số hợp lệ!\")\n\n# Chạy game\n# game_doan_so()</code></pre>\n        </div>\n    </section>\n\n    <div style=\"background: linear-gradient(135deg, #667eea 0%, #764ba2 100%); color: white; padding: 20px; border-radius: 10px; margin-top: 40px; text-align: center;\">\n        <h2 style=\"margin-bottom: 10px;\">🎓 Kết luận</h2>\n        <p>Bạn đã hoàn thành bài học Python cơ bản! Hãy tiếp tục luyện tập với các dự án nhỏ để củng cố kiến thức. Python có rất nhiều thư viện và ứng dụng thú vị đang chờ bạn khám phá!</p>\n        <p style=\"margin-top: 15px;\"><strong>Bước tiếp theo:</strong> Thực hành coding mỗi ngày và tham gia các dự án thực tế! 🚀</p>\n    </div>\n\n    <div style=\"margin-top: 30px; padding: 15px; background: #f8f9fa; border-radius: 8px; border-left: 4px solid #3498db;\">\n        <h3 style=\"color: #2c3e50; margin-bottom: 10px;\">📚 Tài liệu tham khảo</h3>\n        <ul style=\"color: #34495e;\">\n            <li>Tài liệu chính thức Python: python.org</li>\n            <li>Các khóa học online: Coursera, edX, Udemy</li>\n            <li>Thực hành coding: HackerRank, LeetCode, Codewars</li>\n            <li>Cộng đồng: Stack Overflow, Reddit r/Python</li>\n        </ul>\n    </div>\n</div>','2025-06-04 00:53:27.167993','Hướng dẫn lập trình Python cơ bản','2025-06-11 04:35:55.597743','https://example.com/videos/python-lesson.mp4','3f345836-677d-4370-9ba0-233ba1f95c6b','Bài học này giới thiệu các khái niệm cơ bản về Python, bao gồm cú pháp, biến, và vòng lặp với ví dụ minh họa.'),('d94faf74-006b-4eb7-a153-e62bde66cb4f','https://grok.com/chat/a7217a13-fb79-4511-a683-5f068887f05e','<div class=\"lesson-content\">\n    <h2>⚠️ Các loại tấn công mạng phổ biến và phương pháp phòng chống</h2>\n    \n    <h3>1. Giới thiệu về tấn công mạng</h3>\n    <p><strong>Tấn công mạng (Cyber Attack)</strong> là các hành vi cố gắng truy cập trái phép, làm hỏng, hoặc phá hủy hệ thống thông tin, mạng máy tính hoặc dữ liệu.</p>\n    \n    <div class=\"threat-landscape\" style=\"background: #ffe4e1; padding: 15px; border-left: 4px solid #ff6b6b; margin: 15px 0;\">\n        <h4>📊 Thống kê tấn công mạng:</h4>\n        <ul>\n            <li>95% các vi phạm bảo mật thành công do lỗi con người</li>\n            <li>Trung bình 280 ngày để phát hiện một cuộc tấn công</li>\n            <li>Chi phí trung bình của một vụ rò rỉ dữ liệu: 4.45 triệu USD (2023)</li>\n        </ul>\n    </div>\n\n    <h3>2. DDoS Attack (Distributed Denial of Service)</h3>\n    <p>Tấn công từ chối dịch vụ phân tán nhằm làm quá tải hệ thống mục tiêu.</p>\n    \n    <div class=\"attack-details\" style=\"background: #f0f8ff; padding: 15px; border-radius: 8px; margin: 15px 0;\">\n        <h4>Cơ chế hoạt động:</h4>\n        <p><strong>Công thức tính tải:</strong> $Load = \\frac{Total\\_Requests}{Server\\_Capacity}$</p>\n        <p>Khi $Load > 1$, server sẽ bị quá tải và không thể phục vụ.</p>\n        \n        <h5>Các loại DDoS:</h5>\n        <ol>\n            <li><strong>Volume-based:</strong> Làm tràn băng thông (Gbps)</li>\n            <li><strong>Protocol-based:</strong> Tấn công lớp giao thức (PPS - Packets Per Second)</li>\n            <li><strong>Application-based:</strong> Tấn công ứng dụng (RPS - Requests Per Second)</li>\n        </ol>\n        \n        <div style=\"background: #fff; padding: 10px; margin: 10px 0; border: 1px solid #ddd;\">\n            <p><strong>Ví dụ tính toán:</strong></p>\n            <p>Server capacity: 1000 RPS</p>\n            <p>Botnet: 10,000 máy zombie × 2 RPS = 20,000 RPS</p>\n            <p>$Load = \\frac{20,000}{1,000} = 20$ → Server quá tải!</p>\n        </div>\n    </div>\n\n    <div class=\"defense-methods\" style=\"background: #e8f5e8; padding: 15px; border-radius: 8px; margin: 15px 0;\">\n        <h4>🛡️ Phương pháp phòng chống DDoS:</h4>\n        <ul>\n            <li><strong>Rate Limiting:</strong> Giới hạn số request/IP/thời gian</li>\n            <li><strong>Load Balancing:</strong> Phân tải qua nhiều server</li>\n            <li><strong>CDN (Content Delivery Network):</strong> Phân tán nội dung</li>\n            <li><strong>Firewall Rules:</strong> Lọc traffic bất thường</li>\n            <li><strong>DDoS Protection Service:</strong> Cloudflare, AWS Shield</li>\n        </ul>\n    </div>\n\n    <h3>3. SQL Injection</h3>\n    <p>Tấn công bằng cách chèn mã SQL độc hại vào input để thao tác database.</p>\n    \n    <div class=\"vulnerability-example\" style=\"background: #fff0f0; padding: 15px; border-radius: 8px; margin: 15px 0;\">\n        <h4>Ví dụ code dễ bị tấn công:</h4>\n        <pre style=\"background: #f5f5f5; padding: 10px; overflow-x: auto;\">\n$username = $_POST[\'username\'];\n$password = $_POST[\'password\'];\n$query = \"SELECT * FROM users WHERE username=\'$username\' AND password=\'$password\'\";\n        </pre>\n        \n        <h5>Input tấn công:</h5>\n        <p><strong>Username:</strong> <code>admin\' OR \'1\'=\'1\' --</code></p>\n        <p><strong>Password:</strong> <code>anything</code></p>\n        \n        <h5>Query được tạo:</h5>\n        <pre style=\"background: #ffe6e6; padding: 10px; color: #d32f2f;\">\nSELECT * FROM users WHERE username=\'admin\' OR \'1\'=\'1\' --\' AND password=\'anything\'\n        </pre>\n        <p>Kết quả: <strong>\'1\'=\'1\'</strong> luôn đúng → bypass authentication!</p>\n    </div>\n\n    <div class=\"defense-methods\" style=\"background: #e8f5e8; padding: 15px; border-radius: 8px; margin: 15px 0;\">\n        <h4>🛡️ Phương pháp phòng chống SQL Injection:</h4>\n        <ol>\n            <li><strong>Prepared Statements:</strong>\n                <pre style=\"background: #f0f8f0; padding: 10px; margin: 5px 0;\">\n$stmt = $pdo->prepare(\"SELECT * FROM users WHERE username = ? AND password = ?\");\n$stmt->execute([$username, $password]);\n                </pre>\n            </li>\n            <li><strong>Input Validation:</strong> Kiểm tra và lọc dữ liệu đầu vào</li>\n            <li><strong>Escape Characters:</strong> Escape các ký tự đặc biệt</li>\n            <li><strong>Least Privilege:</strong> Giới hạn quyền database user</li>\n            <li><strong>WAF (Web Application Firewall):</strong> Lọc request độc hại</li>\n        </ol>\n    </div>\n\n    <h3>4. Phishing Attack</h3>\n    <p>Tấn công lừa đảo nhằm đánh cắp thông tin cá nhân thông qua email, website giả mạo.</p>\n    \n    <div class=\"phishing-stats\" style=\"background: #fff8dc; padding: 15px; border-radius: 8px; margin: 15px 0;\">\n        <h4>📈 Thống kê Phishing:</h4>\n        <ul>\n            <li><strong>Tỷ lệ thành công:</strong> 3-5% người dùng click vào link độc hại</li>\n            <li><strong>Thời gian phát hiện:</strong> Trung bình 12 giờ</li>\n            <li><strong>Công thức rủi ro:</strong> $Risk = P(click) \\times P(compromise) \\times Impact$</li>\n        </ul>\n        \n        <div style=\"background: #f0f0f0; padding: 10px; margin: 10px 0;\">\n            <p><strong>Ví dụ tính toán rủi ro:</strong></p>\n            <p>1000 email phishing × 3% click rate × 50% compromise rate × $10,000 loss</p>\n            <p>$Risk = 1000 \\times 0.03 \\times 0.5 \\times 10,000 = \\$150,000$</p>\n        </div>\n    </div>\n\n    <div class=\"phishing-types\" style=\"background: #f0f4ff; padding: 15px; border-radius: 8px; margin: 15px 0;\">\n        <h4>Các loại Phishing:</h4>\n        <ol>\n            <li><strong>Email Phishing:</strong> Email giả mạo ngân hàng, dịch vụ</li>\n            <li><strong>Spear Phishing:</strong> Nhắm mục tiêu cụ thể</li>\n            <li><strong>Whaling:</strong> Nhắm vào lãnh đạo cấp cao</li>\n            <li><strong>Vishing:</strong> Phishing qua điện thoại</li>\n            <li><strong>Smishing:</strong> Phishing qua SMS</li>\n        </ol>\n    </div>\n\n    <div class=\"defense-methods\" style=\"background: #e8f5e8; padding: 15px; border-radius: 8px; margin: 15px 0;\">\n        <h4>🛡️ Phương pháp phòng chống Phishing:</h4>\n        <ul>\n            <li><strong>Email Security:</strong> SPF, DKIM, DMARC</li>\n            <li><strong>User Training:</strong> Đào tạo nhận biết email độc hại</li>\n            <li><strong>URL Filtering:</strong> Chặn domain độc hại</li>\n            <li><strong>Multi-Factor Authentication (MFA):</strong> Xác thực đa yếu tố</li>\n            <li><strong>Incident Response:</strong> Quy trình ứng phó sự cố</li>\n        </ul>\n    </div>\n\n    <h3>5. Mô hình Defense in Depth</h3>\n    <p>Chiến lược bảo mật nhiều lớp để tăng cường khả năng phòng thủ.</p>\n    \n    <div class=\"defense-layers\" style=\"background: #f8f9fa; padding: 15px; border-radius: 8px; margin: 15px 0;\">\n        <h4>🏰 Các lớp bảo vệ:</h4>\n        <ol>\n            <li><strong>Physical Security:</strong> Bảo mật vật lý</li>\n            <li><strong>Network Security:</strong> Firewall, IDS/IPS</li>\n            <li><strong>Endpoint Security:</strong> Antivirus, EDR</li>\n            <li><strong>Application Security:</strong> Secure coding, testing</li>\n            <li><strong>Data Security:</strong> Encryption, backup</li>\n            <li><strong>Identity Management:</strong> Authentication, authorization</li>\n            <li><strong>Security Awareness:</strong> Training, policies</li>\n        </ol>\n        \n        <div style=\"background: #e3f2fd; padding: 10px; margin: 10px 0; text-align: center;\">\n            <p><strong>Hiệu quả tổng thể:</strong></p>\n            <p>$Effectiveness = 1 - \\prod_{i=1}^{n}(1 - E_i)$</p>\n            <p>Với $E_i$ là hiệu quả của lớp thứ i</p>\n        </div>\n    </div>\n\n    <h3>6. Bài tập thực hành</h3>\n    <div style=\"background: #fff8dc; padding: 15px; border-radius: 8px; margin: 15px 0;\">\n        <p><strong>Bài tập 1:</strong> Phân tích một email phishing mẫu và xác định các dấu hiệu nghi ngờ</p>\n        <p><strong>Bài tập 2:</strong> Viết một prepared statement an toàn cho truy vấn đăng nhập</p>\n        <p><strong>Bài tập 3:</strong> Tính toán khả năng chống DDoS của hệ thống với 5 server, mỗi server 2000 RPS</p>\n        <p><strong>Bài tập 4:</strong> Thiết kế chiến lược Defense in Depth cho một doanh nghiệp nhỏ</p>\n    </div>\n\n    <h3>7. Tài liệu tham khảo</h3>\n    <div style=\"background: #f0f0f0; padding: 15px; border-radius: 8px; margin: 15px 0;\">\n        <ul>\n            <li><strong>OWASP Top 10:</strong> Danh sách 10 lỗ hổng bảo mật web phổ biến</li>\n            <li><strong>NIST Cybersecurity Framework:</strong> Khung làm việc bảo mật</li>\n            <li><strong>SANS Security Awareness:</strong> Tài liệu đào tạo nhận thức bảo mật</li>\n            <li><strong>CVE Database:</strong> Cơ sở dữ liệu lỗ hổng bảo mật</li>\n        </ul>\n    </div>\n</div>','2025-06-06 16:37:27.903354','Các loại tấn công mạng phổ biến và phương pháp phòng chống','2025-06-11 04:02:43.623451','https://grok.com/chat/a7217a13-fb79-4511-a683-5f068887f05e','ea0c7864-91d9-420b-91d4-d22aeafa8dc1','Bài học này trình bày các loại tấn công mạng phổ biến như DDoS, SQL Injection, Phishing, cùng với các phương pháp phòng chống và công cụ bảo mật tương ứng.'),('e67aa3b4-5576-431f-b104-5bddc11c7baf',NULL,'<div style=\"max-width: 800px; margin: 0 auto; padding: 20px; font-family: \'Segoe UI\', Tahoma, Geneva, Verdana, sans-serif; line-height: 1.6; color: #333;\">\n  <h1 style=\"color: #2c3e50; border-bottom: 3px solid #e74c3c; padding-bottom: 10px; margin-bottom: 30px;\">\n    ☁️ Giới thiệu về Điện toán Đám mây\n  </h1>\n\n  <div style=\"background: linear-gradient(135deg, #ff6b6b 0%, #ee5a24 100%); color: white; padding: 20px; border-radius: 10px; margin-bottom: 30px;\">\n    <h2 style=\"margin-bottom: 10px;\">Chào mừng đến với Điện toán Đám mây!</h2>\n    <p>Tìm hiểu các khái niệm cơ bản, lợi ích và cách điện toán đám mây thay đổi hạ tầng CNTT hiện đại.</p>\n  </div>\n\n  <section>\n    <h2 style=\"color: #e74c3c; margin: 25px 0 15px 0;\">📚 Mục tiêu học tập</h2>\n    <div style=\"background: #f8f9fa; padding: 20px; border-radius: 8px; margin-bottom: 30px;\">\n      <ul style=\"padding-left: 20px; color: #34495e;\">\n        <li>Hiểu định nghĩa và các khái niệm cốt lõi của điện toán đám mây.</li>\n        <li>Tìm hiểu các mô hình dịch vụ chính: IaaS, PaaS, SaaS.</li>\n        <li>Khám phá lợi ích và thách thức khi áp dụng đám mây.</li>\n      </ul>\n    </div>\n  </section>\n\n  <section>\n    <h2 style=\"color: #e74c3c; margin: 25px 0 15px 0;\">🤔 Điện toán Đám mây là gì?</h2>\n    <div style=\"background: #fff3cd; border-left: 4px solid #ffc107; padding: 15px; margin: 15px 0;\">\n      <p>Điện toán đám mây là việc cung cấp các dịch vụ tính toán—như máy chủ, lưu trữ, cơ sở dữ liệu và phần mềm—qua internet (\"đám mây\") để cung cấp tài nguyên linh hoạt và có thể mở rộng.</p>\n      <p>\\[\n      \\text{Điện toán Đám mây} = \\begin{cases}\n        \\text{Truy cập theo nhu cầu} & \\text{(Thanh toán theo sử dụng)} \\\\\n        \\text{Khả năng mở rộng} & \\text{(Điều chỉnh tài nguyên động)} \\\\\n        \\text{Phạm vi toàn cầu} & \\text{(Truy cập từ bất kỳ đâu)}\n      \\end{cases}\n      \\]</p>\n      <p><strong>Ví dụ:</strong> Thay vì mua máy chủ vật lý, bạn có thể thuê sức mạnh tính toán từ AWS EC2.</p>\n    </div>\n  </section>\n\n  <section>\n    <h2 style=\"color: #e74c3c; margin: 25px 0 15px 0;\">🌐 Các mô hình dịch vụ đám mây</h2>\n    <div style=\"display: grid; grid-template-columns: repeat(auto-fit, minmax(250px, 1fr)); gap: 15px; margin: 20px 0;\">\n      <div style=\"background: #e8f5e8; border-left: 4px solid #27ae60; padding: 15px; border-radius: 5px;\">\n        <h3 style=\"color: #27ae60; margin-bottom: 10px;\">IaaS</h3>\n        <p>Hạ tầng như dịch vụ (Infrastructure as a Service): Cung cấp máy chủ, lưu trữ, mạng. Ví dụ: AWS EC2, Google Compute Engine.</p>\n      </div>\n      <div style=\"background: #e3f2fd; border-left: 4px solid #2196f3; padding: 15px; border-radius: 5px;\">\n        <h3 style=\"color: #2196f3; margin-bottom: 10px;\">PaaS</h3>\n        <p>Nền tảng như dịch vụ (Platform as a Service): Cung cấp môi trường phát triển. Ví dụ: Google App Engine, Heroku.</p>\n      </div>\n      <div style=\"background: #fce4ec; border-left: 4px solid #e91e63; padding: 15px; border-radius: 5px;\">\n        <h3 style=\"color: #e91e63; margin-bottom: 10px;\">SaaS</h3>\n        <p>Phần mềm như dịch vụ (Software as a Service): Cung cấp ứng dụng qua internet. Ví dụ: Google Workspace, Dropbox.</p>\n      </div>\n    </div>\n  </section>\n\n  <div style=\"background: linear-gradient(135deg, #ff6b6b 0%, #ee5a24 100%); color: white; padding: 20px; border-radius: 10px; margin-top: 40px; text-align: center;\">\n    <h2 style=\"margin-bottom: 10px;\">🎯 Tổng kết</h2>\n    <p>Bạn đã nắm được khái niệm cơ bản về điện toán đám mây và các mô hình dịch vụ. Hãy sẵn sàng khám phá các nhà cung cấp đám mây ở bài tiếp theo!</p>\n  </div>\n</div>','2025-06-11 04:58:02.314471','Giới thiệu về Điện toán Đám mây','2025-06-11 04:58:02.314471',NULL,'d8e8bc8f-fe15-4b42-b0ab-a21388924668','Tìm hiểu các khái niệm cơ bản, lợi ích và cách điện toán đám mây thay đổi hạ tầng CNTT hiện đại.'),('ef1dc129-2fba-4d45-bdf4-867270ac42ef',NULL,'<div id=\"seriesLessonContainer\">\n  <style>\n    #seriesLessonContainer {\n      font-family: \'Segoe UI\', Tahoma, Geneva, Verdana, sans-serif;\n      line-height: 1.6;\n      color: #333;\n      max-width: 900px;\n      margin: 20px auto;\n      background-color: #fcfcfc;\n      border-radius: 8px;\n      box-shadow: 0 4px 15px rgba(0, 0, 0, 0.1);\n      padding: 30px;\n      box-sizing: border-box;\n    }\n\n    #seriesLessonContainer h1 {\n      color: #2c3e50;\n      text-align: center;\n      margin-bottom: 30px;\n      font-size: 2.5em;\n      position: relative;\n      padding-bottom: 10px;\n    }\n\n    #seriesLessonContainer h1::after {\n      content: \'\';\n      position: absolute;\n      left: 50%;\n      transform: translateX(-50%);\n      bottom: 0;\n      width: 80px;\n      height: 4px;\n      background-color: #3498db;\n      border-radius: 2px;\n    }\n\n    #seriesLessonContainer h2 {\n      color: #34495e;\n      border-bottom: 2px solid #ecf0f1;\n      padding-bottom: 10px;\n      margin-top: 40px;\n      margin-bottom: 20px;\n      font-size: 1.8em;\n    }\n\n    #seriesLessonContainer p {\n      margin-bottom: 15px;\n      text-align: justify;\n    }\n\n    #seriesLessonContainer .section-intro {\n      font-style: italic;\n      color: #555;\n      margin-bottom: 25px;\n      padding: 15px;\n      padding-left: 20px;\n      border-left: 4px solid #3498db;\n      background-color: #eaf6fd;\n      border-radius: 5px;\n    }\n\n    #seriesLessonContainer .katex-display {\n      margin: 25px 0;\n      padding: 15px;\n      background-color: #f8f8f8;\n      border: 1px solid #eee;\n      border-radius: 5px;\n      overflow-x: auto;\n    }\n\n    #seriesLessonContainer .katex {\n      font-size: 1.2em;\n    }\n\n    #seriesLessonContainer .example-box,\n    #seriesLessonContainer .definition-box {\n      background-color: #f9f9f9;\n      border-left: 5px solid #2ecc71;\n      padding: 15px 20px;\n      margin: 25px 0;\n      border-radius: 5px;\n      box-shadow: 0 2px 5px rgba(0, 0, 0, 0.05);\n    }\n\n    #seriesLessonContainer .definition-box {\n      border-left-color: #e67e22;\n    }\n\n    #seriesLessonContainer .example-box strong,\n    #seriesLessonContainer .definition-box strong {\n      display: block;\n      margin-bottom: 10px;\n      font-size: 1.1em;\n    }\n\n    #seriesLessonContainer .example-box strong {\n      color: #2ecc71;\n    }\n\n    #seriesLessonContainer .definition-box strong {\n      color: #e67e22;\n    }\n\n    #seriesLessonContainer ul {\n      list-style-type: disc;\n      margin-left: 25px;\n      margin-bottom: 15px;\n    }\n\n    #seriesLessonContainer li {\n      margin-bottom: 8px;\n    }\n\n    #seriesLessonContainer .note {\n      background-color: #ffeaa7;\n      border-left: 5px solid #fdcb6e;\n      padding: 15px;\n      margin: 30px 0;\n      border-radius: 5px;\n      font-style: italic;\n      color: #7d5a00;\n    }\n\n    #seriesLessonContainer code {\n      background-color: #e0e0e0;\n      padding: 2px 5px;\n      border-radius: 3px;\n      font-family: \'Courier New\', Courier, monospace;\n      font-size: 0.95em;\n    }\n  </style>\n  <h1>Bài học Phương trình vi phân</h1>\n\n  <p class=\"section-intro\">\n    Phương trình vi phân là loại phương trình chứa đạo hàm của một hàm số chưa biết. Đây là công cụ then chốt trong toán học ứng dụng, giúp mô tả sự biến thiên của các đại lượng trong tự nhiên và kỹ thuật, từ chuyển động vật lý, dòng điện, đến tăng trưởng dân số và kinh tế. Bài học này sẽ giới thiệu các khái niệm cơ bản, phân loại và phương pháp giải phương trình vi phân.\n  </p>\n\n  ---\n\n  <h2>1. Định nghĩa Phương trình vi phân</h2>\n  <p>\n    Một <strong>phương trình vi phân</strong> là một phương trình có chứa đạo hàm của một hoặc nhiều hàm số chưa biết. Ví dụ:\n  </p>\n\n  <div class=\"definition-box\">\n    <strong>Định nghĩa: Phương trình vi phân</strong>\n    <p>Một phương trình có dạng:</p>\n    $$ F(x, y, y\', y\'\', \\dots, y^{(n)}) = 0 $$\n    <p>gọi là phương trình vi phân bậc n, với $ y^{(n)} $ là đạo hàm cấp n của hàm số $ y = y(x) $ chưa biết.</p>\n  </div>\n\n  ---\n\n  <h2>2. Phân loại Phương trình vi phân</h2>\n  <p>\n    Dựa vào đặc điểm, phương trình vi phân được phân loại như sau:\n  </p>\n  <ul>\n    <li><strong>Phương trình vi phân thường:</strong> Chỉ chứa đạo hàm theo một biến độc lập.</li>\n    <li><strong>Phương trình đạo hàm riêng:</strong> Chứa đạo hàm theo nhiều biến độc lập.</li>\n    <li>Theo bậc: Là cấp cao nhất của đạo hàm xuất hiện trong phương trình.</li>\n    <li>Theo tính tuyến tính:\n      <ul>\n        <li><strong>Tuyến tính:</strong> Các đạo hàm và hàm số chưa biết xuất hiện tuyến tính.</li>\n        <li><strong>Phi tuyến:</strong> Nếu chứa tích, lũy thừa hay hàm số của $ y, y\', \\dots $.</li>\n      </ul>\n    </li>\n  </ul>\n\n  ---\n\n  <h2>3. Phương trình vi phân cấp một</h2>\n  <p>\n    Đây là dạng phương trình cơ bản nhất, chỉ chứa đạo hàm cấp một. Dạng tổng quát:\n  </p>\n  $$ \\frac{dy}{dx} = f(x, y) $$\n\n  <div class=\"example-box\">\n    <strong>Ví dụ: Phương trình phân ly biến số</strong>\n    <p>Giải phương trình:</p>\n    $$ \\frac{dy}{dx} = xy $$\n    <p>Ta phân ly biến:</p>\n    $$ \\frac{dy}{y} = x dx $$\n    <p>Tích phân hai vế:</p>\n    $$ \\int \\frac{dy}{y} = \\int x \\, dx $$\n    $$ \\ln |y| = \\frac{x^2}{2} + C $$\n    $$ y = C e^{\\frac{x^2}{2}} $$\n  </div>\n\n  <div class=\"note\">\n    <strong>Lưu ý:</strong> Để giải được, phương trình cần được viết về dạng phân ly hoặc có thể tách biến.\n  </div>\n\n  ---\n\n  <h2>4. Phương pháp giải một số dạng phương trình vi phân cơ bản</h2>\n  <ul>\n    <li><strong>Phương trình phân ly biến số:</strong> $ \\frac{dy}{dx} = g(x)h(y) $</li>\n    <li><strong>Phương trình tuyến tính bậc nhất:</strong> $ \\frac{dy}{dx} + P(x)y = Q(x) $</li>\n    <li><strong>Phương trình đồng nhất:</strong> $ \\frac{dy}{dx} = F\\left(\\frac{y}{x}\\right) $</li>\n    <li><strong>Phương trình Bernoulli:</strong> $ \\frac{dy}{dx} + P(x)y = Q(x)y^n $</li>\n  </ul>\n\n  ---\n\n  <h2>5. Ví dụ tổng quát</h2>\n  <div class=\"example-box\">\n    <strong>Ví dụ: Giải phương trình tuyến tính</strong>\n    <p>Giải phương trình:</p>\n    $$ \\frac{dy}{dx} + y = e^{-x} $$\n    <p>Hệ số tích phân: $ \\mu(x) = e^{\\int 1 \\, dx} = e^x $</p>\n    <p>Nhân hai vế:</p>\n    $$ e^x \\frac{dy}{dx} + e^x y = 1 $$\n    <p>Dạng tích phân:</p>\n    $$ \\frac{d}{dx} \\left( e^x y \\right) = 1 $$\n    <p>Tích phân hai vế:</p>\n    $$ e^x y = x + C $$\n    $$ y = (x + C) e^{-x} $$\n  </div>\n\n  ---\n\n  <h2>Kết luận</h2>\n  <p>\n    Phương trình vi phân đóng vai trò nền tảng trong việc mô tả các quá trình liên tục. Việc nắm vững khái niệm, phân loại và phương pháp giải là thiết yếu để vận dụng vào bài toán thực tế trong các lĩnh vực như vật lý, kỹ thuật, sinh học và tài chính.\n  </p>\n  <p style=\"text-align: center; margin-top: 40px; font-style: italic; color: #777;\">\n    Hẹn bạn ở bài học tiếp theo với các phương trình vi phân cấp cao và phương trình đạo hàm riêng!\n  </p>\n</div>\n','2025-06-11 16:22:39.927233','Phương trình vi phân','2025-06-11 16:23:39.690407',NULL,'c8146c2e-67fd-47fc-8a33-1efa6d7d83d7','Phương trình vi phân là loại phương trình chứa đạo hàm của một hàm số chưa biết. Đây là công cụ then chốt trong toán học ứng dụng, giúp mô tả sự biến thiên của các đại lượng trong tự nhiên và kỹ thuật.'),('ef663304-04cf-441e-8931-a341f2e287ee',NULL,'<div id=\"seriesLessonContainer\">\n  <style>\n    #seriesLessonContainer {\n      font-family: \'Segoe UI\', Tahoma, Geneva, Verdana, sans-serif;\n      line-height: 1.6;\n      color: #333;\n      max-width: 900px;\n      margin: 20px auto;\n      background-color: #fcfcfc;\n      border-radius: 8px;\n      box-shadow: 0 4px 15px rgba(0, 0, 0, 0.1);\n      padding: 30px;\n      box-sizing: border-box;\n    }\n\n    #seriesLessonContainer h1 {\n      color: #2c3e50;\n      text-align: center;\n      margin-bottom: 30px;\n      font-size: 2.5em;\n      position: relative;\n      padding-bottom: 10px;\n    }\n\n    #seriesLessonContainer h1::after {\n      content: \'\';\n      position: absolute;\n      left: 50%;\n      transform: translateX(-50%);\n      bottom: 0;\n      width: 80px;\n      height: 4px;\n      background-color: #3498db;\n      border-radius: 2px;\n    }\n\n    #seriesLessonContainer h2 {\n      color: #34495e;\n      border-bottom: 2px solid #ecf0f1;\n      padding-bottom: 10px;\n      margin-top: 40px;\n      margin-bottom: 20px;\n      font-size: 1.8em;\n    }\n\n    #seriesLessonContainer p {\n      margin-bottom: 15px;\n      text-align: justify;\n    }\n\n    #seriesLessonContainer .section-intro {\n      font-style: italic;\n      color: #555;\n      margin-bottom: 25px;\n      padding: 15px;\n      padding-left: 20px;\n      border-left: 4px solid #3498db;\n      background-color: #eaf6fd;\n      border-radius: 5px;\n    }\n\n    #seriesLessonContainer .katex-display {\n      margin: 25px 0;\n      padding: 15px;\n      background-color: #f8f8f8;\n      border: 1px solid #eee;\n      border-radius: 5px;\n      overflow-x: auto;\n    }\n\n    #seriesLessonContainer .katex {\n      font-size: 1.2em;\n    }\n\n    #seriesLessonContainer .example-box,\n    #seriesLessonContainer .definition-box {\n      background-color: #f9f9f9;\n      border-left: 5px solid #2ecc71;\n      padding: 15px 20px;\n      margin: 25px 0;\n      border-radius: 5px;\n      box-shadow: 0 2px 5px rgba(0, 0, 0, 0.05);\n    }\n\n    #seriesLessonContainer .definition-box {\n      border-left-color: #e67e22;\n    }\n\n    #seriesLessonContainer .example-box strong,\n    #seriesLessonContainer .definition-box strong {\n      display: block;\n      margin-bottom: 10px;\n      font-size: 1.1em;\n    }\n\n    #seriesLessonContainer .example-box strong {\n      color: #2ecc71;\n    }\n\n    #seriesLessonContainer .definition-box strong {\n      color: #e67e22;\n    }\n\n    #seriesLessonContainer ul {\n      list-style-type: disc;\n      margin-left: 25px;\n      margin-bottom: 15px;\n    }\n\n    #seriesLessonContainer li {\n      margin-bottom: 8px;\n    }\n\n    #seriesLessonContainer .note {\n      background-color: #ffeaa7;\n      border-left: 5px solid #fdcb6e;\n      padding: 15px;\n      margin: 30px 0;\n      border-radius: 5px;\n      font-style: italic;\n      color: #7d5a00;\n    }\n\n    #seriesLessonContainer code {\n      background-color: #e0e0e0;\n      padding: 2px 5px;\n      border-radius: 3px;\n      font-family: \'Courier New\', Courier, monospace;\n      font-size: 0.95em;\n    }\n  </style>\n\n  <h1>Bài học Đại cương về Chuỗi Số</h1>\n\n  <p class=\"section-intro\">\n    Chuỗi số là một trong những khái niệm nền tảng trong giải tích toán học. Nó mở rộng ý niệm về tổng hữu hạn và là công cụ để mô tả, xấp xỉ hàm số, giải quyết các bài toán trong nhiều lĩnh vực. Bài học này cung cấp cái nhìn tổng quan về chuỗi số, từ định nghĩa cơ bản đến các tiêu chuẩn kiểm tra sự hội tụ.\n  </p>\n\n  <hr>\n\n  <h2>1. Định nghĩa Chuỗi Số</h2>\n  <p>\n    Trong toán học, một <strong>chuỗi số</strong> là tổng của một dãy vô hạn các số. Một chuỗi được hình thành từ dãy $ \\{a_n\\}_{n=1}^{\\infty} $ bằng cách cộng các số hạng lại với nhau.\n  </p>\n\n  <div class=\"definition-box\">\n    <strong>Định nghĩa: Chuỗi Số</strong>\n    <p>Cho dãy $ \\{a_n\\} = a_1, a_2, a_3, \\dots $. Một chuỗi được ký hiệu:</p>\n    $$ \\sum_{n=1}^{\\infty} a_n = a_1 + a_2 + a_3 + \\dots $$\n  </div>\n\n  <p>\n    Mỗi số hạng <code>a_n</code> là số hạng thứ <code>n</code> của chuỗi. Để hiểu rõ hơn về sự hội tụ, cần xét khái niệm tổng riêng phần.\n  </p>\n\n  <div class=\"definition-box\">\n    <strong>Định nghĩa: Tổng Riêng Phần</strong>\n    <p>Tổng riêng phần thứ <code>N</code> của chuỗi $ \\sum_{n=1}^{\\infty} a_n $:</p>\n    $$ S_N = \\sum_{n=1}^{N} a_n = a_1 + a_2 + \\dots + a_N $$\n  </div>\n\n  <hr>\n\n  <h2>2. Sự Hội Tụ và Phân Kỳ của Chuỗi Số</h2>\n  <p>\n    Chuỗi hội tụ nếu tổng của nó tiến tới giá trị hữu hạn khi số lượng số hạng tiến tới vô cùng.\n  </p>\n\n  <div class=\"definition-box\">\n    <strong>Định nghĩa: Hội Tụ và Phân Kỳ</strong>\n    <p>Chuỗi $ \\sum a_n $ gọi là <strong>hội tụ</strong> nếu dãy các tổng riêng phần $ S_N $ hội tụ về giới hạn hữu hạn <code>S</code>:</p>\n    $$ \\lim_{N \\to \\infty} S_N = S $$\n    <p>Nếu giới hạn này không tồn tại hoặc là vô hạn, chuỗi <strong>phân kỳ</strong>.</p>\n  </div>\n\n  <div class=\"example-box\">\n    <strong>Ví dụ 1: Chuỗi hình học hội tụ</strong>\n    <p>Xét chuỗi $ \\sum_{n=0}^{\\infty} \\left(\\frac{1}{2}\\right)^n $</p>\n    $$ S_N = 1 + \\frac{1}{2} + \\cdots + \\left(\\frac{1}{2}\\right)^{N-1} = 2\\left(1 - \\left(\\frac{1}{2}\\right)^N\\right) $$\n    <p>Khi $ N \\to \\infty $, biểu thức tiến về 2.</p>\n  </div>\n\n  <div class=\"example-box\">\n    <strong>Ví dụ 2: Chuỗi phân kỳ</strong>\n    <p>Chuỗi điều hòa $ \\sum_{n=1}^{\\infty} \\frac{1}{n} $ phân kỳ dù các số hạng $ \\frac{1}{n} \\to 0 $.</p>\n  </div>\n\n  <div class=\"note\">\n    <strong>Lưu ý:</strong> Nếu chuỗi hội tụ thì $ \\lim a_n = 0 $. Tuy nhiên, điều ngược lại không đảm bảo hội tụ.\n  </div>\n\n  <hr>\n\n  <h2>3. Các Tiêu Chuẩn Kiểm Tra Sự Hội Tụ</h2>\n  <p>Nhiều tiêu chuẩn để kiểm tra sự hội tụ:</p>\n  <ul>\n    <li><strong>So sánh:</strong> So với chuỗi đã biết.</li>\n    <li><strong>Tỷ số (D\'Alembert):</strong> $$ L = \\lim \\left| \\frac{a_{n+1}}{a_n} \\right| $$\n      <ul>\n        <li>$L<1$: hội tụ</li>\n        <li>$L>1$: phân kỳ</li>\n        <li>$L=1$: không kết luận</li>\n      </ul>\n    </li>\n    <li><strong>Căn (Cauchy):</strong> $$ L = \\lim \\sqrt[n]{|a_n|} $$\n      <ul>\n        <li>$L<1$: hội tụ</li>\n        <li>$L>1$: phân kỳ</li>\n        <li>$L=1$: không kết luận</li>\n      </ul>\n    </li>\n    <li><strong>Tích phân:</strong> Nếu $ \\int_1^{\\infty} f(x)\\,dx $ hội tụ thì chuỗi cũng hội tụ.</li>\n    <li><strong>Leibnitz (chuỗi luân phiên):</strong> Nếu $ b_n $ giảm và $ \\lim b_n = 0 $ thì chuỗi hội tụ.</li>\n  </ul>\n\n  <hr>\n\n  <h2>Kết luận</h2>\n  <p>\n    Chuỗi số mở rộng ý niệm tổng vô hạn và nền tảng cho nhiều lĩnh vực. Việc nắm vững hội tụ và tiêu chuẩn kiểm tra rất quan trọng.\n  </p>\n\n  <p class=\"section-intro\" style=\"text-align: center;\">\n    Mong rằng bài học đã giúp bạn có nền tảng vững chắc về chuỗi số!\n  </p>\n\n</div>\n','2025-06-11 16:16:51.613155','Đại cương về chuỗi số','2025-06-11 16:19:03.638378',NULL,'c8146c2e-67fd-47fc-8a33-1efa6d7d83d7','Khóa học này cung cấp một cái nhìn tổng quan về chuỗi số, từ các khái niệm cơ bản đến các phương pháp kiểm tra sự hội tụ. Bạn sẽ học cách xác định xem một chuỗi có hội tụ hay phân kỳ, và tìm tổng của các chuỗi hội tụ đặc biệt.'),('f10f23c8-2a2f-4262-89d0-8663e0f1a010',NULL,'<div style=\"max-width: 800px; margin: 0 auto; padding: 20px; font-family: \'Segoe UI\', Tahoma, Geneva, Verdana, sans-serif; line-height: 1.6; color: #333;\">\n  <h1 style=\"color: #2c3e50; border-bottom: 3px solid #e74c3c; padding-bottom: 10px; margin-bottom: 30px;\">\n    🛠️ Thiết lập và Khám phá Nhà cung cấp Đám mây\n  </h1>\n\n  <div style=\"background: linear-gradient(135deg, #ff6b6b 0%, #ee5a24 100%); color: white; padding: 20px; border-radius: 10px; margin-bottom: 30px;\">\n    <h2 style=\"margin-bottom: 10px;\">Bắt đầu với Đám mây!</h2>\n    <p>Học cách thiết lập tài khoản trên một nhà cung cấp đám mây và khám phá các dịch vụ cơ bản.</p>\n  </div>\n\n  <section>\n    <h2 style=\"color: #e74c3c; margin: 25px 0 15px 0;\">📚 Mục tiêu học tập</h2>\n    <div style=\"background: #f8f9fa; padding: 20px; border-radius: 8px; margin-bottom: 30px;\">\n      <ul style=\"padding-left: 20px; color: #34495e;\">\n        <li>Tạo tài khoản trên một nhà cung cấp đám mây (ví dụ: AWS, Google Cloud).</li>\n        <li>Hiểu các dịch vụ cơ bản như máy ảo và lưu trữ.</li>\n        <li>Triển khai một ứng dụng đơn giản trên đám mây.</li>\n      </ul>\n    </div>\n  </section>\n\n  <section>\n    <h2 style=\"color: #e74c3c; margin: 25px 0 15px 0;\">🌐 Các nhà cung cấp đám mây phổ biến</h2>\n    <div style=\"display: grid; grid-template-columns: repeat(auto-fit, minmax(250px, 1fr)); gap: 15px; margin: 20px 0;\">\n      <div style=\"background: #e8f5e8; border-left: 4px solid #27ae60; padding: 15px; border-radius: 5px;\">\n        <h3 style=\"color: #27ae60; margin-bottom: 10px;\">AWS</h3>\n        <p>Amazon Web Services: Nhà cung cấp lớn nhất với nhiều dịch vụ như EC2, S3.</p>\n      </div>\n      <div style=\"background: #e3f2fd; border-left: 4px solid #2196f3; padding: 15px; border-radius: 5px;\">\n        <h3 style=\"color: #2196f3; margin-bottom: 10px;\">Google Cloud</h3>\n        <p>Google Cloud Platform: Mạnh về AI và dữ liệu lớn. Ví dụ: Compute Engine, BigQuery.</p>\n      </div>\n      <div style=\"background: #fce4ec; border-left: 4px solid #e91e63; padding: 15px; border-radius: 5px;\">\n        <h3 style=\"color: #e91e63; margin-bottom: 10px;\">Microsoft Azure</h3>\n        <p>Tích hợp tốt với Windows, cung cấp VM, Azure Blob Storage.</p>\n      </div>\n    </div>\n  </section>\n\n  <section>\n    <h2 style=\"color: #e74c3c; margin: 25px 0 15px 0;\">💻 Thiết lập tài khoản AWS và triển khai máy ảo</h2>\n    <div style=\"background: #fff3cd; border-left: 4px solid #ffc107; padding: 15px; margin: 15px 0;\">\n      <p>Các bước cơ bản để bắt đầu với AWS:</p>\n      <p>\\[\n      \\text{Quy trình} \\begin{cases}\n        \\text{Bước 1}: & \\text{Tạo tài khoản AWS Free Tier} \\\\\n        \\text{Bước 2}: & \\text{Cấu hình IAM user để bảo mật} \\\\\n        \\text{Bước 3}: & \\text{Khởi tạo EC2 instance (máy ảo)} \\\\\n        \\text{Bước 4}: & \\text{Triển khai ứng dụng web đơn giản}\n      \\end{cases}\n      \\]</p>\n    </div>\n    <div style=\"background: #2c3e50; color: #ecf0f1; padding: 15px; border-radius: 5px; font-family: \'Courier New\', monospace; margin: 10px 0;\">\n      <pre><code>\n# Ví dụ lệnh AWS CLI để khởi động EC2 instance\naws ec2 run-instances \\\n    --image-id ami-12345678 \\\n    --instance-type t2.micro \\\n    --key-name MyKeyPair \\\n    --security-group-ids sg-12345678\n      </code></pre>\n    </div>\n    <p style=\"color: #34495e;\">Lệnh trên khởi tạo một máy ảo t2.micro trên AWS, sử dụng Amazon Linux AMI.</p>\n  </section>\n\n  <div style=\"background: #d4edda; border-left: 4px solid #28a745; padding: 15px; border-radius: 5px; margin: 20px 0;\">\n    <h3 style=\"color: #155724; margin-bottom: 10px;\">💡 Mẹo thiết lập</h3>\n    <ul style=\"padding-left: 20px; color: #155724;\">\n      <li>Sử dụng AWS Free Tier để tránh chi phí khi học.</li>\n      <li>Cài đặt AWS CLI để quản lý dịch vụ qua dòng lệnh.</li>\n      <li>Đặt cảnh báo ngân sách để theo dõi chi tiêu.</li>\n    </ul>\n  </div>\n\n  <div style=\"background: linear-gradient(135deg, #ff6b6b 0%, #ee5a24 100%); color: white; padding: 20px; border-radius: 10px; margin-top: 40px; text-align: center;\">\n    <h2 style=\"margin-bottom: 10px;\">🎯 Tổng kết</h2>\n    <p>Bạn đã biết cách thiết lập tài khoản đám mây và triển khai máy ảo cơ bản. Hãy tiếp tục khám phá các dịch vụ lưu trữ ở bài sau!</p>\n  </div>\n</div>','2025-06-11 04:58:20.062029','Thiết lập và Khám phá Nhà cung cấp Đám mây','2025-06-11 04:58:20.062029',NULL,'d8e8bc8f-fe15-4b42-b0ab-a21388924668','Học cách thiết lập tài khoản trên một nhà cung cấp đám mây và khám phá các dịch vụ cơ bản.');
/*!40000 ALTER TABLE `lesson` ENABLE KEYS */;
UNLOCK TABLES;

--
-- Table structure for table `lesson_document`
--

DROP TABLE IF EXISTS `lesson_document`;
/*!40101 SET @saved_cs_client     = @@character_set_client */;
/*!50503 SET character_set_client = utf8mb4 */;
CREATE TABLE `lesson_document` (
  `id` varchar(255) NOT NULL,
  `content_type` varchar(255) NOT NULL,
  `description` varchar(255) DEFAULT NULL,
  `file_name` varchar(255) NOT NULL,
  `file_size` bigint NOT NULL,
  `original_file_name` varchar(255) NOT NULL,
  `title` varchar(255) NOT NULL,
  `uploaded_at` datetime(6) DEFAULT NULL,
  `lesson_id` varchar(255) NOT NULL,
  `uploaded_by` varchar(255) NOT NULL,
  PRIMARY KEY (`id`),
  KEY `FK5hfa65dccniwkthsswtn60vfy` (`lesson_id`),
  KEY `FK94q30u846wdvwu779gs9s2kr3` (`uploaded_by`),
  CONSTRAINT `FK5hfa65dccniwkthsswtn60vfy` FOREIGN KEY (`lesson_id`) REFERENCES `lesson` (`id`),
  CONSTRAINT `FK94q30u846wdvwu779gs9s2kr3` FOREIGN KEY (`uploaded_by`) REFERENCES `user` (`id`)
) ENGINE=InnoDB DEFAULT CHARSET=utf8mb4 COLLATE=utf8mb4_0900_ai_ci;
/*!40101 SET character_set_client = @saved_cs_client */;

--
-- Dumping data for table `lesson_document`
--

LOCK TABLES `lesson_document` WRITE;
/*!40000 ALTER TABLE `lesson_document` DISABLE KEYS */;
INSERT INTO `lesson_document` VALUES ('26a636fe-085e-4f2f-9aa7-b458690dde70','application/pdf','Tài liệu','c8598035-709b-4ad4-8612-e0bc11af7168_CPL_Training_Course_Bio_Figma.pdf',3482684,'CPL_Training_Course_Bio_Figma.pdf','Figma Document','2025-06-11 15:56:30.151031','458f5212-8a27-458a-baa2-d0c5099a7ff8','ce25b107-8531-42d7-9ded-d73354a31fe2'),('327c50eb-e46a-48e9-bef7-24fef5297122','application/pdf','Slide bài học','141c0ed0-11ac-46a9-8476-b7d459f63433_Chuong-3-Danh-sach-tuyen-tinh.pdf',1155173,'Chuong-3-Danh-sach-tuyen-tinh.pdf','Mảng và danh sách liên kết','2025-06-10 18:02:19.341602','6c7ee738-dab8-49c4-8f42-af7ef855242e','bcd913e4-9ece-4a0f-83c5-5e365f4a25d4'),('340dbfbe-923b-42d9-82ad-db7ebebc2519','application/pdf','Chap 3','dbccbc86-3838-405d-8f2e-ea15aef0e316_2023_Baigiang_XSTK_MI2020_Chap3__1_.pdf',1159475,'2023_Baigiang_XSTK_MI2020_Chap3 (1).pdf','Slide bài giảng','2025-06-11 15:06:39.769315','12524a65-ec10-4984-afd3-2596496dd518','d8e8bc8f-fe15-4b42-b0ab-a21388924668'),('53cee44e-0304-4b64-9526-1f5c9ebdefcd','image/png','Test tài liệu bài học','c7480461-d22c-45d2-af85-071e0bea422c_Screenshot_2023-02-11_123506.png',831417,'Screenshot 2023-02-11 123506.png','Test tài liệu bài học','2025-06-08 16:46:40.737076','1d5f1ebd-9583-4d0b-9c9d-cda250a6297f','ea0c7864-91d9-420b-91d4-d22aeafa8dc1'),('56083caf-8281-4b1b-a8e5-f72f3ac73d4d','application/pdf','Tài liệu tham khảo','da2cf337-50c7-45dd-b948-ac7f5dcfed53_figma_2.pdf',156110,'figma 2.pdf','Tài liệu','2025-06-11 16:00:16.046014','96f13c2a-6944-4569-98ec-21ab0d998b68','ce25b107-8531-42d7-9ded-d73354a31fe2'),('5f915627-d9e3-49dd-a9ad-067718566aef','application/pdf',NULL,'7888d118-42a0-45a6-a440-e84dc2d9e47c_tan_cong_mang.pdf',1632751,'tan_cong_mang.pdf','Slide bài giảng','2025-06-11 15:38:21.180403','d94faf74-006b-4eb7-a153-e62bde66cb4f','d8e8bc8f-fe15-4b42-b0ab-a21388924668'),('6dbadf7f-3bbb-4847-bc65-d35b86309199','application/pdf','Nội quy bài học','23740039-eb7e-40d7-98ae-0df3d201f19c__Full__TSA_04_-_P20_Study_-_Th_y___o_Anh_Ph_c__1_.pdf',2237317,'[Full] TSA_04 - P20 Study - Thầy Đào Anh Phúc (1).pdf','Nội quy bài học','2025-06-07 22:27:31.362301','3ede6730-2889-4e62-90d9-d02639dbe2c8','ea0c7864-91d9-420b-91d4-d22aeafa8dc1'),('a240f102-2789-4f32-85b7-34a7ae52875a','application/pdf',NULL,'d130e148-5c5e-4bc2-a891-b8ad7b345b5a_competitive_intro.pdf',90160,'competitive_intro.pdf','Slide bài giảng','2025-06-11 15:36:41.201429','378b96f2-c6b6-4fec-a364-a71b7e9b16ff','d8e8bc8f-fe15-4b42-b0ab-a21388924668'),('c438ff2c-486b-41bf-8259-cf49a79b6141','application/pdf','Sách','9f0ba732-8eec-4c98-b8f8-c72b2d9183c6_sach-lap-trinh-nodejs-that-don-gian-sample.pdf',1617825,'sach-lap-trinh-nodejs-that-don-gian-sample.pdf','Slide bài giảng','2025-06-11 17:25:45.639518','0ff98fc2-ba86-4fcc-94fb-f378942ed934','54522d48-fdb0-426d-9103-1af4b9e3d6c0'),('c9df2537-95ba-4de4-910e-35befa76b60e','application/pdf','Slide bài giảng','3bad81e2-ca8b-4fda-bbab-48990b3dbc65_matmahoc.pdf',4207336,'matmahoc.pdf','Mật mã học','2025-06-11 15:33:19.020432','3ede6730-2889-4e62-90d9-d02639dbe2c8','d8e8bc8f-fe15-4b42-b0ab-a21388924668'),('db246665-ecf9-4e4d-8735-3d207dfb03e3','application/pdf','Part 1','d9c9f5d6-7af7-4348-aa64-97acdfe1f70c_Part_1._Dynamic_Web_Server_with_Java_Technologies.pdf',2135386,'Part 1. Dynamic Web Server with Java Technologies.pdf','Mở đầu ','2025-06-11 15:00:15.328421','10ba66e4-a2f5-4dd7-9759-6eaf18203917','d8e8bc8f-fe15-4b42-b0ab-a21388924668'),('de26238a-5534-4783-825e-f2251c91c784','application/pdf','Chap 1','23f72b30-5ece-4fc6-8ef4-66a4cfdf22f9_2023_Baigiang_XSTK_MI2020_Chap1__3_.pdf',1216286,'2023_Baigiang_XSTK_MI2020_Chap1 (3).pdf','Slide bài giảng','2025-06-11 15:35:34.448921','526ba383-a7fd-467a-b423-9fb90937fabc','d8e8bc8f-fe15-4b42-b0ab-a21388924668'),('e453a2bb-c0cd-44e5-bb2b-02c4c50cd0a4','video/mp4','Video','5f99ebae-f144-4613-b4d0-8f7ea2ef69bc_WebHD_720p.mp4',45851930,'WebHD_720p.mp4','Video bài giảng','2025-06-11 16:54:59.659575','27621ebe-4c01-4a80-9a49-f93088c52d3c','a0c5ecb8-0cc7-4513-8b40-27a94b021320'),('f3ef32d4-b634-43ea-970e-ae8ebddec841','application/pdf','Slide bài giảng','07b438a7-0e14-40a1-8507-d8024d392458_Chuong-5-Sap-xep.pdf',2461322,'Chuong-5-Sap-xep.pdf','Thuật toán sắp xếp','2025-06-10 18:03:25.573034','68f4e0da-d490-4833-810e-be5775890fa1','bcd913e4-9ece-4a0f-83c5-5e365f4a25d4');
/*!40000 ALTER TABLE `lesson_document` ENABLE KEYS */;
UNLOCK TABLES;

--
-- Table structure for table `permission`
--

DROP TABLE IF EXISTS `permission`;
/*!40101 SET @saved_cs_client     = @@character_set_client */;
/*!50503 SET character_set_client = utf8mb4 */;
CREATE TABLE `permission` (
  `name` varchar(255) NOT NULL,
  `description` varchar(255) DEFAULT NULL,
  PRIMARY KEY (`name`)
) ENGINE=InnoDB DEFAULT CHARSET=utf8mb4 COLLATE=utf8mb4_0900_ai_ci;
/*!40101 SET character_set_client = @saved_cs_client */;

--
-- Dumping data for table `permission`
--

LOCK TABLES `permission` WRITE;
/*!40000 ALTER TABLE `permission` DISABLE KEYS */;
INSERT INTO `permission` VALUES ('CREATE_DATA','Create data permission'),('READ_DATA','Read data permission'),('UPDATE_DATA','Update data permission');
/*!40000 ALTER TABLE `permission` ENABLE KEYS */;
UNLOCK TABLES;

--
-- Table structure for table `progress`
--

DROP TABLE IF EXISTS `progress`;
/*!40101 SET @saved_cs_client     = @@character_set_client */;
/*!50503 SET character_set_client = utf8mb4 */;
CREATE TABLE `progress` (
  `id` varchar(255) NOT NULL,
  `completion_date` date DEFAULT NULL,
  `is_completed` bit(1) NOT NULL,
  `enrollment_id` varchar(255) DEFAULT NULL,
  `lesson_id` varchar(255) DEFAULT NULL,
  `quiz_score` double DEFAULT NULL,
  `completed_quiz_id` varchar(255) DEFAULT NULL,
  PRIMARY KEY (`id`),
  KEY `FKkko4cc9b6v1k7sfjo0qp279wc` (`enrollment_id`),
  KEY `FKlwcrcj99o31ue6bqeyxvoo0kx` (`lesson_id`),
  KEY `FKr5ndqow0u2n92y755g0r9aert` (`completed_quiz_id`),
  CONSTRAINT `FKkko4cc9b6v1k7sfjo0qp279wc` FOREIGN KEY (`enrollment_id`) REFERENCES `enrollment` (`id`),
  CONSTRAINT `FKlwcrcj99o31ue6bqeyxvoo0kx` FOREIGN KEY (`lesson_id`) REFERENCES `lesson` (`id`),
  CONSTRAINT `FKr5ndqow0u2n92y755g0r9aert` FOREIGN KEY (`completed_quiz_id`) REFERENCES `quiz` (`id`)
) ENGINE=InnoDB DEFAULT CHARSET=utf8mb4 COLLATE=utf8mb4_0900_ai_ci;
/*!40101 SET character_set_client = @saved_cs_client */;

--
-- Dumping data for table `progress`
--

LOCK TABLES `progress` WRITE;
/*!40000 ALTER TABLE `progress` DISABLE KEYS */;
INSERT INTO `progress` VALUES ('0057c87b-c0e4-4966-8ea3-a16b05196da8','2025-06-11',_binary '','1f553cdf-d9c8-4f47-8627-933ca3fd0b20','3ede6730-2889-4e62-90d9-d02639dbe2c8',100,'c964c716-b008-459e-8519-de2578f824cd'),('06d601a7-4d6c-405c-aecd-da245f4392aa',NULL,_binary '\0','67c976fb-fe0a-48fc-8431-d826a6c698f3','6c7ee738-dab8-49c4-8f42-af7ef855242e',NULL,NULL),('126989e9-1639-4ae1-b965-32ec55a8e8e8','2025-06-09',_binary '','2d0d5eed-743a-453d-a87e-b849a24f3735','1d5f1ebd-9583-4d0b-9c9d-cda250a6297f',100,'31e25756-4c6f-41f5-95ed-17db6029c1c2'),('1d5985b7-aedb-4bef-b93c-c3a711449525','2025-06-11',_binary '','68c07d6f-17c3-4d4b-97a3-2da20207ac75','458f5212-8a27-458a-baa2-d0c5099a7ff8',100,'0df2c2d7-8824-4c07-bdf2-bfb02144a2e6'),('2db6363d-e6d7-47ea-a187-0f0b6bac70c1','2025-06-09',_binary '','f4dc2d50-1095-457a-941c-da30a67a043a','d94faf74-006b-4eb7-a153-e62bde66cb4f',78.26086956521739,'e4c2af2d-9fa4-49aa-996e-7e2f229d2a26'),('309c555b-ccc0-414b-913f-4272c0980644','2025-06-09',_binary '','f4dc2d50-1095-457a-941c-da30a67a043a','3ede6730-2889-4e62-90d9-d02639dbe2c8',100,'c964c716-b008-459e-8519-de2578f824cd'),('3354118c-ca4c-4826-bc1a-958923c858db','2025-06-11',_binary '','af098eb7-2abb-4696-a022-c9045bf86c37','5580db9e-0151-4a64-a3fb-d55e9a2829cf',100,'13f586af-b668-4c44-abe6-53491ee2485b'),('3a6b02e0-4ec2-45d3-86b7-4950d336234c','2025-06-11',_binary '','0d552d6a-125d-4ce9-81f7-37115dff63ed','b4f9c0e2-e1db-4b66-b115-d4fba72c8236',60,'c425f0b3-1760-4ed8-83b3-a7b090837d66'),('3f01f2fa-253e-4e2a-b3f2-44d6610fa45d','2025-06-09',_binary '','7e3ee233-743c-42bd-aabc-5e34920972e5','3ede6730-2889-4e62-90d9-d02639dbe2c8',100,'c964c716-b008-459e-8519-de2578f824cd'),('5020422a-b65b-46c3-b75d-2032840bb357','2025-06-11',_binary '','af098eb7-2abb-4696-a022-c9045bf86c37','1d5f1ebd-9583-4d0b-9c9d-cda250a6297f',100,'31e25756-4c6f-41f5-95ed-17db6029c1c2'),('6151b572-a683-427f-a0d1-b941ffb095b2','2025-06-09',_binary '','47ad4b1c-df1a-411b-98b9-b3beeeffd14b','d94faf74-006b-4eb7-a153-e62bde66cb4f',100,'e4c2af2d-9fa4-49aa-996e-7e2f229d2a26'),('66c03436-3899-4fa8-a9ec-02e826e6c051','2025-06-11',_binary '','c80d884e-8850-4d1b-b136-d702e3b6f806','68f4e0da-d490-4833-810e-be5775890fa1',NULL,NULL),('69143cef-e6e2-46ba-bdf8-8a6fd1664f37',NULL,_binary '\0','67c976fb-fe0a-48fc-8431-d826a6c698f3','68f4e0da-d490-4833-810e-be5775890fa1',NULL,NULL),('7852feb2-9ef8-4105-ba92-8740c7a5d04d','2025-06-09',_binary '','47ad4b1c-df1a-411b-98b9-b3beeeffd14b','3ede6730-2889-4e62-90d9-d02639dbe2c8',100,'c964c716-b008-459e-8519-de2578f824cd'),('7ebb816a-fb13-4568-8c4c-ffa18c8be03a','2025-06-11',_binary '','6a2ff759-ee76-462a-a365-c3d2e41a421a','96f13c2a-6944-4569-98ec-21ab0d998b68',80,'8384e4d9-011b-4300-8d5e-608553125c2d'),('8c2d5e1f-e3dd-4e11-8ff0-035cd17b7219','2025-06-11',_binary '','0d552d6a-125d-4ce9-81f7-37115dff63ed','beb35ec4-f786-4814-be92-515877e973e2',100,'0f02d640-3f51-47b8-8fdc-7d670b0468d1'),('97a48266-6955-4a13-a585-7dc88b9c58a8','2025-06-11',_binary '','c80d884e-8850-4d1b-b136-d702e3b6f806','6c7ee738-dab8-49c4-8f42-af7ef855242e',100,'dc9ff35f-ffab-49ea-8246-aed9beae0a97'),('99489310-0202-49ad-97ad-8b88ca03dfb5','2025-06-11',_binary '','6a2ff759-ee76-462a-a365-c3d2e41a421a','458f5212-8a27-458a-baa2-d0c5099a7ff8',100,'0df2c2d7-8824-4c07-bdf2-bfb02144a2e6'),('a3644ee3-ac99-43d6-a90f-0e3fdd135b70',NULL,_binary '\0','1f553cdf-d9c8-4f47-8627-933ca3fd0b20','d94faf74-006b-4eb7-a153-e62bde66cb4f',NULL,NULL),('a4a0a532-ebaf-4868-8c45-287534efd4a6','2025-06-09',_binary '','7e3ee233-743c-42bd-aabc-5e34920972e5','d94faf74-006b-4eb7-a153-e62bde66cb4f',100,'e4c2af2d-9fa4-49aa-996e-7e2f229d2a26'),('aa997c9c-8c9d-407d-899a-a0f08ea377d0','2025-06-11',_binary '','2dcb0741-d98a-4972-b774-954ae01c8e3f','b4f9c0e2-e1db-4b66-b115-d4fba72c8236',60,'c425f0b3-1760-4ed8-83b3-a7b090837d66'),('c8d11844-524e-4471-90d7-ff5f1d976846','2025-06-11',_binary '','68c07d6f-17c3-4d4b-97a3-2da20207ac75','96f13c2a-6944-4569-98ec-21ab0d998b68',60,'8384e4d9-011b-4300-8d5e-608553125c2d'),('cddb2f9f-5bff-4984-ab68-5caec355afae','2025-06-11',_binary '','2dcb0741-d98a-4972-b774-954ae01c8e3f','beb35ec4-f786-4814-be92-515877e973e2',100,'0f02d640-3f51-47b8-8fdc-7d670b0468d1'),('e47636b7-5fa0-473c-bdcf-7117dc1beb56','2025-06-04',_binary '','310afedc-701c-4da0-a3fc-506764665ce5','beb35ec4-f786-4814-be92-515877e973e2',NULL,NULL),('ea2a07d7-5af4-4b69-9b96-41412352e7bc','2025-06-09',_binary '','310afedc-701c-4da0-a3fc-506764665ce5','1d5f1ebd-9583-4d0b-9c9d-cda250a6297f',100,'31e25756-4c6f-41f5-95ed-17db6029c1c2');
/*!40000 ALTER TABLE `progress` ENABLE KEYS */;
UNLOCK TABLES;

--
-- Table structure for table `quiz`
--

DROP TABLE IF EXISTS `quiz`;
/*!40101 SET @saved_cs_client     = @@character_set_client */;
/*!50503 SET character_set_client = utf8mb4 */;
CREATE TABLE `quiz` (
  `id` varchar(255) NOT NULL,
  `created_at` datetime(6) DEFAULT NULL,
  `description` varchar(255) DEFAULT NULL,
  `end_time` datetime(6) DEFAULT NULL,
  `is_active` bit(1) DEFAULT NULL,
  `max_attempts` int DEFAULT NULL,
  `passing_score` double DEFAULT NULL,
  `scoring_method` enum('HIGHEST','LATEST','AVERAGE') DEFAULT NULL,
  `show_correct_answers` bit(1) DEFAULT NULL,
  `show_results` bit(1) DEFAULT NULL,
  `shuffle_answers` bit(1) DEFAULT NULL,
  `shuffle_questions` bit(1) DEFAULT NULL,
  `start_time` datetime(6) DEFAULT NULL,
  `time_limit_minutes` int DEFAULT NULL,
  `title` varchar(255) NOT NULL,
  `type` enum('PRACTICE','ASSESSMENT') DEFAULT NULL,
  `updated_at` datetime(6) DEFAULT NULL,
  `created_by` varchar(255) NOT NULL,
  `lesson_id` varchar(255) NOT NULL,
  PRIMARY KEY (`id`),
  UNIQUE KEY `UK_hbtoywagqvo25l2h4eswmxsov` (`lesson_id`),
  KEY `FKievk66v823e0do1n39ts4p0e7` (`created_by`),
  CONSTRAINT `FKi10d7n4lf738sm3mon21aubik` FOREIGN KEY (`lesson_id`) REFERENCES `lesson` (`id`),
  CONSTRAINT `FKievk66v823e0do1n39ts4p0e7` FOREIGN KEY (`created_by`) REFERENCES `user` (`id`)
) ENGINE=InnoDB DEFAULT CHARSET=utf8mb4 COLLATE=utf8mb4_0900_ai_ci;
/*!40101 SET character_set_client = @saved_cs_client */;

--
-- Dumping data for table `quiz`
--

LOCK TABLES `quiz` WRITE;
/*!40000 ALTER TABLE `quiz` DISABLE KEYS */;
INSERT INTO `quiz` VALUES ('0df2c2d7-8824-4c07-bdf2-bfb02144a2e6','2025-06-11 16:01:33.807310','Cơ bản về figma',NULL,_binary '',5,60,'HIGHEST',NULL,NULL,NULL,NULL,NULL,20,'Quiz: Figma 1','PRACTICE','2025-06-11 16:01:33.807310','ce25b107-8531-42d7-9ded-d73354a31fe2','458f5212-8a27-458a-baa2-d0c5099a7ff8'),('0f02d640-3f51-47b8-8fdc-7d670b0468d1','2025-06-11 14:31:44.837209','Kiểm tra ngắn',NULL,_binary '',5,60,'HIGHEST',NULL,NULL,NULL,NULL,NULL,30,'Quiz: Lập trình Python cơ bản','PRACTICE','2025-06-11 14:31:44.837209','d8e8bc8f-fe15-4b42-b0ab-a21388924668','beb35ec4-f786-4814-be92-515877e973e2'),('13f586af-b668-4c44-abe6-53491ee2485b','2025-06-11 14:01:57.928707','Kiểm tra ngắn',NULL,_binary '',4,60,'HIGHEST',NULL,NULL,NULL,NULL,NULL,20,'Quiz: Nghiên cứu Người dùng và Xây dựng Persona','PRACTICE','2025-06-11 14:01:57.928707','d8e8bc8f-fe15-4b42-b0ab-a21388924668','5580db9e-0151-4a64-a3fb-d55e9a2829cf'),('1cb3af7c-e9a3-4604-a7be-3ba082f30118','2025-06-11 14:17:28.087521','Kiểm tra ngắn',NULL,_binary '',5,60,'HIGHEST',NULL,NULL,NULL,NULL,NULL,20,'Quiz: Making Small Talk in English','PRACTICE','2025-06-11 14:17:28.087521','d8e8bc8f-fe15-4b42-b0ab-a21388924668','7aee1601-051f-43e3-b3c4-2b046d3ac0d7'),('1f226bb3-322b-4c29-a1bd-2ffc941d383f','2025-06-11 14:42:01.852681','Kiểm tra ngắn',NULL,_binary '',5,60,'HIGHEST',NULL,NULL,NULL,NULL,NULL,20,'Quiz: Cấu trúc dữ liệu cơ bản','PRACTICE','2025-06-11 14:42:01.852681','d8e8bc8f-fe15-4b42-b0ab-a21388924668','25a83f00-9638-4005-a76f-5c1b2b066f97'),('2336588c-a1b8-457f-8980-48f1850cec19','2025-06-11 13:55:02.936484','Kiểm tra ngắn',NULL,_binary '',5,60,'HIGHEST',NULL,NULL,NULL,NULL,NULL,30,'Quiz: Xác suất có điều kiện và Công thức Bayes','PRACTICE','2025-06-11 13:55:02.936484','d8e8bc8f-fe15-4b42-b0ab-a21388924668','42833f5d-b486-445e-8276-1a8a4579c841'),('31e25756-4c6f-41f5-95ed-17db6029c1c2','2025-06-08 16:47:03.834360','Bài kiểm tra ngắn',NULL,_binary '',5,70,'HIGHEST',NULL,NULL,NULL,NULL,NULL,30,'Quiz: Nguyên lý cơ bản của UX và DT','PRACTICE','2025-06-11 13:44:58.095631','ea0c7864-91d9-420b-91d4-d22aeafa8dc1','1d5f1ebd-9583-4d0b-9c9d-cda250a6297f'),('6252bbc5-b716-41cd-b135-f4915caebadb','2025-06-11 16:27:23.721102','Kiểm tra ngắn',NULL,_binary '',5,70,'HIGHEST',NULL,NULL,NULL,NULL,NULL,50,'Quiz: Đại cương về chuỗi số','PRACTICE','2025-06-11 16:27:23.721102','c8146c2e-67fd-47fc-8a33-1efa6d7d83d7','ef663304-04cf-441e-8931-a341f2e287ee'),('66a4661d-4c0b-4c0d-8a11-8b1d4339d662','2025-06-11 14:06:30.130622','Kiểm tra ngắn',NULL,_binary '',3,75,'HIGHEST',NULL,NULL,NULL,NULL,NULL,20,'Quiz: Định lý giới hạn trung tâm và Phân phối chuẩn','PRACTICE','2025-06-11 14:06:30.130622','d8e8bc8f-fe15-4b42-b0ab-a21388924668','656dc5c5-e586-444c-8163-c5c20054f2e7'),('69b90f56-9759-4894-9f7c-758c5be24295','2025-06-11 17:01:33.900806','Kiểm tra ngắn',NULL,_binary '',5,70,'HIGHEST',NULL,NULL,NULL,NULL,NULL,20,'Quiz: AI in Curriculum Planning','PRACTICE','2025-06-11 17:01:33.900806','a0c5ecb8-0cc7-4513-8b40-27a94b021320','169de1cb-dccf-4e27-8fdd-4180e4957d82'),('8384e4d9-011b-4300-8d5e-608553125c2d','2025-06-11 16:04:06.376046','Kiểm tra ngắn',NULL,_binary '',4,55,'HIGHEST',NULL,NULL,NULL,NULL,NULL,15,'Quiz: Figma 2','PRACTICE','2025-06-11 16:04:06.376046','ce25b107-8531-42d7-9ded-d73354a31fe2','96f13c2a-6944-4569-98ec-21ab0d998b68'),('88b814b1-a931-4185-94a7-fe574d6b15f1','2025-06-11 14:24:10.114838','Kiểm tra ngắn',NULL,_binary '',4,50,'HIGHEST',NULL,NULL,NULL,NULL,NULL,30,'Quiz: Giới thiệu về Điện toán Đám mây','PRACTICE','2025-06-11 14:24:10.114838','d8e8bc8f-fe15-4b42-b0ab-a21388924668','e67aa3b4-5576-431f-b104-5bddc11c7baf'),('963b315d-b1f6-4dcf-be6f-050a3a3826b2','2025-06-11 13:50:45.667435','Bài kiểm tra ngắn',NULL,_binary '',5,60,'HIGHEST',NULL,NULL,NULL,NULL,NULL,30,'Quiz: Lập trình thi đấu và phân tích độ phức tạp','PRACTICE','2025-06-11 13:50:45.667435','d8e8bc8f-fe15-4b42-b0ab-a21388924668','378b96f2-c6b6-4fec-a364-a71b7e9b16ff'),('a68092a3-5f98-480e-b37b-795990caf2d1','2025-06-11 16:57:04.431380','Kiểm tra ngắn',NULL,_binary '',5,70,'HIGHEST',NULL,NULL,NULL,NULL,NULL,20,'Quiz: AI in Lesson Planning','PRACTICE','2025-06-11 16:57:04.431380','a0c5ecb8-0cc7-4513-8b40-27a94b021320','27621ebe-4c01-4a80-9a49-f93088c52d3c'),('a7e77628-1cd5-4926-be1e-568d5acec175','2025-06-11 13:42:01.373022','Bài kiểm tra ngắn',NULL,_binary '',5,50,'HIGHEST',NULL,NULL,NULL,NULL,NULL,25,'Quiz: Giới thiệu về Phát triển Web với Java','PRACTICE','2025-06-11 13:42:01.373022','d8e8bc8f-fe15-4b42-b0ab-a21388924668','10ba66e4-a2f5-4dd7-9759-6eaf18203917'),('aba4a16f-7c55-420d-ba03-7e15a5cd2e8d','2025-06-10 17:35:04.147913','Kiểm tra các Khái niệm cơ bản về xác suất',NULL,_binary '',5,70,'HIGHEST',NULL,NULL,NULL,NULL,NULL,30,'Quiz: Khái niệm cơ bản về xác suất','PRACTICE','2025-06-11 13:30:36.703090','bcd913e4-9ece-4a0f-83c5-5e365f4a25d4','526ba383-a7fd-467a-b423-9fb90937fabc'),('b3c4ca06-e07f-4862-b1bc-0f4c1db931e1','2025-06-11 14:13:53.445225','Kiểm tra ngắn',NULL,_binary '',5,60,'HIGHEST',NULL,NULL,NULL,NULL,NULL,45,'Quiz: Mastering Everyday Greetings and Introductions','PRACTICE','2025-06-11 14:13:53.445225','d8e8bc8f-fe15-4b42-b0ab-a21388924668','79c94840-809c-4861-a3c0-9fe0631c8bff'),('b9134de6-672b-477d-a235-c497c33bb998','2025-06-11 17:20:43.951296','Kiểm tra ngắn',NULL,_binary '',5,70,'HIGHEST',NULL,NULL,NULL,NULL,NULL,20,'Quiz: Tạo Web Server đơn giản với Node.js','PRACTICE','2025-06-11 17:20:43.951296','54522d48-fdb0-426d-9103-1af4b9e3d6c0','0ff98fc2-ba86-4fcc-94fb-f378942ed934'),('bd12a478-13df-4c35-b6e9-5707823c7a7b','2025-06-11 13:58:33.496803','Kiểm tra ngắn',NULL,_binary '',5,50,'HIGHEST',NULL,NULL,NULL,NULL,NULL,30,'Quiz: Thiết lập Môi trường Phát triển Web với Java','PRACTICE','2025-06-11 13:58:33.496803','d8e8bc8f-fe15-4b42-b0ab-a21388924668','49cf4a26-a48d-46f6-a94e-d70f4384f8d2'),('c067f183-0744-446e-9ef7-e1b9fc582616','2025-06-11 16:41:20.633611','Kiểm tra ngắn',NULL,_binary '',5,70,'HIGHEST',NULL,NULL,NULL,NULL,NULL,45,'Quiz: Phương trình vi phân','PRACTICE','2025-06-11 16:41:20.633611','c8146c2e-67fd-47fc-8a33-1efa6d7d83d7','ef1dc129-2fba-4d45-bdf4-867270ac42ef'),('c425f0b3-1760-4ed8-83b3-a7b090837d66','2025-06-11 14:20:24.737814','Kiểm tra ngắn',NULL,_binary '',3,60,'HIGHEST',NULL,NULL,NULL,NULL,NULL,25,'Quiz: NumPy và Pandas Cơ Bản','PRACTICE','2025-06-11 14:20:24.737814','d8e8bc8f-fe15-4b42-b0ab-a21388924668','b4f9c0e2-e1db-4b66-b115-d4fba72c8236'),('c4a47efd-c427-4b99-91eb-eb212be5cd3f','2025-06-11 14:35:54.032155','Kiểm tra ngắn',NULL,_binary '',4,60,'HIGHEST',NULL,NULL,NULL,NULL,NULL,20,'Quiz: Phân phối Xác suất Rời rạc','PRACTICE','2025-06-11 14:35:54.032155','d8e8bc8f-fe15-4b42-b0ab-a21388924668','7cb3291e-2f84-4519-ba51-4f8b31b55b49'),('c964c716-b008-459e-8519-de2578f824cd','2025-06-08 16:17:38.288358','Bài kiểm tra ngắn',NULL,_binary '',5,50,'HIGHEST',NULL,NULL,NULL,NULL,NULL,30,'Quiz: Mật mã học cơ bản và thuật toán mã hóa','PRACTICE','2025-06-11 12:57:08.839677','ea0c7864-91d9-420b-91d4-d22aeafa8dc1','3ede6730-2889-4e62-90d9-d02639dbe2c8'),('cdd6745f-9533-4a9e-b187-2b738110a43c','2025-06-11 14:10:18.776863','Kiểm tra ngắn',NULL,_binary '',5,50,'HIGHEST',NULL,NULL,NULL,NULL,NULL,20,'Quiz: Thuật toán sắp xếp cơ bản','PRACTICE','2025-06-11 14:10:18.776863','d8e8bc8f-fe15-4b42-b0ab-a21388924668','68f4e0da-d490-4833-810e-be5775890fa1'),('d99c0ad5-4301-47e3-861e-48be630dc945','2025-06-11 14:27:39.396052','Kiểm tra ngắn',NULL,_binary '',4,60,'HIGHEST',NULL,NULL,NULL,NULL,NULL,30,'Quiz: Thiết lập và Khám phá Nhà cung cấp Đám mây','PRACTICE','2025-06-11 14:27:39.396052','d8e8bc8f-fe15-4b42-b0ab-a21388924668','f10f23c8-2a2f-4262-89d0-8663e0f1a010'),('dc9ff35f-ffab-49ea-8246-aed9beae0a97','2025-06-10 18:04:12.931820','Bài luyện tập',NULL,_binary '',5,70,'HIGHEST',NULL,NULL,NULL,NULL,NULL,20,'Bài tập mảng và danh sách liên kết','PRACTICE','2025-06-10 18:22:41.134709','bcd913e4-9ece-4a0f-83c5-5e365f4a25d4','6c7ee738-dab8-49c4-8f42-af7ef855242e'),('e2942993-28fe-449e-89f2-add788b75227','2025-06-11 13:46:30.551660','Bài kiểm tra ngắn',NULL,_binary '',5,50,'HIGHEST',NULL,NULL,NULL,NULL,NULL,30,'Quiz: Biến ngẫu nhiên liên tục','PRACTICE','2025-06-11 13:46:30.551660','d8e8bc8f-fe15-4b42-b0ab-a21388924668','12524a65-ec10-4984-afd3-2596496dd518'),('e4c2af2d-9fa4-49aa-996e-7e2f229d2a26','2025-06-08 12:58:30.706795','Bài kiểm tra ngắn',NULL,_binary '',5,70,'HIGHEST',NULL,NULL,NULL,NULL,NULL,20,'Quiz: Các loại tấn công mạng','PRACTICE','2025-06-11 13:35:22.337467','ea0c7864-91d9-420b-91d4-d22aeafa8dc1','d94faf74-006b-4eb7-a153-e62bde66cb4f'),('f69d8b9f-f342-4c3b-8e23-5c3c852a4bd2','2025-06-11 17:16:07.701275','Kiểm tra ngắn',NULL,_binary '',5,70,'HIGHEST',NULL,NULL,NULL,NULL,NULL,50,'Quiz: Giới thiệu về Node.js','PRACTICE','2025-06-11 17:16:07.701275','54522d48-fdb0-426d-9103-1af4b9e3d6c0','81dc24db-58d8-4fd8-bdae-5ee4817ab25e');
/*!40000 ALTER TABLE `quiz` ENABLE KEYS */;
UNLOCK TABLES;

--
-- Table structure for table `quiz_answer`
--

DROP TABLE IF EXISTS `quiz_answer`;
/*!40101 SET @saved_cs_client     = @@character_set_client */;
/*!50503 SET character_set_client = utf8mb4 */;
CREATE TABLE `quiz_answer` (
  `id` varchar(255) NOT NULL,
  `answer_text` tinytext NOT NULL,
  `created_at` datetime(6) DEFAULT NULL,
  `is_correct` bit(1) DEFAULT NULL,
  `order_index` int DEFAULT NULL,
  `updated_at` datetime(6) DEFAULT NULL,
  `question_id` varchar(255) NOT NULL,
  PRIMARY KEY (`id`),
  KEY `FK4miyop5d48hmevxd77k797gsp` (`question_id`),
  CONSTRAINT `FK4miyop5d48hmevxd77k797gsp` FOREIGN KEY (`question_id`) REFERENCES `quiz_question` (`id`)
) ENGINE=InnoDB DEFAULT CHARSET=utf8mb4 COLLATE=utf8mb4_0900_ai_ci;
/*!40101 SET character_set_client = @saved_cs_client */;

--
-- Dumping data for table `quiz_answer`
--

LOCK TABLES `quiz_answer` WRITE;
/*!40000 ALTER TABLE `quiz_answer` DISABLE KEYS */;
INSERT INTO `quiz_answer` VALUES ('000648ba-b92b-4b03-a5df-418fac8451bf','A. Truy cập nhanh hơn','2025-06-10 18:06:45.711628',_binary '\0',1,'2025-06-10 18:06:45.711628','315e6acd-a264-41bc-bdc6-60908e631283'),('00f9de2c-663e-43ad-a88c-6f8d248b68ec','B. Min Heap','2025-06-11 14:44:43.366590',_binary '\0',2,'2025-06-11 14:44:43.366590','4011ee38-b660-4338-aae8-7755bd394523'),('022e0945-0346-4a65-8b2d-246e6d285ea1','c) Why don’t you find a better job?','2025-06-11 14:18:53.958042',_binary '\0',3,'2025-06-11 14:18:53.958042','0f1919d9-4cf1-4226-b860-fc1c4070cf7c'),('030e77dc-7030-43d5-94fd-c5b0e4710cd2','a) Django','2025-06-11 13:42:22.517621',_binary '\0',1,'2025-06-11 13:42:22.517621','53fc80fb-872d-4490-b127-0fd11af88d88'),('0326531f-e181-4e64-b2d1-504bab9a3a38','A. \\( y = C + kt \\)','2025-06-11 16:44:26.911520',_binary '\0',1,'2025-06-11 16:44:26.911520','daba6651-d2a7-4560-9d86-c2a9d31144a8'),('03632edb-54dd-4e1e-8635-99591c6553ad','a) Hi, I\'m cool, what\'s your name?','2025-06-11 14:15:06.562784',_binary '\0',1,'2025-06-11 14:15:06.562784','4b276ffd-9220-4ded-a58c-0352047b2a3a'),('03b60d83-2f48-43e4-8ae5-1d4554ddd2fd','d) Insertion Sort (O(n²))','2025-06-11 13:52:58.412408',_binary '\0',4,'2025-06-11 13:52:58.412408','8e381d1a-4042-4c6e-bd74-9f833d9111c7'),('03b9daa7-0e9e-425a-9f05-6d8758ac73fb','C. Locations','2025-06-11 14:30:32.351156',_binary '\0',3,'2025-06-11 14:30:32.351156','68ce60d1-ba22-402b-942b-da9a6346d603'),('03c79842-2e0c-4653-b531-b54b401ea0f5','Tạo các mật khẩu có độ dài lớn','2025-06-11 13:37:37.447520',_binary '\0',3,'2025-06-11 13:37:37.447520','e4779c19-5d05-46cb-8b32-3e16618e5ce6'),('0413c6ea-a314-4244-919b-89810d4bcefe','A. echo(\"Hello, world!\")','2025-06-11 14:32:14.671970',_binary '\0',1,'2025-06-11 14:32:14.671970','8392e900-3e8b-4d34-addd-41b492e29446'),('04b8cd5e-1065-4e0f-b928-cba9e8b197bb','B. Tốc độ chia cho khoảng cách','2025-06-11 16:06:13.478251',_binary '\0',2,'2025-06-11 16:06:13.478251','c918780b-4d46-486a-a6e2-bcbd4620a58a'),('04c5376b-d5a0-494c-bbd5-7e3b02054575','C. 5','2025-06-11 14:33:12.900356',_binary '\0',3,'2025-06-11 14:33:12.900356','595066f7-2c18-4a25-9682-add2dcde173a'),('04fdd6b9-75d1-4e4e-a826-e81a28caaa09','C. pd.read_csv(\'file.csv\')','2025-06-11 14:22:10.244861',_binary '',3,'2025-06-11 14:22:10.244861','432c687c-3274-4f2c-beba-52158b8f11d1'),('06fd6c3a-9c9a-4f64-8b36-2f1fc94ca66c','c) Thiết kế giao diện người dùng','2025-06-11 13:51:09.949292',_binary '\0',3,'2025-06-11 13:51:09.949292','b44f386b-4495-46c5-b26d-1357cb4cab52'),('07acb68e-8d2a-4dca-89a8-d6676cd19ffa','b) Apache Tomcat','2025-06-11 14:00:34.220115',_binary '',2,'2025-06-11 14:00:34.220115','e20fc995-0cc9-4190-b937-9fc190a24df9'),('087ba3ff-df71-4699-9130-b7fd16170b68','A. T','2025-06-11 16:02:24.108317',_binary '',1,'2025-06-11 16:02:24.108317','3aa086a0-45b1-41fd-9aa6-ad857b50041c'),('08de3ced-1bb9-49cf-8769-727e6a8b2a06','A. Ctrl + P','2025-06-11 16:05:20.637696',_binary '\0',1,'2025-06-11 16:05:20.637696','829960f5-0404-4024-a0ff-3e5bbcb60f5a'),('09f86c07-8d59-4c2a-85f9-fa146bfe072c','Performance data and behavior','2025-06-11 17:00:22.088037',_binary '',2,'2025-06-11 17:00:22.088037','8ceac3d1-8ec2-41b9-8a88-f90a76ba3b84'),('0a8ddd95-ce33-4f72-9fad-2bcef8cc4858','d) Test (Kiểm tra)','2025-06-11 13:32:37.279266',_binary '\0',4,'2025-06-11 13:32:37.279266','a95a4e73-151b-4ab6-8563-12cc7552f544'),('0aacb003-64e2-4219-927f-dc6ed7bdcd19','C. PaaS (Platform as a Service)','2025-06-11 14:25:43.138661',_binary '\0',3,'2025-06-11 14:25:43.138661','8f1fccc0-dc67-4ba2-8fc0-df54845b3ea2'),('0af90f0b-2f70-48bc-b1dc-a0a19ab0e3d9','C. Tạo hiệu ứng chuyển cảnh lâu để người dùng kịp xem','2025-06-11 16:05:49.410409',_binary '\0',3,'2025-06-11 16:05:49.410409','2e6711d5-c045-4f52-b891-acb70bb654c0'),('0b3253bf-7b5f-4e8f-b663-07b8753bda79','c) Thời gian chạy không phụ thuộc vào kích thước đầu vào','2025-06-11 13:51:37.866174',_binary '\0',3,'2025-06-11 13:51:37.866174','4e0ca82f-3256-4aed-8d21-3709ac99c285'),('0b64bb30-fcb3-4ecb-8488-c2fff30c7675','C. Vô cực','2025-06-11 16:37:13.294088',_binary '\0',3,'2025-06-11 16:37:13.294088','ebb42b90-fd72-4820-b191-1c8b3fcf685e'),('0b6b936c-37bc-424e-8b66-4623294740ff','d) Composer','2025-06-11 13:59:47.690809',_binary '\0',4,'2025-06-11 13:59:47.690809','9464ef10-7b8f-4e7c-82d9-b6a49de1dc7a'),('0b8fd208-7366-4dbd-b6b9-169020673b36','C. Dữ liệu và con trỏ tới node tiếp theo','2025-06-10 18:06:03.486067',_binary '',3,'2025-06-10 18:06:03.486067','3d72a98a-a0a5-4236-8345-e1ec9d5b0771'),('0c3fc771-98a5-4174-a472-a0cd2ea22e46','b) I don’t want to talk about it.','2025-06-11 14:15:34.249694',_binary '\0',2,'2025-06-11 14:15:34.249694','e13deeed-eb4f-4ffa-ba8d-63ea34c2eed4'),('0ddc9a36-699f-4a09-a162-e617c00d2eb5','B. Phân kỳ','2025-06-11 16:37:59.579054',_binary '',2,'2025-06-11 16:37:59.579054','58f2b699-98e2-4902-b845-fb5c7a282c87'),('0ebf2cd6-6ab8-4f28-8853-95d1ce39a9f2','D. \\( y\'\' = f(x) \\)','2025-06-11 16:43:35.159896',_binary '\0',4,'2025-06-11 16:43:35.159896','199c8311-5382-4b65-91f6-4e4f729d3c67'),('0f47f0df-108e-44d2-8909-3f34f243e24c','B. 3000','2025-06-11 17:24:41.667705',_binary '',2,'2025-06-11 17:24:41.667705','f1897cf6-7471-4681-acbf-c5b12ea4663b'),('101ab1f5-31ed-4f71-987e-d76066dbe594',' Sử dụng các tổ hợp lý tự ngẫu nhiên','2025-06-11 13:37:37.445497',_binary '\0',2,'2025-06-11 13:37:37.445497','e4779c19-5d05-46cb-8b32-3e16618e5ce6'),('1121b221-4987-439c-a13d-ed7446708826','B. \\( y\' + P(x) y = Q(x) \\)','2025-06-11 16:43:35.159896',_binary '\0',2,'2025-06-11 16:43:35.159896','199c8311-5382-4b65-91f6-4e4f729d3c67'),('11940784-2983-4780-b9d4-1c69fe0e66a4','C. Đường nét cam','2025-06-11 16:04:26.986860',_binary '\0',3,'2025-06-11 16:04:26.986860','10d3eee8-0ce6-450e-91eb-981355ba439e'),('11c8b5dc-c6b7-48d4-9580-c8f284ac5985','a) Hey, what\'s up?','2025-06-11 14:14:29.637510',_binary '\0',1,'2025-06-11 14:14:29.637510','49293682-bca1-4b11-893c-26eb74cc79bf'),('12e1d605-cdf2-47fc-af59-350967e6546d','b) Thời gian chạy tăng theo bình phương kích thước đầu vào','2025-06-11 13:51:37.866174',_binary '',2,'2025-06-11 13:51:37.866174','4e0ca82f-3256-4aed-8d21-3709ac99c285'),('137cd3e2-2e0b-4e5a-8ed8-19f999881346','D. Luôn hội tụ với mọi \\( r \\)','2025-06-11 16:39:33.520221',_binary '\0',4,'2025-06-11 16:39:33.520221','11d304ce-ebb7-4ff5-88e4-fc6f771e9be1'),('13c89419-f3b7-454c-ba09-e20222801ecb','A. Dùng thật nhiều màu sắc','2025-06-11 16:02:46.251810',_binary '\0',1,'2025-06-11 16:02:46.251810','3d6feaa0-6f79-4af6-8134-bd6aa4ae86f5'),('143ee3da-a8f5-474d-b944-e625e58a01b4','d) Isn’t your job boring?','2025-06-11 14:18:53.958042',_binary '\0',4,'2025-06-11 14:18:53.958042','0f1919d9-4cf1-4226-b860-fc1c4070cf7c'),('14881fde-4f37-43ec-a778-67b4c7c3b6dc','B. SaaS (Software as a Service)','2025-06-11 14:25:43.138661',_binary '\0',2,'2025-06-11 14:25:43.138661','8f1fccc0-dc67-4ba2-8fc0-df54845b3ea2'),('14f79262-05b8-4bc9-bb2c-5a68ee885c57','B. Queue','2025-06-11 14:42:31.948127',_binary '\0',2,'2025-06-11 14:42:31.948127','59fae233-2b4b-4379-8a91-3447f319fdd6'),('1552c591-896c-4470-9128-2273f6fa6c9b','a) Tạo khóa công khai','2025-06-11 13:26:26.487262',_binary '\0',1,'2025-06-11 13:26:26.487262','93569727-bcbc-449d-af79-89386e1a48d3'),('1642df9e-5687-4155-9eac-e71d3c7494e7','a) Mức độ phân tán của biến quanh giá trị kỳ vọng','2025-06-11 13:48:45.676348',_binary '',1,'2025-06-11 13:48:45.676348','46d9f9b5-13cf-4ea4-ac63-8af06c2a386d'),('171eed81-2cd4-4aa4-90da-d10242fc7978','Incorrect','2025-06-11 17:03:59.882137',_binary '\0',2,'2025-06-11 17:03:59.882137','2c15d3bf-fb51-414e-b54f-1106e6a3ce9f'),('176a94b2-a1f8-4b77-997b-845037fdad73','Chặn bắt thông tin từ mạng','2025-06-11 13:38:46.982895',_binary '\0',1,'2025-06-11 13:38:46.982895','c61a6c5d-5863-4503-b3db-55e11d1f8684'),('195eaa70-35a9-46b3-a0cf-32517c4b684d','a) How much do you earn?','2025-06-11 14:18:53.958042',_binary '\0',1,'2025-06-11 14:18:53.958042','0f1919d9-4cf1-4226-b860-fc1c4070cf7c'),('198e3289-2d38-4e14-ab09-90d77c921969','C. Đạo hàm của biến phụ thuộc theo biến độc lập','2025-06-11 16:44:18.397037',_binary '\0',3,'2025-06-11 16:44:18.397037','19f60b63-713c-4bb4-aef6-07ed885c7cbf'),('19b895bb-936c-48fd-b47a-0705ef7cc016','A. 3','2025-06-11 14:38:26.389457',_binary '',1,'2025-06-11 14:38:26.389457','9b05c71b-0a37-4a15-a791-cbcb889f33bd'),('19f42c9a-22a1-44c4-8cb4-261ce072876d','True','2025-06-11 17:00:00.219664',_binary '',1,'2025-06-11 17:00:00.219664','62ee6319-b536-40a1-9baf-58a0ece75993'),('1abb125d-c35c-4729-b59e-9a4da4a40922','b) 3/5','2025-06-11 13:30:21.055443',_binary '',2,'2025-06-11 13:30:21.055443','3a3c5240-089c-48f9-84ba-df56abf735c7'),('1b585a9e-dc28-40b6-8621-3ebc3351b4fd','D. Tạo cơ sở dữ liệu SQL','2025-06-11 14:28:04.269127',_binary '\0',4,'2025-06-11 14:28:04.269127','c50a3ecc-6d7e-48c7-afde-87fc8af6da00'),('1bceede5-1f0f-4419-a63d-89c008ac144b','a) Hibernate','2025-06-11 13:43:48.713307',_binary '',1,'2025-06-11 13:43:48.713307','4917f98c-1523-4957-a58e-ef28043668ae'),('1c1262d6-211b-46e2-ac26-764175d36cb6','A. Nhiệt độ đo được trong ngày','2025-06-11 14:38:57.713698',_binary '\0',1,'2025-06-11 14:38:57.713698','ffbffe0b-f427-41fa-8151-ccc9a5d7c8b4'),('1d9649fd-2932-455d-b686-daae7dbffe5a','c) Tổng số kết quả có thể xảy ra ','2025-06-11 13:28:22.243490',_binary '\0',3,'2025-06-11 13:28:22.243490','726982b5-4dc1-4715-a386-aceed020109d'),('1dd1f9ff-0056-4024-b298-cba39ce8c150','D. Bằng 1','2025-06-11 16:38:45.329089',_binary '\0',4,'2025-06-11 16:38:45.329089','afd4deec-40de-4a6d-8891-b7efb0cee708'),('1e33fddf-b5b7-4518-97de-a84c3aa01e8f','A. Hội tụ','2025-06-11 16:37:59.579054',_binary '\0',1,'2025-06-11 16:37:59.579054','58f2b699-98e2-4902-b845-fb5c7a282c87'),('1e39d679-dfa2-489d-a95c-8ea965ff161f','b) Good morning, how are you today?','2025-06-11 14:14:29.637510',_binary '',2,'2025-06-11 14:14:29.637510','49293682-bca1-4b11-893c-26eb74cc79bf'),('1e75633d-5564-4e37-bafd-1743bd02ea36','B. Queue','2025-06-11 14:43:40.061610',_binary '\0',2,'2025-06-11 14:43:40.061610','404dbaf0-c493-4c65-a4af-bea3883eba77'),('1ee86cab-f8c8-48c9-8929-f47e0eca59df','a) Phỏng vấn người dùng','2025-06-11 14:03:19.939542',_binary '',1,'2025-06-11 14:03:19.939542','ac218a45-a4bd-41ff-80f9-039b0ca01f6d'),('1f3d63b8-1663-45b5-8271-b9db80710f97','B. (1, 2, 3)','2025-06-11 14:33:44.110282',_binary '\0',2,'2025-06-11 14:33:44.110282','3bf42df6-3085-4bd7-9027-9f0ba8fa6f28'),('1f9c9b4a-2bca-41cd-b9d3-94152a41103b','D. Hash Map','2025-06-11 14:44:43.366590',_binary '\0',4,'2025-06-11 14:44:43.366590','4011ee38-b660-4338-aae8-7755bd394523'),('1fac4502-a608-46e7-9974-5ea6e32b00ac','b) Hiểu nhu cầu, hành vi và động lực của người dùng','2025-06-11 14:02:31.719634',_binary '',2,'2025-06-11 14:02:31.719634','2fc9145c-9831-48f7-9714-90b7f36cc2f8'),('20ada39c-86ae-42f3-85a5-892b5ac494b5','a) config.xml','2025-06-11 14:00:12.443248',_binary '\0',1,'2025-06-11 14:00:12.443248','34dad7b9-26b4-4733-9139-6594363ff07d'),('218ef378-7726-4fc5-ae0d-f19bfde13fb4','d) O(log n)','2025-06-11 14:10:38.601402',_binary '\0',4,'2025-06-11 14:10:38.601402','777e1487-b59b-4bc2-8d78-9eb476d5f06e'),('2214d966-fbae-413c-9c41-69341546968d','c) Why are you asking me this?','2025-06-11 14:18:09.834253',_binary '\0',3,'2025-06-11 14:18:09.834253','76df5fe1-a7ec-4b76-b1c9-42e6ecc08db8'),('22d47bee-4f7c-4714-b8aa-e1d3384d3651','b) So sánh và dịch chuyển các phần tử lớn hơn sang phải','2025-06-11 14:11:27.924548',_binary '',2,'2025-06-11 14:11:27.924548','8dada144-6906-457b-8249-97bb056b76c1'),('241c823e-26a8-43f7-a078-d73923d5262d','Student performance trends','2025-06-11 17:04:27.947640',_binary '',2,'2025-06-11 17:04:27.947640','640843d0-47a9-4673-9da0-5a008ea426a2'),('24a231de-7b4b-43d2-aa88-18483dde3064','c) Không xác định','2025-06-11 13:56:37.218727',_binary '',3,'2025-06-11 13:56:37.218727','dc09c9fa-406b-4682-8d70-90df1f47d774'),('258dc30a-8924-4009-8add-cc23725f6f5d','C. Khả năng mở rộng linh hoạt và tiết kiệm chi phí','2025-06-11 14:25:15.500849',_binary '',3,'2025-06-11 14:25:15.500849','d9977665-0a83-489b-8fc9-bfcfa2d6d587'),('25a0f3ff-8b4c-4c85-9bb7-1e7b99b99088',' Đảm bảo tính toàn vẹn của hệ thống','2025-06-11 13:38:39.701587',_binary '\0',2,'2025-06-11 13:38:39.701587','0ba90a96-a393-4f59-ba0b-4474d8acce50'),('25a4ecf7-76fe-47f5-b334-fdd6e3fff7c2','C. Khoảng cách chia cho tốc độ','2025-06-11 16:06:13.478251',_binary '',3,'2025-06-11 16:06:13.478251','c918780b-4d46-486a-a6e2-bcbd4620a58a'),('26146888-8708-474b-adf9-9c34115c5153','a) Tính xác suất của sự kiện độc lập','2025-06-11 13:55:51.473057',_binary '\0',1,'2025-06-11 13:55:51.473057','976c17c1-fde9-4e54-acec-b33925154820'),('261da998-f3d3-4190-b87e-11db782b7d00','c) Selection Sort (O(n²))','2025-06-11 13:52:58.412408',_binary '\0',3,'2025-06-11 13:52:58.412408','8e381d1a-4042-4c6e-bd74-9f833d9111c7'),('2661d9b6-0e35-4533-95cb-1196844fd938','d) Tối ưu hóa hiệu suất ứng dụng','2025-06-11 13:42:48.577509',_binary '\0',4,'2025-06-11 13:42:48.577509','d5f5e8d8-b243-4b7d-9ea3-0db1ec4dd4f7'),('266f0025-a037-4185-a386-58797d6377ea','C. \\( y = C \\cdot t^k \\)','2025-06-11 16:44:26.911520',_binary '\0',3,'2025-06-11 16:44:26.911520','daba6651-d2a7-4560-9d86-c2a9d31144a8'),('268c0ddf-ade9-453b-84f1-5a05058c3e40','b) JRE (Java Runtime Environment)','2025-06-11 13:59:02.880966',_binary '\0',2,'2025-06-11 13:59:02.880966','62eaeba7-cbb5-405e-8ae1-35b54397829a'),('268f59cf-fc6e-457f-a5e3-055ec6698eba','b) Kích thước mẫu lớn và phân phối tổng thể bất kỳ','2025-06-11 14:08:12.447955',_binary '',2,'2025-06-11 14:08:12.447955','9f2a2938-fce6-4caa-a135-ea0f670139a0'),('2815d416-02cd-4e37-a02b-c01e88c718ee','A. Queue','2025-06-11 14:44:43.366590',_binary '\0',1,'2025-06-11 14:44:43.366590','4011ee38-b660-4338-aae8-7755bd394523'),('2837c02a-b0c7-4b3a-aa3c-997def733228','d) Không có giá trị trung bình cố định','2025-06-11 14:07:23.586793',_binary '\0',4,'2025-06-11 14:07:23.586793','ca922d95-4b2a-48c4-a4a8-9adced750366'),('29cf3023-cb6e-40d6-9dd0-d1a8c13a5ecc','d) Tính phương sai của một phân phối','2025-06-11 13:55:51.473057',_binary '\0',4,'2025-06-11 13:55:51.473057','976c17c1-fde9-4e54-acec-b33925154820'),('29dabb95-fb81-418f-a728-74002e544869','A. Số lần xảy ra một sự kiện ngẫu nhiên trong khoảng thời gian cố định','2025-06-11 14:37:20.597007',_binary '\0',1,'2025-06-11 14:37:20.597007','a57fa500-df01-4155-9666-469a64777a6c'),('2ac29e5b-bf7b-45fb-9370-724664b1f19a','D. read.pd_csv(\'file.csv\')','2025-06-11 14:22:10.244861',_binary '\0',4,'2025-06-11 14:22:10.244861','432c687c-3274-4f2c-beba-52158b8f11d1'),('2bb0d9d4-2d44-4d68-bdcb-238e0132f01d','C. Xử lý đồ họa 3D','2025-06-11 17:18:43.352162',_binary '\0',3,'2025-06-11 17:18:43.352162','f294c4e8-cb98-4c3e-bf6d-bdb66aed4066'),('2bbd9847-f91b-42cb-a918-a3f1f3b4b960','a) JDK (Java Development Kit)','2025-06-11 13:59:02.880966',_binary '',1,'2025-06-11 13:59:02.880966','62eaeba7-cbb5-405e-8ae1-35b54397829a'),('2c82274d-6aa0-4d05-9e35-c9b1260129ed','B. node -v','2025-06-11 17:24:26.883669',_binary '\0',2,'2025-06-11 17:24:26.883669','9067f656-7fe6-45d4-855a-a96c02155df5'),('2cab5fee-499c-4efa-ae28-fbcec56faab7','B. Nhà cung cấp dịch vụ đám mây','2025-06-11 14:26:32.018201',_binary '',2,'2025-06-11 14:26:32.018201','080e05fc-a8b4-45c0-acfa-3359fbc789e8'),('2cbef6b8-c65c-4a82-868d-8517b6c7b2fa','A. \\( |r| &lt; 1 \\)','2025-06-11 16:39:33.520221',_binary '',1,'2025-06-11 16:39:33.520221','11d304ce-ebb7-4ff5-88e4-fc6f771e9be1'),('2d21204c-809c-4f46-8496-bc73819d9584','D. cout << \"Hello, world!\"','2025-06-11 14:32:14.671970',_binary '\0',4,'2025-06-11 14:32:14.671970','8392e900-3e8b-4d34-addd-41b492e29446'),('2d235038-b738-409d-82de-fd6d79da82eb','A. \\( y\' = f(x) \\)','2025-06-11 16:44:22.561443',_binary '\0',1,'2025-06-11 16:44:22.561443','aa9b1962-72e3-44db-960d-0f8d9827f428'),('2d4b4b7b-ab1e-4a65-bc5a-bfb7f3d7ce26','c) I have to go because you’re boring.','2025-06-11 14:19:16.282221',_binary '\0',3,'2025-06-11 14:19:16.282221','30f149e4-a0dc-4a47-a67a-4c2e4d815519'),('2fdbc795-69f2-4df1-83df-9555b29054fa','d) Số lần sự kiện xảy ra trong một thử nghiệm','2025-06-11 13:28:22.243490',_binary '\0',4,'2025-06-11 13:28:22.243490','726982b5-4dc1-4715-a386-aceed020109d'),('2fdd3d36-e734-4138-a70f-31c41e928512','A. Google Docs','2025-06-11 14:26:04.581005',_binary '',1,'2025-06-11 14:26:04.581005','09bf90ad-0077-4da5-8b3b-3b50dcea7db6'),('2fe3fb7b-02aa-4ad1-9347-ecd91e2beb35','D. LILO - Last In Last Out','2025-06-11 14:44:14.332490',_binary '\0',4,'2025-06-11 14:44:14.332490','9d8df9bb-0f47-4887-b9c4-9756a6ee5372'),('3035751c-432c-40df-9971-e02b308d4f0e','Asking students directly','2025-06-11 17:00:29.671660',_binary '\0',3,'2025-06-11 17:00:29.671660','623f09ce-99ee-41ad-a4a0-59e295184b78'),('304fb5ba-6694-4bc8-941a-8c7d3780eac0','d) Trung bình mẫu luôn bằng trung bình tổng thể','2025-06-11 14:07:01.549861',_binary '\0',4,'2025-06-11 14:07:01.549861','d4fc9b86-b6bb-4de6-a01e-735099258a57'),('306ccb76-54eb-40da-9da7-bf717b2a5191','b) Prototype (Tạo mẫu thử)','2025-06-11 13:32:37.279266',_binary '\0',2,'2025-06-11 13:32:37.279266','a95a4e73-151b-4ab6-8563-12cc7552f544'),('306ff4c7-63e2-4a48-a2d5-e48b779e0612','c) Mã hóa băm','2025-06-11 13:25:59.159258',_binary '\0',3,'2025-06-11 13:25:59.159258','81088bb9-e1b4-47f5-b232-d30c471bb4c4'),('30828d83-af0c-43c8-8f0b-656845414d62','C. Giảm độ tương phản để giao diện dịu mắt','2025-06-11 16:02:46.251810',_binary '\0',3,'2025-06-11 16:02:46.251810','3d6feaa0-6f79-4af6-8134-bd6aa4ae86f5'),('30d1d349-be3c-4ffd-b741-1cd8ea6f5ed6','C. Xác minh danh tính và phương thức thanh toán','2025-06-11 14:28:56.138336',_binary '',3,'2025-06-11 14:28:56.138336','6609a5cc-8753-4ba2-b0fc-57325574c8b7'),('3112592c-219b-4137-acfd-9b1af76154f4','b) Bảo vệ thông tin khỏi truy cập trái phép','2025-06-11 13:24:56.756726',_binary '',2,'2025-06-11 13:24:56.756726','729006f1-e2ba-469b-a46f-cd96dc082081'),('336fb85c-a52a-4f3d-82fe-127e37c20ff2','D. 10','2025-06-11 14:38:26.389457',_binary '\0',4,'2025-06-11 14:38:26.389457','9b05c71b-0a37-4a15-a791-cbcb889f33bd'),('33a06e7e-6a49-455b-9f5c-92e1f11e58e1','b) Luôn bằng 0','2025-06-11 13:56:37.218727',_binary '\0',2,'2025-06-11 13:56:37.218727','dc09c9fa-406b-4682-8d70-90df1f47d774'),('34929238-b403-4754-a997-3ca8724556aa','C. start server.js','2025-06-11 17:24:33.999337',_binary '\0',3,'2025-06-11 17:24:33.999337','ef1b1820-3093-490f-8a8e-aedca11fcb41'),('35f19081-7521-4472-be1c-ee6400e22cc3','d) settings.json','2025-06-11 14:00:12.443248',_binary '\0',4,'2025-06-11 14:00:12.443248','34dad7b9-26b4-4733-9139-6594363ff07d'),('362d45e7-ac38-4480-885c-7d4dc9b2a657','a) I\'m fine, thanks for asking. How about you?','2025-06-11 14:15:34.249694',_binary '',1,'2025-06-11 14:15:34.249694','e13deeed-eb4f-4ffa-ba8d-63ea34c2eed4'),('363f7df1-e8d0-41af-a8d2-2039eabaa049','b) P(A ∩ B) / P(B)','2025-06-11 13:55:27.597701',_binary '',2,'2025-06-11 13:55:27.597701','1d88cc83-5760-4d3b-a2b4-2ffb0489f874'),('3657bc6d-70ab-4fe5-a46f-5ea4ca86d7bd','D. df.show()','2025-06-11 14:22:37.228135',_binary '\0',4,'2025-06-11 14:22:37.228135','913a7d96-416f-4ebd-a4cd-8e5f9b6f6f82'),('367bfb7a-f942-4938-b5e2-d818c5e7a541','c) Mã hóa luồng','2025-06-11 13:26:52.714876',_binary '\0',3,'2025-06-11 13:26:52.714876','39853535-8a70-4a7c-96bc-dc0ba3ac8abb'),('36d2b28f-1cac-4756-b42c-15714ad80f1f','c) Danh sách các nhà cung cấp','2025-06-11 14:04:08.159819',_binary '\0',3,'2025-06-11 14:04:08.159819','7feb4bb2-daca-430e-a1be-c4db069c8b5c'),('36e49f91-d279-4661-9110-a3d452326e33','c) Thiết kế giao diện người dùng','2025-06-11 13:42:48.577509',_binary '\0',3,'2025-06-11 13:42:48.577509','d5f5e8d8-b243-4b7d-9ea3-0db1ec4dd4f7'),('375573ec-c042-40cf-a263-c2a7b1a4bf61','C. Một bảng dữ liệu có hàng và cột, tương tự bảng Excel','2025-06-11 14:21:45.795222',_binary '',3,'2025-06-11 14:21:45.795222','78aa6acd-4221-4071-a014-762493f00936'),('37ab3525-bb8b-48d5-b280-3299d2e33a99','d) Sublime Text','2025-06-11 13:59:26.134734',_binary '\0',4,'2025-06-11 13:59:26.134734','21c242ca-a62c-4c4a-ad8e-ff4d14daaf4e'),('37de10b4-d361-4961-81de-ab32b5f13490','c) Thiết kế giao diện đẹp mắt mà không cần quan tâm đến chức năng','2025-06-11 13:32:44.515989',_binary '\0',3,'2025-06-11 13:32:44.515989','bc86a0f8-98b6-4116-8271-d443c9495579'),('37f12caa-7d14-4f1f-981f-323da84f9ae4',' A. 0','2025-06-11 16:37:13.293088',_binary '',1,'2025-06-11 16:37:13.293088','ebb42b90-fd72-4820-b191-1c8b3fcf685e'),('39804ff1-3049-4bb7-ae88-bee68df45e0d','d) Hàm chỉ nhận giá trị nguyên','2025-06-11 13:47:00.782764',_binary '\0',4,'2025-06-11 13:47:00.782764','aca2e278-f8cd-4f2c-b246-0a8c68b45b21'),('39d331b8-ccc9-4904-a95e-c4afcb165e29','B. Play ▶ trên giao diện','2025-06-11 16:05:20.637696',_binary '',2,'2025-06-11 16:05:20.637696','829960f5-0404-4024-a0ff-3e5bbcb60f5a'),('3a124556-a1da-45a1-9326-2e2e8ea76643','c) Mã hóa băm','2025-06-11 13:25:59.159258',_binary '\0',4,'2025-06-11 13:25:59.159258','81088bb9-e1b4-47f5-b232-d30c471bb4c4'),('3a880d71-05e9-4257-8d46-36e6a6c9546e','d) Giá trị trung vị của hàm phân phối','2025-06-11 13:47:52.766769',_binary '\0',4,'2025-06-11 13:47:52.766769','381514f8-05e1-406b-8312-04f780c9e7da'),('3b857e8e-ba42-4a2e-8c22-b719ccba6d5f','C. O(1)','2025-06-10 18:05:08.654305',_binary '',3,'2025-06-10 18:05:08.654305','e6bfeb07-9285-4334-b720-852b3bfb5201'),('3bc178cb-470c-40be-89ef-8a410c912287','D. O','2025-06-11 16:02:24.108317',_binary '\0',4,'2025-06-11 16:02:24.108317','3aa086a0-45b1-41fd-9aa6-ad857b50041c'),('3c796cc1-c7d1-4b3f-b5c8-4bfb0e97983d','a) Tôn giáo','2025-06-11 14:18:31.244419',_binary '\0',1,'2025-06-11 14:18:31.244419','5c38abd2-fa7c-4807-ab78-7115a667d00a'),('3c8b0b3d-2b17-4772-962d-6dd2c21fb7e2','A. np.array(0, 9)','2025-06-11 14:21:21.042217',_binary '\0',1,'2025-06-11 14:21:21.042217','8d88fd3f-6d4b-4615-9ae0-3eeeb04f6f00'),('3d617f81-2b27-4760-a37d-49543ae66e53','B. node server.js','2025-06-11 17:24:33.999337',_binary '',2,'2025-06-11 17:24:33.999337','ef1b1820-3093-490f-8a8e-aedca11fcb41'),('3db037fc-c01a-44c3-b8de-b94e0146be92','B. npm','2025-06-11 17:18:14.257168',_binary '',2,'2025-06-11 17:18:14.257168','6cc2dac0-6d83-4dc0-a564-da4c24b7f31b'),('3db04382-547e-430b-be5b-178bd208207a','b) pom.xml','2025-06-11 14:00:12.443248',_binary '',2,'2025-06-11 14:00:12.443248','34dad7b9-26b4-4733-9139-6594363ff07d'),('3fa9baa1-6f95-4a85-a901-54bd802abac3','b) [Person A], I’d like you to meet [Person B].','2025-06-11 14:15:58.312461',_binary '',2,'2025-06-11 14:15:58.312461','af1b6e61-d7e3-41cf-a2b3-c037173a5c32'),('3fca30d3-40f1-41fb-b3da-17dba575c4d0','a) Model','2025-06-11 13:44:11.801040',_binary '',1,'2025-06-11 13:44:11.801040','171d8a44-4a78-4cbe-9dbd-71fc2a3ff16f'),('3fd5a9bb-f5ba-4102-b17c-623c1acd85a4','Analyzing learning data','2025-06-11 17:00:29.671660',_binary '',2,'2025-06-11 17:00:29.671660','623f09ce-99ee-41ad-a4a0-59e295184b78'),('3ff4c9fb-6f3f-4921-bf24-a0b7bc886452','B. x := 5','2025-06-11 14:32:48.135894',_binary '\0',2,'2025-06-11 14:32:48.135894','821ed5e2-2efe-4f98-93a9-21ffedb0e288'),('406ea71b-ce5c-4907-887d-a60feb8e0c69','B. 9','2025-06-11 14:33:12.900356',_binary '',2,'2025-06-11 14:33:12.900356','595066f7-2c18-4a25-9682-add2dcde173a'),('4099fef1-09a8-4b7b-8d81-070c9992bbbb','A. Một loại phần cứng lưu trữ dữ liệu','2025-06-11 14:24:40.881632',_binary '\0',1,'2025-06-11 14:24:40.881632','6e0402ca-eb8d-4db8-b304-63d9cca6f38f'),('415a99ef-827d-453f-87bd-7241c2c2356e','b) Khi kích thước mẫu đủ lớn, phân phối của trung bình mẫu xấp xỉ phân phối chuẩn','2025-06-11 14:07:01.549861',_binary '',2,'2025-06-11 14:07:01.549861','d4fc9b86-b6bb-4de6-a01e-735099258a57'),('41645541-aa8c-4bb2-9ab1-50f732d159e9','D. Stack','2025-06-11 14:43:40.061610',_binary '\0',4,'2025-06-11 14:43:40.061610','404dbaf0-c493-4c65-a4af-bea3883eba77'),('4280380f-724e-4220-98b6-9458a9791809','d) Tìm kiếm các ý tưởng sáng tạo','2025-06-11 13:34:08.962403',_binary '\0',4,'2025-06-11 13:34:08.962403','87906360-40de-4007-8efe-5f165e5d4140'),('42acf1c9-fd17-49bd-a520-beba20c51dca','C. 0.3','2025-06-11 14:38:26.389457',_binary '\0',3,'2025-06-11 14:38:26.389457','9b05c71b-0a37-4a15-a791-cbcb889f33bd'),('42ee0410-8ad1-48fb-b39b-10d604680290','d) What\'s good?','2025-06-11 14:14:29.638512',_binary '\0',4,'2025-06-11 14:14:29.638512','49293682-bca1-4b11-893c-26eb74cc79bf'),('42f21351-79b0-47a0-afdd-c921d19a645d','B. API thời gian thực','2025-06-11 17:18:43.352162',_binary '',2,'2025-06-11 17:18:43.352162','f294c4e8-cb98-4c3e-bf6d-bdb66aed4066'),('4379b107-3caa-43ee-af45-077571fbce9d','d) What are your political views?','2025-06-11 14:17:49.398460',_binary '\0',4,'2025-06-11 14:17:49.398460','fca60e78-670d-44c4-a248-e8001c7f0b61'),('43b70716-d8b1-40bf-b9f9-011ec18fc80a','D. Dùng nhiều hiệu ứng màu mè','2025-06-11 16:05:49.410409',_binary '\0',4,'2025-06-11 16:05:49.410409','2e6711d5-c045-4f52-b891-acb70bb654c0'),('43dd5269-cb6c-4994-a29f-cc777d10d8b4','b) 1/4','2025-06-11 13:28:49.960696',_binary '\0',2,'2025-06-11 13:28:49.960696','483e498f-8be9-40a5-87f6-74e25ce38971'),('444d4d4b-6c3a-404c-b006-ba46e347b62e','Scientific publications and reports','2025-06-11 17:04:35.082398',_binary '',2,'2025-06-11 17:04:35.082398','326def22-43d9-4a43-aa2f-71f93a813fe4'),('44afe9b4-080c-44bb-888f-a84d1350e2c1','a) Bubble Sort (O(n²))','2025-06-11 13:52:58.412408',_binary '\0',1,'2025-06-11 13:52:58.412408','8e381d1a-4042-4c6e-bd74-9f833d9111c7'),('44de5dc4-4539-441e-83ea-fa5ecdf9e288','b) Mã hóa bất đối xứng','2025-06-11 13:26:52.713761',_binary '',2,'2025-06-11 13:26:52.713761','39853535-8a70-4a7c-96bc-dc0ba3ac8abb'),('4516fc60-d7e8-406b-8e6a-e142802d1cb9',' Tải phần mềm từ nguồn không rõ ràng','2025-06-11 13:39:27.070945',_binary '\0',1,'2025-06-11 13:39:27.070945','e97ae68a-8a3c-47e1-96d8-291bea7040ff'),('457c559c-6d02-4d6d-9443-99f080607102','b) Sở thích cuối tuần','2025-06-11 14:18:31.244419',_binary '',2,'2025-06-11 14:18:31.244419','5c38abd2-fa7c-4807-ab78-7115a667d00a'),('45946068-330f-4481-91de-13683de139d7','B. \\( y = Ce^{kt} \\)','2025-06-11 16:44:26.911520',_binary '',2,'2025-06-11 16:44:26.911520','daba6651-d2a7-4560-9d86-c2a9d31144a8'),('45f6e191-397d-4927-8fd9-3753d3f50476','c) Một danh sách các tính năng của sản phẩm','2025-06-11 14:02:59.146349',_binary '\0',3,'2025-06-11 14:02:59.146349','1fe977a9-b2b2-4d95-80f4-05ca1d7e7876'),('4641b324-b47a-45d2-ace9-2541a550bf5f','c) Notepad++','2025-06-11 13:59:26.134734',_binary '\0',3,'2025-06-11 13:59:26.134734','21c242ca-a62c-4c4a-ad8e-ff4d14daaf4e'),('464fbec2-97d5-44f8-afbb-7913055f0da6','D. Xác định trung bình của một mẫu liên tục','2025-06-11 14:37:20.597007',_binary '\0',4,'2025-06-11 14:37:20.597007','a57fa500-df01-4155-9666-469a64777a6c'),('4689294e-490e-49cc-89d5-cf7057dd51e1','d) Nén dữ liệu để tiết kiệm dung lượng','2025-06-11 13:24:56.757726',_binary '\0',4,'2025-06-11 13:24:56.757726','729006f1-e2ba-469b-a46f-cd96dc082081'),('47a40ccc-ae81-4107-b594-20a5a2f9757c','D. Không xác định','2025-06-11 16:37:13.294088',_binary '\0',4,'2025-06-11 16:37:13.294088','ebb42b90-fd72-4820-b191-1c8b3fcf685e'),('4800a50d-4a05-47eb-84ed-2718e49e3136','d) Service','2025-06-11 13:44:11.801040',_binary '\0',4,'2025-06-11 13:44:11.801040','171d8a44-4a78-4cbe-9dbd-71fc2a3ff16f'),('4832f1af-ec6c-4c06-944b-375b8481ae69','A. Hội tụ','2025-06-11 16:38:45.329089',_binary '',1,'2025-06-11 16:38:45.329089','afd4deec-40de-4a6d-8891-b7efb0cee708'),('48507186-75c0-4b51-b27a-4c2cb4e76241','c) Functionality (Chức năng)','2025-06-11 13:34:37.444283',_binary '\0',3,'2025-06-11 13:34:37.444283','5b0ef024-bd10-4770-b182-6c752a129db3'),('485fad36-cbf8-458e-8afc-59e0347a5d71','c) Xác suất xảy ra của một sự kiện không bị ảnh hưởng bởi sự kiện kia','2025-06-11 13:29:49.404830',_binary '',3,'2025-06-11 13:29:49.404830','0712c34d-1925-49cc-990a-c4a2f135d368'),('48fea3d5-13ed-413a-b412-09f596414eb5','B. V8','2025-06-11 17:19:30.358477',_binary '',2,'2025-06-11 17:19:30.358477','bc48ee5a-e11b-4028-a31f-28df549a8881'),('49552302-69ac-4235-bcce-d59fc6b891c7','D. [[1, 2, 3]]','2025-06-11 14:33:44.110282',_binary '\0',4,'2025-06-11 14:33:44.110282','3bf42df6-3085-4bd7-9027-9f0ba8fa6f28'),('4a0df385-9613-4ce4-ad9e-ce0c41bac1bb','D. Tất cả các đáp án trên','2025-06-11 14:25:43.138661',_binary '',4,'2025-06-11 14:25:43.138661','8f1fccc0-dc67-4ba2-8fc0-df54845b3ea2'),('4b293fa4-1adf-4b0e-b351-23d507a39f27','A. Các số hạng dần tiến về vô cực','2025-06-11 16:40:55.705856',_binary '\0',1,'2025-06-11 16:40:55.705856','834767ac-795e-4c80-a855-3a25bcd14b33'),('4c0045f1-400d-4e17-8d2b-304c31f29d9e','D. Cài phần mềm AWS lên máy tính cá nhân','2025-06-11 14:28:56.138336',_binary '\0',4,'2025-06-11 14:28:56.138336','6609a5cc-8753-4ba2-b0fc-57325574c8b7'),('4c535c07-7ad8-4e6c-8bbd-ebeb80d7d34e','A. Framework PHP','2025-06-11 17:16:43.755631',_binary '\0',1,'2025-06-11 17:16:43.755631','803600bd-40d5-4d14-ba6c-958983f357e3'),('4ca341e3-2c08-41c9-94f6-098d9c4ed8a1','B. Array','2025-06-11 14:42:59.566306',_binary '',2,'2025-06-11 14:42:59.566306','c897da11-cf61-4a6f-a79f-54021303992c'),('4d2c1876-b159-4bfb-a011-c18471c00449','d) Cài đặt phần mềm độc hại để theo dõi người dùng','2025-06-11 13:36:19.047446',_binary '\0',4,'2025-06-11 13:36:19.047446','ff0cfe08-8c29-4ce6-b421-82512a2eec32'),('4d4f2227-a757-492c-86bf-d9ab47783fb2','B. Có điều kiện đầu','2025-06-11 16:44:32.425848',_binary '',2,'2025-06-11 16:44:32.425848','488cb446-ef35-4d26-8670-b414e5f4d072'),('4df3e74e-a2cc-4bf0-9167-53237169d245','A. 6','2025-06-11 14:33:12.900356',_binary '\0',1,'2025-06-11 14:33:12.900356','595066f7-2c18-4a25-9682-add2dcde173a'),('4e8cdcd2-8c50-4850-9cba-bddbb137714e','d) Giảm chi phí quảng cáo','2025-06-11 14:02:31.719634',_binary '\0',4,'2025-06-11 14:02:31.719634','2fc9145c-9831-48f7-9714-90b7f36cc2f8'),('4fa9b929-fc87-4310-9864-2de793ef2f20','c) Vấn đề tài chính cá nhân','2025-06-11 14:18:31.244419',_binary '\0',3,'2025-06-11 14:18:31.244419','5c38abd2-fa7c-4807-ab78-7115a667d00a'),('4fd8ffa0-9c33-4311-a4f4-a8fb094af677','Teachers select topics randomly','2025-06-11 17:04:31.479295',_binary '\0',3,'2025-06-11 17:04:31.479295','53bd7b84-0426-477d-a0e1-f7b57af6ace6'),('4fe1b685-033c-494e-b66a-caf0b83788bf','A. Tạo mạng LAN nội bộ','2025-06-11 14:28:56.138336',_binary '\0',1,'2025-06-11 14:28:56.138336','6609a5cc-8753-4ba2-b0fc-57325574c8b7'),('5018f595-f531-469c-adb8-ced30fbcbb39','a) Yo, this is my friend, meet my other friend!','2025-06-11 14:15:58.312461',_binary '\0',1,'2025-06-11 14:15:58.312461','af1b6e61-d7e3-41cf-a2b3-c037173a5c32'),('5055fe15-ffab-4f6e-93cf-0d2b4fe40989','C. np.linspace(0, 9)','2025-06-11 14:21:21.042217',_binary '\0',3,'2025-06-11 14:21:21.042217','8d88fd3f-6d4b-4615-9ae0-3eeeb04f6f00'),('50fac08d-3267-432b-a774-4515f21e845d','D. Sites','2025-06-11 14:30:32.351156',_binary '\0',4,'2025-06-11 14:30:32.351156','68ce60d1-ba22-402b-942b-da9a6346d603'),('51be47f2-4ef0-4acc-a870-1ac977f32be1','a) npm','2025-06-11 13:59:47.690809',_binary '\0',1,'2025-06-11 13:59:47.690809','9464ef10-7b8f-4e7c-82d9-b6a49de1dc7a'),('521ec1cf-6a06-439d-a6e6-5a62dff45022','C. Queue','2025-06-11 14:42:59.566306',_binary '\0',3,'2025-06-11 14:42:59.566306','c897da11-cf61-4a6f-a79f-54021303992c'),('5256ba5a-c2ad-4ae0-9e1d-c98358f0d725','c) Yo, I\'m [Your name], what\'s up?','2025-06-11 14:15:06.562784',_binary '\0',3,'2025-06-11 14:15:06.562784','4b276ffd-9220-4ded-a58c-0352047b2a3a'),('52dcd1be-a8b6-4795-9eb1-8440ac4089d6','a) 2/5','2025-06-11 13:30:21.055443',_binary '\0',1,'2025-06-11 13:30:21.055443','3a3c5240-089c-48f9-84ba-df56abf735c7'),('539951d3-61df-429e-9e50-e689a7afeb13','b) Giải quyết các bài toán thuật toán tối ưu trong thời gian giới hạn','2025-06-11 13:51:09.949292',_binary '',2,'2025-06-11 13:51:09.949292','b44f386b-4495-46c5-b26d-1357cb4cab52'),('53cb54ba-0f79-4046-951e-3ba7d2b33a06','C. nodex.org','2025-06-11 17:21:33.602109',_binary '\0',3,'2025-06-11 17:21:33.602109','1fc008e7-28d0-4012-a248-a278346af557'),('53ebe46a-8f16-4290-8371-c58c13b71819','d) Tổng các giá trị có thể của biến','2025-06-11 13:48:45.676348',_binary '\0',4,'2025-06-11 13:48:45.676348','46d9f9b5-13cf-4ea4-ac63-8af06c2a386d'),('54480d20-fae7-43ca-b79e-7bc465608bd5','c) Phân phối chuẩn chỉ áp dụng cho các biến ngẫu nhiên liên tục','2025-06-11 14:07:01.549861',_binary '\0',3,'2025-06-11 14:07:01.549861','d4fc9b86-b6bb-4de6-a01e-735099258a57'),('5492d7d4-db1e-4b60-8bc6-f3e989ccc63f','b) Tính xác suất có điều kiện của một sự kiện dựa trên thông tin của sự kiện khác','2025-06-11 13:55:51.473057',_binary '',2,'2025-06-11 13:55:51.473057','976c17c1-fde9-4e54-acec-b33925154820'),('54c2432e-01bf-43e2-b1f9-f029b5f72082','d) 2/3','2025-06-11 13:30:21.055443',_binary '\0',4,'2025-06-11 13:30:21.055443','3a3c5240-089c-48f9-84ba-df56abf735c7'),('54d5478c-9a14-4905-8c32-80ab7593727b','A. LIFO - Last In First Out','2025-06-11 14:44:14.332490',_binary '\0',1,'2025-06-11 14:44:14.332490','9d8df9bb-0f47-4887-b9c4-9756a6ee5372'),('54ea4565-5b20-48ff-b031-186d29df3080','a) Apache HTTP Server','2025-06-11 14:00:34.219577',_binary '\0',1,'2025-06-11 14:00:34.220115','e20fc995-0cc9-4190-b937-9fc190a24df9'),('550bdf25-0f01-4c42-99c5-81cd08ce658a','B. \\( |r| &gt; 1 \\)','2025-06-11 16:39:33.520221',_binary '\0',2,'2025-06-11 16:39:33.520221','11d304ce-ebb7-4ff5-88e4-fc6f771e9be1'),('553013bb-d1b7-4506-b762-6fea619b5ee7','A. Một loại biểu đồ dạng bảng','2025-06-11 14:21:45.795222',_binary '\0',1,'2025-06-11 14:21:45.795222','78aa6acd-4221-4071-a014-762493f00936'),('557b5262-4155-4fc2-92c1-2c9abc17516c','b) Kích thước mẫu lớn và phân phối tổng thể bất kỳ','2025-06-11 14:08:12.447955',_binary '\0',4,'2025-06-11 14:08:12.447955','9f2a2938-fce6-4caa-a135-ea0f670139a0'),('561b0209-d2a5-4177-9b1e-d95585892a3b','B. O(log n)','2025-06-10 18:05:08.653370',_binary '\0',2,'2025-06-10 18:05:08.653370','e6bfeb07-9285-4334-b720-852b3bfb5201'),('562ee017-dd27-4369-803c-1f278b3454d6','B. 7','2025-06-11 14:38:26.389457',_binary '\0',2,'2025-06-11 14:38:26.389457','9b05c71b-0a37-4a15-a791-cbcb889f33bd'),('57fd51e8-189a-4f67-a822-3ba9ea5b1e85','c) Tăng doanh thu bán hàng ngay lập tức','2025-06-11 14:04:31.478714',_binary '\0',3,'2025-06-11 14:04:31.478714','ee5af5f3-3741-42df-8103-9f39a2f51471'),('580d266a-2e46-49fe-9e30-6602ff9dce20','Tăng độ dài mật khẩu','2025-06-11 13:39:27.071909',_binary '\0',2,'2025-06-11 13:39:27.071909','e97ae68a-8a3c-47e1-96d8-291bea7040ff'),('5882eba9-5951-4392-b703-20fe9686a60b','c) Kiểm tra sản phẩm với người dùng thực tế','2025-06-11 13:34:08.962403',_binary '\0',3,'2025-06-11 13:34:08.962403','87906360-40de-4007-8efe-5f165e5d4140'),('5906873a-34fc-4029-af3e-e4f58b3ca05c','C. FILO - First In Last Out','2025-06-11 14:44:14.332490',_binary '\0',3,'2025-06-11 14:44:14.332490','9d8df9bb-0f47-4887-b9c4-9756a6ee5372'),('59824bc4-4cd7-46b7-8c19-179b34b25826','c) Độ phức tạp của giao diện người dùng','2025-06-11 13:33:42.528095',_binary '\0',3,'2025-06-11 13:33:42.528095','36d1d876-97d7-412c-8974-ac5a8e468366'),('5a462498-1a4f-4e2f-917a-9d2b108d0a7c','d) 1','2025-06-11 13:28:49.960696',_binary '\0',4,'2025-06-11 13:28:49.960696','483e498f-8be9-40a5-87f6-74e25ce38971'),('5a6ae65a-5497-4ab0-a51f-a58810c02a21','C. var x = 5','2025-06-11 14:32:48.135894',_binary '\0',3,'2025-06-11 14:32:48.135894','821ed5e2-2efe-4f98-93a9-21ffedb0e288'),('5b5a18bd-f943-4604-957d-4ca7f2f81cfd','D. gem','2025-06-11 17:18:14.257168',_binary '\0',4,'2025-06-11 17:18:14.257168','6cc2dac0-6d83-4dc0-a564-da4c24b7f31b'),('5b7e1f46-cee3-4e78-a107-e3aea0c78277','D. Phải cập nhật phần cứng liên tục','2025-06-11 14:25:15.500849',_binary '\0',4,'2025-06-11 14:25:15.500849','d9977665-0a83-489b-8fc9-bfcfa2d6d587'),('5bc9a399-9c01-4917-867f-1706b1d24ba0','d) Không liên tục tại mọi điểm','2025-06-11 13:47:26.914077',_binary '\0',4,'2025-06-11 13:47:26.914077','4a319a3b-d9dc-43f6-a39f-c55c4703321b'),('5cd464bd-4ada-46ae-98b7-159b6810a6ab','d) P(B) = P(A₁ ∩ A₂ ∩ ... ∩ Aₙ)','2025-06-11 13:57:08.649394',_binary '\0',4,'2025-06-11 13:57:08.649394','a3b456ff-7910-4a4b-b7cd-c809d06347fe'),('5d279a24-e042-4b9d-977d-1510d3198316','D. Trọng lượng của quả táo','2025-06-11 14:38:57.713698',_binary '\0',4,'2025-06-11 14:38:57.713698','ffbffe0b-f427-41fa-8151-ccc9a5d7c8b4'),('5de41f7c-ce09-4359-90fa-f11b12bc5303','c) Laravel','2025-06-11 13:42:22.517621',_binary '\0',3,'2025-06-11 13:42:22.517621','53fc80fb-872d-4490-b127-0fd11af88d88'),('5e1213c6-fb94-455e-afbd-4f7b93807adb','Student selfies','2025-06-11 17:04:35.082398',_binary '\0',3,'2025-06-11 17:04:35.082398','326def22-43d9-4a43-aa2f-71f93a813fe4'),('5fab92f4-6c0a-4343-8879-e492f3d7d466','False','2025-06-11 17:00:00.219664',_binary '\0',2,'2025-06-11 17:00:00.219664','62ee6319-b536-40a1-9baf-58a0ece75993'),('607b06b8-4d50-4fe1-bedc-3f2d4da11f64','a) Tạo ra các mẫu thử nghiệm ban đầu','2025-06-11 13:34:08.962403',_binary '\0',1,'2025-06-11 13:34:08.962403','87906360-40de-4007-8efe-5f165e5d4140'),('616ab24f-b92f-4886-b46c-37b98fa6c74e','B. Công nghệ cho phép truy cập tài nguyên máy tính qua internet','2025-06-11 14:24:40.881632',_binary '',2,'2025-06-11 14:24:40.881632','6e0402ca-eb8d-4db8-b304-63d9cca6f38f'),('617be639-f106-4a73-a2bc-885520c2faec','b) Selection Sort','2025-06-11 14:12:16.233808',_binary '\0',2,'2025-06-11 14:12:16.233808','f3e0c3ec-13fe-416d-8edd-2e1b12139a73'),('6208ffa1-7ffd-413e-82d6-f891f04ced24','C. SpiderMonkey','2025-06-11 17:19:30.358477',_binary '\0',3,'2025-06-11 17:19:30.358477','bc48ee5a-e11b-4028-a31f-28df549a8881'),('6278703e-1c6b-4994-b9d6-18153fa44baf','C. Không xác định','2025-06-11 16:37:59.579054',_binary '\0',3,'2025-06-11 16:37:59.579054','58f2b699-98e2-4902-b845-fb5c7a282c87'),('63d7923f-56ff-460f-bec6-2677728eb5e6','C. Tổng tất cả xác suất phải bằng 1','2025-06-11 14:36:43.124399',_binary '',3,'2025-06-11 14:36:43.124399','5899d212-8d29-49b4-abcd-a7aaea7b752c'),('6497035b-627d-4749-93d6-cdf4fc41481e','c) Tối ưu hóa cơ sở dữ liệu','2025-06-11 14:03:19.939542',_binary '\0',3,'2025-06-11 14:03:19.939542','ac218a45-a4bd-41ff-80f9-039b0ca01f6d'),('6529f1e1-d58b-401d-b8ba-b0dcab816d5e','AI prediction engine','2025-06-11 17:00:26.203757',_binary '\0',1,'2025-06-11 17:00:26.203757','7e1a046c-c7c9-4b89-85b1-00b3cc5ee48b'),('654bd04d-9ebe-4ef9-a431-4ac73ac69667','a) Tổng giá trị của hàm bằng 1','2025-06-11 13:47:00.782764',_binary '\0',1,'2025-06-11 13:47:00.782764','aca2e278-f8cd-4f2c-b246-0a8c68b45b21'),('658acf7d-61a3-4fc9-bc59-da9c0c77832e','C. Bằng 0','2025-06-11 16:38:45.329089',_binary '\0',3,'2025-06-11 16:38:45.329089','afd4deec-40de-4a6d-8891-b7efb0cee708'),('659842c4-29cf-4789-b6ca-ed5951e124bd','d) IIS (Internet Information Services)','2025-06-11 14:00:34.220115',_binary '\0',4,'2025-06-11 14:00:34.220115','e20fc995-0cc9-4190-b937-9fc190a24df9'),('66cc2aab-5faa-40b4-964b-4d07a1e09baa','a) Mã hóa đối xứng','2025-06-11 13:26:52.712766',_binary '\0',1,'2025-06-11 13:26:52.713761','39853535-8a70-4a7c-96bc-dc0ba3ac8abb'),('67147178-7650-4e50-a466-84e3cea159e2','d) Sử dụng một hàng đợi ưu tiên','2025-06-11 14:11:27.924548',_binary '\0',4,'2025-06-11 14:11:27.924548','8dada144-6906-457b-8249-97bb056b76c1'),('685147bd-26d3-4040-85fb-29edb9eb2c14','c) Selection Sort','2025-06-11 14:11:02.399203',_binary '',3,'2025-06-11 14:11:02.399203','9d487821-9a0d-4c9f-88f7-ef894a21faf0'),('686c3dc7-7bae-4816-b899-6e3ec13ae31f','D. Trình chỉnh sửa ảnh','2025-06-11 17:18:43.352162',_binary '\0',4,'2025-06-11 17:18:43.352162','f294c4e8-cb98-4c3e-bf6d-bdb66aed4066'),('687870bc-3a0c-4629-964d-ded7dd96b86e','d) Một chiến lược tiếp thị sản phẩm','2025-06-11 14:02:59.146349',_binary '\0',4,'2025-06-11 14:02:59.146349','1fe977a9-b2b2-4d95-80f4-05ca1d7e7876'),('68c36b58-208b-4399-a5d6-1dcdf35ab1df','a) 0','2025-06-11 13:29:17.180378',_binary '\0',1,'2025-06-11 13:29:17.180378','773fcfc9-0194-45f8-a1f0-8956e5f57908'),('692b9941-ae04-414c-9bb4-b27b653c1481','a) Hình dạng đường cong chuông, đối xứng quanh giá trị trung bình','2025-06-11 14:07:23.586793',_binary '',1,'2025-06-11 14:07:23.586793','ca922d95-4b2a-48c4-a4a8-9adced750366'),('693d6ef8-44e2-4450-ac62-c389c2c8c93f','b) Giảm thời gian kiểm thử sản phẩm','2025-06-11 14:04:31.472077',_binary '\0',2,'2025-06-11 14:04:31.472077','ee5af5f3-3741-42df-8103-9f39a2f51471'),('69bb5542-0407-4184-b95d-5e303166bda1','A. Chỉ có dữ liệu','2025-06-10 18:06:03.486067',_binary '\0',1,'2025-06-10 18:06:03.486067','3d72a98a-a0a5-4236-8345-e1ec9d5b0771'),('6a1a84d9-b52a-4518-bc99-c4a0ceaef886','b) Thymeleaf','2025-06-11 13:43:48.713307',_binary '\0',2,'2025-06-11 13:43:48.713307','4917f98c-1523-4957-a58e-ef28043668ae'),('6af3349b-58a7-4317-9bad-db516728e94b','D. \\( y = 0 \\)','2025-06-11 16:44:26.911520',_binary '\0',4,'2025-06-11 16:44:26.911520','daba6651-d2a7-4560-9d86-c2a9d31144a8'),('6b08a3e1-c1d0-42e8-bd65-9fc94536e698','c) Chỉ nhận giá trị dương','2025-06-11 13:48:22.758615',_binary '\0',3,'2025-06-11 13:48:22.758615','86d344d4-237b-46f7-a4d9-472e218f5de5'),('6b2a9576-2ea8-4a47-bb4d-562db37152c1','a) Quản lý cơ sở dữ liệu','2025-06-11 13:42:48.577509',_binary '\0',1,'2025-06-11 13:42:48.577509','d5f5e8d8-b243-4b7d-9ea3-0db1ec4dd4f7'),('6bc17d4a-a869-4640-b429-e8b6610cacfc','B. Mobile app','2025-06-11 16:01:57.882797',_binary '\0',2,'2025-06-11 16:01:57.882797','e3878f2c-8f98-4ba0-9841-c2de5d3eb947'),('6c2b7ba8-65b7-46dd-8ea6-434e7b52f112','a) What’s your annual income?','2025-06-11 14:17:49.398460',_binary '\0',1,'2025-06-11 14:17:49.398460','fca60e78-670d-44c4-a248-e8001c7f0b61'),('6c4c0c86-de24-48e5-92d7-dcd142367164','A. Chiều rộng Frame (px) × 0.05','2025-06-11 16:03:32.235971',_binary '',1,'2025-06-11 16:03:32.235971','db561bf2-693a-4284-99f8-c8c7764fb7f9'),('6ce5b8ad-787a-4e83-bc19-0166383f2ab8','A. df.head()','2025-06-11 14:22:37.228135',_binary '',1,'2025-06-11 14:22:37.228135','913a7d96-416f-4ebd-a4cd-8e5f9b6f6f82'),('6d155f29-3f56-4ca3-a735-3b499bc7a2e7','D. x = 5','2025-06-11 14:32:48.135894',_binary '',4,'2025-06-11 14:32:48.135894','821ed5e2-2efe-4f98-93a9-21ffedb0e288'),('6d64d58e-064b-407e-9799-d07abdf6c91e','a) Luôn bằng 1','2025-06-11 13:56:37.218727',_binary '\0',1,'2025-06-11 13:56:37.218727','dc09c9fa-406b-4682-8d70-90df1f47d774'),('6d898913-7ec2-4151-9ff5-1914fda59928','c) JVM (Java Virtual Machine)','2025-06-11 13:59:02.880966',_binary '\0',3,'2025-06-11 13:59:02.880966','62eaeba7-cbb5-405e-8ae1-35b54397829a'),('6dd7e05f-3629-40e2-be5c-954746396b92','b) So sánh từng cặp phần tử liên tiếp','2025-06-11 14:11:53.263889',_binary '\0',2,'2025-06-11 14:11:53.263889','5d516b69-8a8e-4056-89b3-8198bd81193b'),('6e7327a8-e799-4e52-8b3d-dfe6e061d54a','C. Stack','2025-06-11 14:44:43.366590',_binary '',3,'2025-06-11 14:44:43.366590','4011ee38-b660-4338-aae8-7755bd394523'),('6ef3ae96-f848-4f5e-b14b-20114b6b9e0c','c) Luôn nhận giá trị từ -1 đến 1','2025-06-11 13:47:26.914077',_binary '\0',3,'2025-06-11 13:47:26.914077','4a319a3b-d9dc-43f6-a39f-c55c4703321b'),('6f0d7ac1-aad4-4381-93fd-b67e18f7a0da','A. pip','2025-06-11 17:18:14.257168',_binary '\0',1,'2025-06-11 17:18:14.257168','6cc2dac0-6d83-4dc0-a564-da4c24b7f31b'),('6ff85b87-96b4-4958-92cf-e66461408d84','C. Nhà sản xuất phần mềm','2025-06-11 14:26:32.018201',_binary '\0',3,'2025-06-11 14:26:32.018201','080e05fc-a8b4-45c0-acfa-3359fbc789e8'),('701bd22f-ae28-4931-bd22-67a4e965795d','b) Chuyển đổi dữ liệu thành một chuỗi có độ dài cố định','2025-06-11 13:26:26.487262',_binary '',2,'2025-06-11 13:26:26.487262','93569727-bcbc-449d-af79-89386e1a48d3'),('70362ea5-be0e-4d5b-8097-dbd4b48b8b04','C. Có hằng số tùy ý','2025-06-11 16:44:32.425848',_binary '\0',3,'2025-06-11 16:44:32.425848','488cb446-ef35-4d26-8670-b414e5f4d072'),('70a540a4-7a8f-458c-b550-bc942f7af70e','D. Shift + Space','2025-06-11 16:05:20.637696',_binary '\0',4,'2025-06-11 16:05:20.637696','829960f5-0404-4024-a0ff-3e5bbcb60f5a'),('710af885-4c69-4252-9a52-48aa1c36d34c','c) 1/3','2025-06-11 13:30:21.055443',_binary '\0',3,'2025-06-11 13:30:21.055443','3a3c5240-089c-48f9-84ba-df56abf735c7'),('71560b93-432f-45c6-b7b1-2537b890f42e','C. Tổng số chữ × 2','2025-06-11 16:03:32.235971',_binary '\0',3,'2025-06-11 16:03:32.235971','db561bf2-693a-4284-99f8-c8c7764fb7f9'),('71578e15-a1b7-484d-803c-17fb15ed6d96','A. loop','2025-06-11 14:34:14.877331',_binary '\0',1,'2025-06-11 14:34:14.877331','77cef532-1f86-45cb-ba36-ec522cec7457'),('71911f70-b198-493e-a5d9-8708a59b741f','a) Bubble Sort','2025-06-11 14:12:16.233808',_binary '\0',1,'2025-06-11 14:12:16.233808','f3e0c3ec-13fe-416d-8edd-2e1b12139a73'),('71a6c544-9689-496c-915c-f0b9dcb2d967','b) Viết mã nguồn','2025-06-11 14:03:19.939542',_binary '\0',2,'2025-06-11 14:03:19.939542','ac218a45-a4bd-41ff-80f9-039b0ca01f6d'),('71ac238d-0538-466b-b60d-57afebc4ec67','b) Tỷ lệ giữa số kết quả thuận lợi và tổng số kết quả có thể xảy ra ','2025-06-11 13:28:22.243490',_binary '',2,'2025-06-11 13:28:22.243490','726982b5-4dc1-4715-a386-aceed020109d'),('726ee40e-c0bc-4d00-b1f9-1d2156bdd09b',' Chèn, sửa đổi hoặc xoá dữ liệu trong cơ sở dữ liệu','2025-06-11 13:38:39.701587',_binary '',1,'2025-06-11 13:38:39.701587','0ba90a96-a393-4f59-ba0b-4474d8acce50'),('727ae208-368c-488c-8977-bdf1453ff3ab','b) Mã hóa đối xứng','2025-06-11 13:25:59.159258',_binary '',2,'2025-06-11 13:25:59.159258','81088bb9-e1b4-47f5-b232-d30c471bb4c4'),('729a8175-2f15-476e-a855-d3ef020cc307','c) Xác suất xảy ra của các giá trị','2025-06-11 13:48:45.676348',_binary '\0',3,'2025-06-11 13:48:45.676348','46d9f9b5-13cf-4ea4-ac63-8af06c2a386d'),('72a71f44-1783-4367-921d-661ac51745d3','d) Thời gian chạy tăng theo lũy thừa ba của kích thước đầu vào','2025-06-11 13:51:37.866174',_binary '\0',4,'2025-06-11 13:51:37.866174','4e0ca82f-3256-4aed-8d21-3709ac99c285'),('73337777-970f-4401-bd9a-c6bbcc63da36','B. printf(\"Hello, world!\")','2025-06-11 14:32:14.671970',_binary '\0',2,'2025-06-11 14:32:14.671970','8392e900-3e8b-4d34-addd-41b492e29446'),('7352a1f9-e712-4df1-9a9d-1fd1448a80fc','a) Giảm dần theo giá trị của biến','2025-06-11 13:47:26.914077',_binary '\0',1,'2025-06-11 13:47:26.914077','4a319a3b-d9dc-43f6-a39f-c55c4703321b'),('73f860c7-a2ef-4455-9171-cf5da06e4011',' Chia sẻ thông tin tài khoản qua email','2025-06-11 13:39:27.071909',_binary '\0',4,'2025-06-11 13:39:27.071909','e97ae68a-8a3c-47e1-96d8-291bea7040ff'),('74af69ae-65de-44ff-bdc6-86a3ca098a51','A. nodejs.com','2025-06-11 17:21:33.602109',_binary '\0',1,'2025-06-11 17:21:33.602109','1fc008e7-28d0-4012-a248-a278346af557'),('74c119eb-72ce-43ef-ac30-77cf5fdaf489','B. L','2025-06-11 16:03:09.810375',_binary '\0',2,'2025-06-11 16:03:09.810375','e058a0aa-a36d-4950-a455-5a37b10bd84e'),('74d8b9df-0209-48d3-9245-e36a71f31804','D. Có thể sắp xếp tự động','2025-06-10 18:06:45.712627',_binary '\0',4,'2025-06-10 18:06:45.712627','315e6acd-a264-41bc-bdc6-60908e631283'),('74e02788-a82c-4975-930d-cf080bb05391','c) Giá trị của hàm luôn lớn hơn 1','2025-06-11 13:47:00.782764',_binary '\0',3,'2025-06-11 13:47:00.782764','aca2e278-f8cd-4f2c-b246-0a8c68b45b21'),('75340350-6c9d-44e7-9a39-4f9029b58cf3','c) Số lượng phép toán logic trong thuật toán','2025-06-11 13:52:34.396959',_binary '\0',3,'2025-06-11 13:52:34.396959','ca3477f6-dd35-4034-9f8c-9422a67fe0c0'),('76ede154-8d42-4c09-b43c-0c8aafa0c978','B. Hệ điều hành','2025-06-11 14:28:30.474059',_binary '\0',2,'2025-06-11 14:28:30.474059','8c06f2e0-237b-4512-8e86-d499eea15f8e'),('76fbc933-2259-4203-9209-8f5b8ec4e190','b) Spring MVC','2025-06-11 13:42:22.517621',_binary '',2,'2025-06-11 13:42:22.517621','53fc80fb-872d-4490-b127-0fd11af88d88'),('77053682-a709-4bb5-8267-1a6624b64030','A. Nhiều bước chuyển màn hình phức tạp','2025-06-11 16:05:49.410409',_binary '\0',1,'2025-06-11 16:05:49.410409','2e6711d5-c045-4f52-b891-acb70bb654c0'),('772e7617-eb09-4d51-a0dd-96b5ef5bacc7','a) Tên, tuổi, mục tiêu, thách thức và hành vi','2025-06-11 14:04:08.159819',_binary '',1,'2025-06-11 14:04:08.159819','7feb4bb2-daca-430e-a1be-c4db069c8b5c'),('775f3bf5-9a52-40ca-9cf5-8fc4708bf706','A. node --version','2025-06-11 17:24:26.883669',_binary '\0',1,'2025-06-11 17:24:26.883669','9067f656-7fe6-45d4-855a-a96c02155df5'),('77701463-9769-402e-bbc2-d2d5224b4241','d) Độ chính xác của thuật toán','2025-06-11 13:52:34.396959',_binary '\0',4,'2025-06-11 13:52:34.396959','ca3477f6-dd35-4034-9f8c-9422a67fe0c0'),('77759662-b180-482f-a61e-bb1e6fde37c8','a) Tổng các giá trị nhân với xác suất tương ứng','2025-06-11 13:47:52.766769',_binary '\0',1,'2025-06-11 13:47:52.766769','381514f8-05e1-406b-8312-04f780c9e7da'),('78c695bd-38a7-42f8-b3c6-58880f45ea89','b) Tạo ra trải nghiệm thân thiện và hiệu quả cho người dùng','2025-06-11 13:32:44.514986',_binary '',2,'2025-06-11 13:32:44.514986','bc86a0f8-98b6-4116-8271-d443c9495579'),('790a1c3a-1436-40d4-84ae-9f3d57969ed7','d) Pleased to be formally introduced to you.','2025-06-11 14:16:22.057917',_binary '\0',4,'2025-06-11 14:16:22.057917','ae64bfea-f627-46fa-a7eb-3441049aeb5e'),('79588c68-5632-4a34-aa06-e8e2b4640b48','C. Smart Animate','2025-06-11 16:04:52.168302',_binary '',3,'2025-06-11 16:04:52.168302','f4412839-eb81-4a6c-96d4-25e5c0ca0a7f'),('79f10321-4e82-4124-b18c-74b48366fe75','B. Tập trung vào trải nghiệm người dùng','2025-06-11 16:02:46.251810',_binary '',2,'2025-06-11 16:02:46.251810','3d6feaa0-6f79-4af6-8134-bd6aa4ae86f5'),('7a25a68b-225b-453f-a9e4-500e168d8119','A. Chakra','2025-06-11 17:19:30.358477',_binary '\0',1,'2025-06-11 17:19:30.358477','bc48ee5a-e11b-4028-a31f-28df549a8881'),('7a73cc52-59d5-4b43-a8a5-c67c206bbcd6','a) Mức độ dễ dàng khi người dùng sử dụng sản phẩm','2025-06-11 13:33:42.528095',_binary '',1,'2025-06-11 13:33:42.528095','36d1d876-97d7-412c-8974-ac5a8e468366'),('7c335329-bb8d-4200-9d73-cfa052a80b80','Kiểm tra mã hoá của mật khẩu','2025-06-11 13:37:37.447520',_binary '\0',4,'2025-06-11 13:37:37.447520','e4779c19-5d05-46cb-8b32-3e16618e5ce6'),('7c5dd829-6700-45d7-bfa0-6bdbbb135146','A. Blocking IO','2025-06-11 17:17:16.360848',_binary '\0',1,'2025-06-11 17:17:16.360848','edb38668-b9be-4f92-93a4-2c464714148d'),('7d45af04-85bf-4670-ab6d-dafaf333e879','b) IntelliJ IDEA','2025-06-11 13:59:26.134734',_binary '',2,'2025-06-11 13:59:26.134734','21c242ca-a62c-4c4a-ad8e-ff4d14daaf4e'),('7d5e7d72-294e-4280-b39d-cf6c194c1ab9','d) Thiết kế logo','2025-06-11 14:03:19.939542',_binary '\0',4,'2025-06-11 14:03:19.939542','ac218a45-a4bd-41ff-80f9-039b0ca01f6d'),('7e1c37d3-aa2d-45aa-90ce-212a36eaa08d','D. Sắp xếp nội dung càng chật càng tốt','2025-06-11 16:02:46.251810',_binary '\0',4,'2025-06-11 16:02:46.251810','3d6feaa0-6f79-4af6-8134-bd6aa4ae86f5'),('7e2e2e7c-8f3b-4886-9e56-3c14d1bd46e7','D. Synchronous processing','2025-06-11 17:17:16.360848',_binary '\0',4,'2025-06-11 17:17:16.360848','edb38668-b9be-4f92-93a4-2c464714148d'),('807e1018-c19c-43bf-b75f-2ffbd29389ac','a) O(n)','2025-06-11 14:10:38.601402',_binary '\0',1,'2025-06-11 14:10:38.601402','777e1487-b59b-4bc2-8d78-9eb476d5f06e'),('80a3e7b2-a5b9-4b0f-8234-3eb583b6b845','d) Quan điểm chính trị','2025-06-11 14:18:31.244419',_binary '\0',4,'2025-06-11 14:18:31.244419','5c38abd2-fa7c-4807-ab78-7115a667d00a'),('8101019f-ac0c-43cd-9cb6-0ae3c2dbd14f','C. Xác suất của sự kiện xảy ra liên tục','2025-06-11 14:36:19.689358',_binary '\0',3,'2025-06-11 14:36:19.689358','af079b59-5c5f-4b46-b6d7-ccf9abccea75'),('8166e5f1-316b-4606-9802-5d659bcf8eb9','b) Kích thước mẫu lớn và phân phối tổng thể bất kỳ','2025-06-11 14:08:12.447955',_binary '\0',3,'2025-06-11 14:08:12.447955','9f2a2938-fce6-4caa-a135-ea0f670139a0'),('818cbc5b-1092-4735-a6c1-6d11bc19d59e','c) Diện tích dưới đường cong bằng 0','2025-06-11 14:07:23.586793',_binary '\0',3,'2025-06-11 14:07:23.586793','ca922d95-4b2a-48c4-a4a8-9adced750366'),('81915fed-895b-48a5-b6b8-beff259dd6ed','D. for','2025-06-11 14:34:14.877331',_binary '',4,'2025-06-11 14:34:14.877331','77cef532-1f86-45cb-ba36-ec522cec7457'),('82346996-526b-41d0-a68c-0059b9b1203e','B. pd.open_csv(\'file.csv\')','2025-06-11 14:22:10.244861',_binary '\0',2,'2025-06-11 14:22:10.244861','432c687c-3274-4f2c-beba-52158b8f11d1'),('82796367-2eb6-4444-81d1-9428e2b1ef2f','a) Tạo ra giao diện đẹp mắt','2025-06-11 14:02:31.719634',_binary '\0',1,'2025-06-11 14:02:31.719634','2fc9145c-9831-48f7-9714-90b7f36cc2f8'),('82915355-34f0-42b9-be28-76826e7522fc','D. np.range(10)','2025-06-11 14:21:21.042217',_binary '\0',4,'2025-06-11 14:21:21.042217','8d88fd3f-6d4b-4615-9ae0-3eeeb04f6f00'),('82956d65-5eb3-41f1-9067-ba4567c847ff','D. Move Out','2025-06-11 16:04:52.169315',_binary '\0',4,'2025-06-11 16:04:52.169315','f4412839-eb81-4a6c-96d4-25e5c0ca0a7f'),('82bcd208-5e33-4c57-9693-9909139a9d95','b) How’s the weather today?','2025-06-11 14:17:49.398460',_binary '',2,'2025-06-11 14:17:49.398460','fca60e78-670d-44c4-a248-e8001c7f0b61'),('82fa359f-7041-400c-9c03-6d1fe353f265','A. Tổng tất cả xác suất phải bằng 0','2025-06-11 14:36:43.124399',_binary '\0',1,'2025-06-11 14:36:43.124399','5899d212-8d29-49b4-abcd-a7aaea7b752c'),('832665eb-0ba9-4f42-a680-1c15fe527a7d','b) Số lượng tính năng có trong sản phẩm','2025-06-11 13:33:42.528095',_binary '\0',2,'2025-06-11 13:33:42.528095','36d1d876-97d7-412c-8974-ac5a8e468366'),('83442ae2-706a-4ed1-a57f-62ec6348598e','c) 1/2','2025-06-11 13:29:17.180378',_binary '\0',3,'2025-06-11 13:29:17.180378','773fcfc9-0194-45f8-a1f0-8956e5f57908'),('83ebba54-884f-4908-88bf-5ba1a78e457c','b) Lượng bộ nhớ cần thiết để thực thi thuật toán','2025-06-11 13:52:34.395954',_binary '',2,'2025-06-11 13:52:34.395954','ca3477f6-dd35-4034-9f8c-9422a67fe0c0'),('83f4878b-5776-4768-8b76-6685522983f9','Random search','2025-06-11 17:00:26.203757',_binary '\0',3,'2025-06-11 17:00:26.203757','7e1a046c-c7c9-4b89-85b1-00b3cc5ee48b'),('84101a37-7f50-42b2-9cb7-38756164d7b1','D. Quản trị viên mạng của công ty','2025-06-11 14:26:32.018201',_binary '\0',4,'2025-06-11 14:26:32.018201','080e05fc-a8b4-45c0-acfa-3359fbc789e8'),('84c8cb80-a0b6-44a5-952f-b566ce23b296','d) Tăng tốc độ truyền dữ liệu','2025-06-11 13:26:26.487262',_binary '\0',4,'2025-06-11 13:26:26.487262','93569727-bcbc-449d-af79-89386e1a48d3'),('84ee8dee-fbbd-4447-a2f8-d5ab78e4670c','A. Linked List','2025-06-11 14:42:59.566306',_binary '\0',1,'2025-06-11 14:42:59.566306','c897da11-cf61-4a6f-a79f-54021303992c'),('84f9c3a6-24d9-46f0-a935-b08c672083ab','Classroom decorations','2025-06-11 17:04:27.947640',_binary '\0',1,'2025-06-11 17:04:27.947640','640843d0-47a9-4673-9da0-5a008ea426a2'),('8520c728-32ab-47b0-98da-05dec44899a2','b) Làm quá tải tài nguyên hệ thống để gián đoạn dịch vụ','2025-06-11 13:36:19.047446',_binary '',2,'2025-06-11 13:36:19.047446','ff0cfe08-8c29-4ce6-b421-82512a2eec32'),('85aca24b-8c84-4e9b-a80f-105156f69ffe','True','2025-06-11 17:04:22.898474',_binary '',1,'2025-06-11 17:04:22.898474','e438f8de-9704-49b5-86a4-e0a4e80b90a5'),('865167fc-6acc-4439-a97a-723014f6d4bd','d) Hàng đợi ưu tiên','2025-06-11 13:52:09.606180',_binary '\0',4,'2025-06-11 13:52:09.606180','26b5c8d0-87cd-440c-b7f8-ad990f87620a'),('87244f0d-606d-4dea-ad28-2ba07d555bf6','a) Giúp đội ngũ phát triển tập trung vào nhu cầu thực tế của người dùng','2025-06-11 14:04:31.472077',_binary '',1,'2025-06-11 14:04:31.472077','ee5af5f3-3741-42df-8103-9f39a2f51471'),('87755e08-8943-4c2d-b0f4-42329349a0ee','A. Regions','2025-06-11 14:30:32.351156',_binary '',1,'2025-06-11 14:30:32.351156','68ce60d1-ba22-402b-942b-da9a6346d603'),('8816d599-106c-4676-ba98-a02539ade1dd','b) Insertion Sort','2025-06-11 14:11:02.399203',_binary '\0',2,'2025-06-11 14:11:02.399203','9d487821-9a0d-4c9f-88f7-ef894a21faf0'),('88f2a393-a202-4762-84bb-6079cf97d521','A. F','2025-06-11 16:03:09.810375',_binary '',1,'2025-06-11 16:03:09.810375','e058a0aa-a36d-4950-a455-5a37b10bd84e'),('89205eef-a4dc-4a57-86ad-a02c3501ed01','B. np.arange(0, 10)','2025-06-11 14:21:21.042217',_binary '',2,'2025-06-11 14:21:21.042217','8d88fd3f-6d4b-4615-9ae0-3eeeb04f6f00'),('8a0e43ff-1975-4d67-b5ff-518897028ec0','c) Kết nối với cơ sở dữ liệu','2025-06-11 13:43:24.582516',_binary '\0',3,'2025-06-11 13:43:24.582516','5381a40c-d18f-4db9-bd73-efb6514a7c4d'),('8a787959-98f9-4133-b428-e7a6cb7b5e44','a) Chia và trị (Divide and Conquer)','2025-06-11 14:11:53.263889',_binary '',1,'2025-06-11 14:11:53.263889','5d516b69-8a8e-4056-89b3-8198bd81193b'),('8b1f9058-d11b-4ceb-bc0b-94a83100ee25','c) Why do you want to know?','2025-06-11 14:15:34.249694',_binary '\0',3,'2025-06-11 14:15:34.249694','e13deeed-eb4f-4ffa-ba8d-63ea34c2eed4'),('8b2abd0d-5414-400b-8647-d2b54639d7a4','b) Tạo giao diện người dùng động trên web','2025-06-11 13:43:24.582516',_binary '',2,'2025-06-11 13:43:24.582516','5381a40c-d18f-4db9-bd73-efb6514a7c4d'),('8b571b44-aa40-410a-9dcc-3773194fd365','b) View','2025-06-11 13:44:11.801040',_binary '\0',2,'2025-06-11 13:44:11.801040','171d8a44-4a78-4cbe-9dbd-71fc2a3ff16f'),('8bab2d72-2525-4de9-9fd9-c5eb74b17221','A. Desktop app','2025-06-11 16:01:57.882797',_binary '\0',1,'2025-06-11 16:01:57.882797','e3878f2c-8f98-4ba0-9841-c2de5d3eb947'),('8bc0a8b5-2829-4b2b-84c1-2366f160e458','c) Greetings, how do you do?','2025-06-11 14:16:22.057917',_binary '\0',3,'2025-06-11 14:16:22.057917','ae64bfea-f627-46fa-a7eb-3441049aeb5e'),('8c08261c-05db-4189-9bd6-b25a5d5ffe12','b) Danh sách liên kết','2025-06-11 13:52:09.606180',_binary '\0',2,'2025-06-11 13:52:09.606180','26b5c8d0-87cd-440c-b7f8-ad990f87620a'),('8c5034da-028b-4085-8781-45e556b18952','a) Tăng tốc độ tải trang web','2025-06-11 13:32:44.514986',_binary '\0',1,'2025-06-11 13:32:44.514986','bc86a0f8-98b6-4116-8271-d443c9495579'),('8da1cbac-9558-4e96-90e3-e33642f4babf','d) Bằng P(B)','2025-06-11 13:56:37.218727',_binary '\0',4,'2025-06-11 13:56:37.218727','dc09c9fa-406b-4682-8d70-90df1f47d774'),('8e73fda0-fa33-4895-808b-1d586b0c5c8e','C. Tổng riêng phần luôn bằng 0','2025-06-11 16:40:55.707071',_binary '\0',3,'2025-06-11 16:40:55.707071','834767ac-795e-4c80-a855-3a25bcd14b33'),('8f2e2186-d01c-4f85-991d-93373359a4df','d) IDE (Integrated Development Environment)','2025-06-11 13:59:02.886728',_binary '\0',4,'2025-06-11 13:59:02.886728','62eaeba7-cbb5-405e-8ae1-35b54397829a'),('91213aec-ec9c-497a-9623-a83a8e650aea','c) Ma trận kề hoặc danh sách kề','2025-06-11 13:52:09.606180',_binary '',3,'2025-06-11 13:52:09.606180','26b5c8d0-87cd-440c-b7f8-ad990f87620a'),('91c1cc8b-36ff-454c-a897-1beb3e0dd4be','b) Hai sự kiện không thể xảy ra cùng lúc','2025-06-11 13:29:49.403832',_binary '\0',2,'2025-06-11 13:29:49.403832','0712c34d-1925-49cc-990a-c4a2f135d368'),('91d82f95-4acf-4cf7-9c63-67eba1f4ac3e','C. df.view(5)','2025-06-11 14:22:37.228135',_binary '\0',3,'2025-06-11 14:22:37.228135','913a7d96-416f-4ebd-a4cd-8e5f9b6f6f82'),('91ff494c-4349-401d-b37f-42572cf7faa1','c) Không sử dụng khóa','2025-06-11 13:25:30.268025',_binary '\0',3,'2025-06-11 13:25:30.268025','ddf02b5d-bff5-4014-b583-0551266f1eeb'),('922744e3-10c8-4bf9-a07b-f6da1f87d25b','d) Giảm chi phí phát triển sản phẩm','2025-06-11 13:32:44.515989',_binary '\0',4,'2025-06-11 13:32:44.515989','bc86a0f8-98b6-4116-8271-d443c9495579'),('9247378b-8a3a-4a9f-9c40-f8edce587250','c) Trung vị (median)','2025-06-11 14:08:45.296710',_binary '\0',3,'2025-06-11 14:08:45.296710','11c33c47-9ae5-4184-b86f-d0c713875f6e'),('9482b062-9ed1-476f-a80d-8cf502439949','c) Controller','2025-06-11 13:44:11.801040',_binary '\0',3,'2025-06-11 13:44:11.801040','171d8a44-4a78-4cbe-9dbd-71fc2a3ff16f'),('94ecbca9-7d25-4173-bedd-52f59b0ea4e4','d) Hai sự kiện luôn xảy ra cùng nhau','2025-06-11 13:29:49.404830',_binary '\0',4,'2025-06-11 13:29:49.404830','0712c34d-1925-49cc-990a-c4a2f135d368'),('9557929b-9d2a-44d6-8f80-8710e5a85e8f','b) What do you like most about your job?','2025-06-11 14:18:53.958042',_binary '',2,'2025-06-11 14:18:53.958042','0f1919d9-4cf1-4226-b860-fc1c4070cf7c'),('95ee9b76-9681-4820-9c1c-754e4077ca85','B. Biến phụ thuộc','2025-06-11 16:44:18.397037',_binary '\0',2,'2025-06-11 16:44:18.397037','19f60b63-713c-4bb4-aef6-07ed885c7cbf'),('9615ee76-a09c-45d8-bddd-3cc0d5490b84','D. 7','2025-06-11 14:33:12.900356',_binary '\0',4,'2025-06-11 14:33:12.900356','595066f7-2c18-4a25-9682-add2dcde173a'),('9651c734-8c7c-47e3-a3a7-da353d910272','a) Cặp khóa công khai và riêng tư','2025-06-11 13:25:30.267059',_binary '\0',1,'2025-06-11 13:25:30.267059','ddf02b5d-bff5-4014-b583-0551266f1eeb'),('976c4d8d-aa25-4b21-acc6-47fe2aaeb827','B. Runtime Environment cho JavaScript','2025-06-11 17:16:43.756642',_binary '',2,'2025-06-11 17:16:43.756642','803600bd-40d5-4d14-ba6c-958983f357e3'),('97a1b36c-2562-45d3-b08e-a3476c601967','b) Diện tích dưới đường cong của hàm bằng 1','2025-06-11 13:47:00.782764',_binary '',2,'2025-06-11 13:47:00.782764','aca2e278-f8cd-4f2c-b246-0a8c68b45b21'),('97e27a21-7d72-4cb6-80a4-62e7c1872354','a) Giá trị trung bình (mean)','2025-06-11 14:08:45.296710',_binary '\0',1,'2025-06-11 14:08:45.296710','11c33c47-9ae5-4184-b86f-d0c713875f6e'),('985df6b1-b811-478b-9324-b74a03fa927a','B. Phân kỳ','2025-06-11 16:38:45.329089',_binary '\0',2,'2025-06-11 16:38:45.329089','afd4deec-40de-4a6d-8891-b7efb0cee708'),('988c40eb-92d0-408e-b3f4-d0a5cc93862a','d) Kế hoạch tài chính của công ty','2025-06-11 14:04:08.159819',_binary '\0',4,'2025-06-11 14:04:08.159819','7feb4bb2-daca-430e-a1be-c4db069c8b5c'),('99a6a76d-f177-4fa4-8edf-b58033dee35e','B. Chiều cao Frame (px) × 0.05','2025-06-11 16:03:32.235971',_binary '\0',2,'2025-06-11 16:03:32.235971','db561bf2-693a-4284-99f8-c8c7764fb7f9'),('99d5f472-cc06-49af-95c8-e26fa8dbb0fa','a) Okay, I’m done talking to you.','2025-06-11 14:19:16.282221',_binary '\0',1,'2025-06-11 14:19:16.282221','30f149e4-a0dc-4a47-a67a-4c2e4d815519'),('9a2993a7-7582-4ace-9268-3e21a7f82438','D. Alt + Q','2025-06-11 17:24:52.296440',_binary '\0',4,'2025-06-11 17:24:52.296440','fcf5b23a-6626-4eb0-8cc8-ca421ca050cf'),('9a2e1211-f053-4047-96ad-e787666e955d','D. \\( y = c \\)','2025-06-11 16:44:22.561443',_binary '\0',4,'2025-06-11 16:44:22.561443','aa9b1962-72e3-44db-960d-0f8d9827f428'),('9a35373e-dd75-46a0-970e-a4e08231544d','D. Thời gian nhân khoảng cách','2025-06-11 16:06:13.478251',_binary '\0',4,'2025-06-11 16:06:13.478251','c918780b-4d46-486a-a6e2-bcbd4620a58a'),('9a60b8b2-8a80-49f9-9b6a-23c0d277a206','C. Xử lý mảng số và tính toán khoa học hiệu quả','2025-06-11 14:20:49.352192',_binary '',3,'2025-06-11 14:20:49.352192','096a327f-b449-41dc-ba6e-705cbb131bee'),('9abc4f26-ee0a-46ae-ad9e-0ebe0986459f','C. Chiều cao của một người','2025-06-11 14:38:57.713698',_binary '\0',3,'2025-06-11 14:38:57.713698','ffbffe0b-f427-41fa-8151-ccc9a5d7c8b4'),('9affdd44-22de-4f79-b108-bda4c49df04b','c) Why did you choose your career?','2025-06-11 14:17:49.398460',_binary '\0',3,'2025-06-11 14:17:49.398460','fca60e78-670d-44c4-a248-e8001c7f0b61'),('9b9ddb89-8736-4982-ad66-932c7cf2a922','c) O(n²)','2025-06-11 14:10:38.601402',_binary '',3,'2025-06-11 14:10:38.601402','777e1487-b59b-4bc2-8d78-9eb476d5f06e'),('9bd4c359-6976-4c51-91a0-b755856d3c15','a) 0','2025-06-11 13:28:49.959695',_binary '\0',1,'2025-06-11 13:28:49.959695','483e498f-8be9-40a5-87f6-74e25ce38971'),('9c38b87c-ea02-45bd-97fb-0b1792b36cf7','A. IaaS (Infrastructure as a Service)','2025-06-11 14:25:43.138661',_binary '\0',1,'2025-06-11 14:25:43.138661','8f1fccc0-dc67-4ba2-8fc0-df54845b3ea2'),('9c44a09b-a494-42c8-a9f7-780e93f57fde','d) Mã hóa khối','2025-06-11 13:26:52.714876',_binary '\0',4,'2025-06-11 13:26:52.714876','39853535-8a70-4a7c-96bc-dc0ba3ac8abb'),('9c8ed138-3619-4431-9857-afed227cec1e','B. Multi-threading','2025-06-11 17:17:16.360848',_binary '\0',2,'2025-06-11 17:17:16.360848','edb38668-b9be-4f92-93a4-2c464714148d'),('9ccdcbaf-c535-4727-9528-2db28d0a2473','D. Dịch vụ lưu trữ nội bộ','2025-06-11 14:28:30.474059',_binary '\0',4,'2025-06-11 14:28:30.474059','8c06f2e0-237b-4512-8e86-d499eea15f8e'),('9ee62668-c9a2-40a4-85ab-477ccb28768c','c) Giải mã dữ liệu đã mã hóa','2025-06-11 13:26:26.487262',_binary '\0',3,'2025-06-11 13:26:26.487262','93569727-bcbc-449d-af79-89386e1a48d3'),('9f4f7663-d946-4032-93ac-5b6f1b71a3c0','b) Tích phân của x nhân với hàm mật độ xác suất trên toàn miền','2025-06-11 13:47:52.766769',_binary '',2,'2025-06-11 13:47:52.766769','381514f8-05e1-406b-8312-04f780c9e7da'),('9f618987-1780-4425-99ae-3303cd476fca','d) Phát triển hệ thống cơ sở dữ liệu','2025-06-11 13:51:09.949292',_binary '\0',4,'2025-06-11 13:51:09.949292','b44f386b-4495-46c5-b26d-1357cb4cab52'),('9fe2c951-c137-4251-8b85-c62db3eaa862','Their hobbies','2025-06-11 17:00:22.088037',_binary '\0',1,'2025-06-11 17:00:22.088037','8ceac3d1-8ec2-41b9-8a88-f90a76ba3b84'),('9fe67216-a6cc-413b-af87-deb76123e731','C. while','2025-06-11 14:34:14.877331',_binary '\0',3,'2025-06-11 14:34:14.877331','77cef532-1f86-45cb-ba36-ec522cec7457'),('a072a456-ed53-46e8-a61b-d468859766da','A. Người dùng cuối','2025-06-11 14:26:32.018201',_binary '\0',1,'2025-06-11 14:26:32.018201','080e05fc-a8b4-45c0-acfa-3359fbc789e8'),('a09494aa-4e22-4cbb-aac5-760a57f0a8ae','b) Độ lệch chuẩn (standard deviation)','2025-06-11 14:08:45.296710',_binary '',2,'2025-06-11 14:08:45.296710','11c33c47-9ae5-4184-b86f-d0c713875f6e'),('a106e0e7-1735-45b2-81a3-55703053cf98','a) Một tài liệu kỹ thuật chi tiết về sản phẩm','2025-06-11 14:02:59.146349',_binary '\0',1,'2025-06-11 14:02:59.146349','1fe977a9-b2b2-4d95-80f4-05ca1d7e7876'),('a168f7a5-d11c-4298-bd3a-855c21c187e8','b) P(A|B) = P(B|A) / P(A)','2025-06-11 13:56:15.649328',_binary '\0',2,'2025-06-11 13:56:15.649328','480e46bc-6441-4777-9481-8434449d77ea'),('a19405ff-7d90-4879-92fd-0b4b62af0833','d) Tốc độ tải của ứng dụng','2025-06-11 13:33:42.529094',_binary '\0',4,'2025-06-11 13:33:42.529094','36d1d876-97d7-412c-8974-ac5a8e468366'),('a1c371ce-cf02-42bf-94cc-634ff2c54f08','d) Quick Sort','2025-06-11 14:12:16.233808',_binary '',4,'2025-06-11 14:12:16.233808','f3e0c3ec-13fe-416d-8edd-2e1b12139a73'),('a21457ee-25ab-46fb-8447-cc69b5bd743f','C. Heroku','2025-06-11 14:26:04.581005',_binary '\0',3,'2025-06-11 14:26:04.581005','09bf90ad-0077-4da5-8b3b-3b50dcea7db6'),('a22f5007-4d7b-49e1-822a-97a59c2fdff8','D. Thư viện CSS','2025-06-11 17:16:43.756642',_binary '\0',4,'2025-06-11 17:16:43.756642','803600bd-40d5-4d14-ba6c-958983f357e3'),('a38fa654-3f0c-4f04-88bd-292f6b548685','a) Tăng tốc độ truyền dữ liệu','2025-06-11 13:24:56.755725',_binary '\0',1,'2025-06-11 13:24:56.755725','729006f1-e2ba-469b-a46f-cd96dc082081'),('a3bfd117-1a33-423e-b830-e30b1441ed6c','d) P(A|B) = P(A) + P(B)','2025-06-11 13:56:15.649328',_binary '\0',4,'2025-06-11 13:56:15.649328','480e46bc-6441-4777-9481-8434449d77ea'),('a3cfc41b-4114-4431-9ec1-8298e45028e6','B. \\( y\'\' = f(x) \\)','2025-06-11 16:44:22.561443',_binary '\0',2,'2025-06-11 16:44:22.561443','aa9b1962-72e3-44db-960d-0f8d9827f428'),('a3e1773c-7c42-4ddf-9f26-b7d1821ffb1a','a) Mảng tĩnh','2025-06-11 13:52:09.606180',_binary '\0',1,'2025-06-11 13:52:09.606180','26b5c8d0-87cd-440c-b7f8-ad990f87620a'),('a3f70345-60b0-4798-aa43-42a8bf880ac9','b) 68%','2025-06-11 14:07:47.071906',_binary '\0',4,'2025-06-11 14:07:47.071906','7aaa9988-ba3e-402e-a507-d7103f285e90'),('a431042d-0c78-4615-9fec-57758d501f93','Thử tất cả các tổ hợp ký tự có thể','2025-06-11 13:38:46.982895',_binary '',2,'2025-06-11 13:38:46.982895','c61a6c5d-5863-4503-b3db-55e11d1f8684'),('a485ef3e-a71e-4d7d-822c-fc9956983184','A. Vẽ biểu đồ','2025-06-11 14:20:49.352192',_binary '\0',1,'2025-06-11 14:20:49.352192','096a327f-b449-41dc-ba6e-705cbb131bee'),('a49b856e-a48b-4d2a-94b4-164501d27355','A. Xác suất của biến có thể nhận giá trị bất kỳ trên trục số thực','2025-06-11 14:36:19.689358',_binary '\0',1,'2025-06-11 14:36:19.689358','af079b59-5c5f-4b46-b6d7-ccf9abccea75'),('a4fb1e57-57ff-48bc-b18f-d75ed102c3e8','C. Trình duyệt web','2025-06-11 17:16:43.756642',_binary '\0',3,'2025-06-11 17:16:43.756642','803600bd-40d5-4d14-ba6c-958983f357e3'),('a58344d6-f2f6-4afd-8b3f-9066e821aefc','A. \\( y\' = f(x)g(y) \\)','2025-06-11 16:43:35.159896',_binary '',1,'2025-06-11 16:43:35.159896','199c8311-5382-4b65-91f6-4e4f729d3c67'),('a65bdea1-27ba-4c50-8c34-3c36b4c91b60','B. R','2025-06-11 16:02:24.108317',_binary '\0',2,'2025-06-11 16:02:24.108317','3aa086a0-45b1-41fd-9aa6-ad857b50041c'),('a6ca16f0-cf19-4d67-8b82-6d42408ea2dc','d) Thay thế hoàn toàn cho nghiên cứu thị trường','2025-06-11 14:04:31.478714',_binary '\0',4,'2025-06-11 14:04:31.478714','ee5af5f3-3741-42df-8103-9f39a2f51471'),('a71fd344-c16b-4ea1-9c8d-ab9cbf1bf204','B. Chỉ hoạt động khi có máy chủ riêng','2025-06-11 14:25:15.500849',_binary '\0',2,'2025-06-11 14:25:15.500849','d9977665-0a83-489b-8fc9-bfcfa2d6d587'),('a730c1c5-c929-43f6-affd-7e5a907c4d21','b) Một khóa duy nhất','2025-06-11 13:25:30.267059',_binary '',2,'2025-06-11 13:25:30.267059','ddf02b5d-bff5-4014-b583-0551266f1eeb'),('a796c61e-be8a-4d47-9851-c167686aa853','b) Hi, nice to meet you! I\'m [Your name].','2025-06-11 14:16:22.057917',_binary '',2,'2025-06-11 14:16:22.057917','ae64bfea-f627-46fa-a7eb-3441049aeb5e'),('a7b8e634-6a0a-4b62-86b8-ee3e3bb38455','a) 50%','2025-06-11 14:07:47.071906',_binary '\0',1,'2025-06-11 14:07:47.071906','7aaa9988-ba3e-402e-a507-d7103f285e90'),('a8534129-fc53-47be-8c8b-2f4f6a7aa85e','d) Quản lý các phiên giao dịch','2025-06-11 13:43:24.596791',_binary '\0',4,'2025-06-11 13:43:24.596791','5381a40c-d18f-4db9-bd73-efb6514a7c4d'),('a938f015-656e-439b-b2c5-2341e374cfa4','B. Sử dụng ít bộ nhớ hơn','2025-06-10 18:06:45.711628',_binary '\0',2,'2025-06-10 18:06:45.711628','315e6acd-a264-41bc-bdc6-60908e631283'),('aa034326-56d4-41b8-8c82-73727034688e','D. Tiệm cận','2025-06-11 16:37:59.579054',_binary '\0',4,'2025-06-11 16:37:59.579054','58f2b699-98e2-4902-b845-fb5c7a282c87'),('aa711f02-7b90-4333-9882-0fda68d865ca','c) Tính giá trị kỳ vọng của biến ngẫu nhiên','2025-06-11 13:55:51.473057',_binary '\0',3,'2025-06-11 13:55:51.473057','976c17c1-fde9-4e54-acec-b33925154820'),('aa80ff37-3a9b-4182-8c57-83690071fccd','D. Không có công thức','2025-06-11 16:03:32.235971',_binary '\0',4,'2025-06-11 16:03:32.235971','db561bf2-693a-4284-99f8-c8c7764fb7f9'),('aa8e0885-0589-4c85-845b-eb76a53043c4','a) Kết quả của sự kiện này ảnh hưởng đến sự kiện kia','2025-06-11 13:29:49.403832',_binary '\0',1,'2025-06-11 13:29:49.403832','0712c34d-1925-49cc-990a-c4a2f135d368'),('aab20cb7-5311-419e-880b-71f1b9add554','d) Bye, I don’t want to talk anymore.','2025-06-11 14:19:16.282221',_binary '\0',4,'2025-06-11 14:19:16.282221','30f149e4-a0dc-4a47-a67a-4c2e4d815519'),('aad00ec7-aa1a-4e67-ad3a-2f3cb6f613bf',' Phá huỷ phần cứng hệ thống','2025-06-11 13:38:39.701587',_binary '\0',4,'2025-06-11 13:38:39.701587','0ba90a96-a393-4f59-ba0b-4474d8acce50'),('ab2596b3-bb30-408d-a048-f062c5707dc2','A. Khoảng cách chia cho thời gian','2025-06-11 16:06:13.478251',_binary '\0',1,'2025-06-11 16:06:13.478251','c918780b-4d46-486a-a6e2-bcbd4620a58a'),('abdfce4b-25e3-4d40-972e-5242fc306c11','D. A','2025-06-11 16:03:09.810375',_binary '\0',4,'2025-06-11 16:03:09.810375','e058a0aa-a36d-4950-a455-5a37b10bd84e'),('abf23a08-9691-4945-8780-80a206f7038a','b) I don’t care about the weather.','2025-06-11 14:18:09.834253',_binary '\0',2,'2025-06-11 14:18:09.834253','76df5fe1-a7ec-4b76-b1c9-42e6ecc08db8'),('acd00f14-25d2-4ab2-9812-9e4ad7fe3803','b) Quick Sort (O(n log n))','2025-06-11 13:52:58.412408',_binary '',2,'2025-06-11 13:52:58.412408','8e381d1a-4042-4c6e-bd74-9f833d9111c7'),('ad399368-9e1b-467f-b597-015876b2bdb0','D. open server.js','2025-06-11 17:24:33.999337',_binary '\0',4,'2025-06-11 17:24:33.999337','ef1b1820-3093-490f-8a8e-aedca11fcb41'),('ad4d135f-cfc8-4a8a-8e22-299b29e727e4',' Chỉ đăng nhập vào các trang web có địa chỉ (URL) đáng tin cậy','2025-06-11 13:39:27.071909',_binary '',3,'2025-06-11 13:39:27.071909','e97ae68a-8a3c-47e1-96d8-291bea7040ff'),('ada8847c-6cf3-4e38-8a43-4ad1c23c25d8','C. F','2025-06-11 16:02:24.108317',_binary '\0',3,'2025-06-11 16:02:24.108317','3aa086a0-45b1-41fd-9aa6-ad857b50041c'),('adc9c5ea-d5f1-4c05-a3ee-4e4ca08b3242','B. Các số hạng dần tiến về 0','2025-06-11 16:40:55.707071',_binary '',2,'2025-06-11 16:40:55.707071','834767ac-795e-4c80-a855-3a25bcd14b33'),('ae513615-fa1d-49b4-8b57-7ade8a6e1e00','a) Tổng của các biến ngẫu nhiên độc lập luôn tuân theo phân phối chuẩn','2025-06-11 14:07:01.545417',_binary '\0',1,'2025-06-11 14:07:01.545417','d4fc9b86-b6bb-4de6-a01e-735099258a57'),('af37da9c-0d20-483e-aefc-52cb2d214b2d','Thử các từ có tần suất sử dụng cao làm mật khẩu','2025-06-11 13:37:37.445497',_binary '',1,'2025-06-11 13:37:37.445497','e4779c19-5d05-46cb-8b32-3e16618e5ce6'),('af54154b-0146-4a1c-804f-dc6c36d85dff','D. Cả ba đáp án trên','2025-06-11 16:44:18.397037',_binary '',4,'2025-06-11 16:44:18.397037','19f60b63-713c-4bb4-aef6-07ed885c7cbf'),('af7115f5-9404-4518-87b0-8ee80a35865d','C. Event-driven, non-blocking IO','2025-06-11 17:17:16.360848',_binary '',3,'2025-06-11 17:17:16.360848','edb38668-b9be-4f92-93a4-2c464714148d'),('af82073b-3612-4f9c-94b4-bf812dee5c53','b) Xác định rõ vấn đề cần giải quyết dựa trên nghiên cứu người dùng','2025-06-11 13:34:08.962403',_binary '',2,'2025-06-11 13:34:08.962403','87906360-40de-4007-8efe-5f165e5d4140'),('afce9d5b-8490-4f6a-93c4-1c8edb7a8540','b) Giá trị trung bình của biến','2025-06-11 13:48:45.676348',_binary '\0',2,'2025-06-11 13:48:45.676348','46d9f9b5-13cf-4ea4-ac63-8af06c2a386d'),('b15b4323-f98a-4dbd-80b0-382d45f80fbb','b) O(n log n)','2025-06-11 14:10:38.601402',_binary '\0',2,'2025-06-11 14:10:38.601402','777e1487-b59b-4bc2-8d78-9eb476d5f06e'),('b1667ecc-8754-4f4b-a866-59f04258042a','C. Mua máy chủ riêng','2025-06-11 14:28:04.266790',_binary '\0',3,'2025-06-11 14:28:04.266790','c50a3ecc-6d7e-48c7-afde-87fc8af6da00'),('b2bc3f6d-617a-488c-b697-fe1719c371c8','a) P(A|B) = P(B|A) * P(A) / P(B)','2025-06-11 13:56:15.648811',_binary '',1,'2025-06-11 13:56:15.648811','480e46bc-6441-4777-9481-8434449d77ea'),('b37a2da7-b780-4c4d-84a7-5555cd888afc','d) P(A) / P(B)','2025-06-11 13:55:27.597701',_binary '\0',4,'2025-06-11 13:55:27.597701','1d88cc83-5760-4d3b-a2b4-2ffb0489f874'),('b4608cfd-408c-40ca-887d-231395fd3b11','d) Quick Sort','2025-06-11 14:11:02.399203',_binary '\0',4,'2025-06-11 14:11:02.399203','9d487821-9a0d-4c9f-88f7-ef894a21faf0'),('b467cda5-d647-4c1d-acc3-aedd26c50481','b) Xử lý các yêu cầu HTTP và tạo phản hồi động','2025-06-11 13:42:48.577509',_binary '',2,'2025-06-11 13:42:48.577509','d5f5e8d8-b243-4b7d-9ea3-0db1ec4dd4f7'),('b471360a-add1-44aa-8f72-873d197cf518','C. [1, 2, 3]','2025-06-11 14:33:44.110282',_binary '',3,'2025-06-11 14:33:44.110282','3bf42df6-3085-4bd7-9027-9f0ba8fa6f28'),('b4881124-40f6-4e0d-84ee-af879ce7f7d7','C. Web-based','2025-06-11 16:01:57.882797',_binary '\0',4,'2025-06-11 16:01:57.882797','e3878f2c-8f98-4ba0-9841-c2de5d3eb947'),('b4b1a318-f5b0-46b0-b005-ae3d52e870ae','b) Mã nguồn và tài liệu kỹ thuật','2025-06-11 14:04:08.159819',_binary '\0',2,'2025-06-11 14:04:08.159819','7feb4bb2-daca-430e-a1be-c4db069c8b5c'),('b4b1ea72-5829-4163-a6d6-35fa4e4580b2','a) P(A ∩ B) / P(A)','2025-06-11 13:55:27.597701',_binary '\0',1,'2025-06-11 13:55:27.597701','1d88cc83-5760-4d3b-a2b4-2ffb0489f874'),('b5897e23-9ba2-47b6-b379-83763800dc18','Picking randomly','2025-06-11 17:00:29.671660',_binary '\0',1,'2025-06-11 17:00:29.671660','623f09ce-99ee-41ad-a4a0-59e295184b78'),('b650d9c0-7c41-4c62-9c34-49c8cccad5d6','b) 68%','2025-06-11 14:07:47.071906',_binary '\0',3,'2025-06-11 14:07:47.071906','7aaa9988-ba3e-402e-a507-d7103f285e90'),('b6680d5a-cbbe-4bc6-82ba-0d4f92f4b317','C. \\( r = 1 \\)','2025-06-11 16:39:33.520221',_binary '\0',3,'2025-06-11 16:39:33.520221','11d304ce-ebb7-4ff5-88e4-fc6f771e9be1'),('b6f4441b-6be1-4206-ac3f-18e3a6ab6b6c','a) Tỷ lệ giữa số lần thử và số lần thành công ','2025-06-11 13:28:22.243490',_binary '\0',1,'2025-06-11 13:28:22.243490','726982b5-4dc1-4715-a386-aceed020109d'),('b746fcf4-14fd-4b9f-8d29-921250b58ff1','c) Apache POI','2025-06-11 13:43:48.713307',_binary '\0',3,'2025-06-11 13:43:48.713307','4917f98c-1523-4957-a58e-ef28043668ae'),('b7a6894e-0515-46bf-b05e-f33183318416','c) P(B) = P(B|A₁) * P(B|A₂) * ... * P(B|Aₙ)','2025-06-11 13:57:08.649394',_binary '\0',3,'2025-06-11 13:57:08.649394','a3b456ff-7910-4a4b-b7cd-c809d06347fe'),('b7f6c640-17a5-4d75-9dab-972eddc9de25','d) Vô cực','2025-06-11 13:29:17.180378',_binary '\0',4,'2025-06-11 13:29:17.180378','773fcfc9-0194-45f8-a1f0-8956e5f57908'),('b86c15bf-fe23-4178-a55a-bac63c48eeb4','a) Viết phần mềm ứng dụng hoàn chỉnh','2025-06-11 13:51:09.949292',_binary '\0',1,'2025-06-11 13:51:09.949292','b44f386b-4495-46c5-b26d-1357cb4cab52'),('b923a2b0-ccb7-4c20-bdd9-bf4080296b7e','B. Xử lý dữ liệu dạng bảng','2025-06-11 14:20:49.352192',_binary '\0',2,'2025-06-11 14:20:49.352192','096a327f-b449-41dc-ba6e-705cbb131bee'),('b981a425-0c71-44ce-a5f9-eee62371f17e','Correct','2025-06-11 17:03:59.882137',_binary '',1,'2025-06-11 17:03:59.882137','2c15d3bf-fb51-414e-b54f-1106e6a3ce9f'),('b9a21337-eb44-42f4-87ab-d4462b5fa02e','c) Tối ưu hóa giao diện người dùng','2025-06-11 13:24:56.756726',_binary '\0',3,'2025-06-11 13:24:56.756726','729006f1-e2ba-469b-a46f-cd96dc082081'),('b9c6c8d4-a503-4993-b3d9-5422043e7303','All students get the same materials','2025-06-11 17:04:31.479295',_binary '\0',1,'2025-06-11 17:04:31.479295','53bd7b84-0426-477d-a0e1-f7b57af6ace6'),('b9fdb393-48d5-4d87-9853-5aab54cdc5c1','C. \\( y\' + P(x)y = Q(x) \\)','2025-06-11 16:44:22.561443',_binary '',3,'2025-06-11 16:44:22.561443','aa9b1962-72e3-44db-960d-0f8d9827f428'),('bb08ac9b-b13b-41b3-a38e-e4c5d15ec859','D. node version','2025-06-11 17:24:26.883669',_binary '\0',4,'2025-06-11 17:24:26.883669','9067f656-7fe6-45d4-855a-a96c02155df5'),('bb18b288-aadd-46b5-9db6-641afdc4ebc9','a) P(B) = P(B|A₁) + P(B|A₂) + ... + P(B|Aₙ)','2025-06-11 13:57:08.649394',_binary '',1,'2025-06-11 13:57:08.649394','a3b456ff-7910-4a4b-b7cd-c809d06347fe'),('bb5a863a-d189-4b81-aa26-f2dffaedd786','C. Cả A và B','2025-06-11 17:24:26.883669',_binary '',3,'2025-06-11 17:24:26.883669','9067f656-7fe6-45d4-855a-a96c02155df5'),('bb751e70-5da7-4330-8c5b-9b53cb3b7ec7','B. Tổng tất cả xác suất phải bằng 100','2025-06-11 14:36:43.124399',_binary '\0',2,'2025-06-11 14:36:43.124399','5899d212-8d29-49b4-abcd-a7aaea7b752c'),('bc02e9d3-0206-4616-8a23-2378ce1fbb6a','A. Cài đặt phần mềm nội bộ','2025-06-11 14:28:04.266790',_binary '\0',1,'2025-06-11 14:28:04.266790','c50a3ecc-6d7e-48c7-afde-87fc8af6da00'),('bc045090-2fab-41f5-984a-c7f18f97c8cd','b) 1','2025-06-11 13:29:17.180378',_binary '',2,'2025-06-11 13:29:17.180378','773fcfc9-0194-45f8-a1f0-8956e5f57908'),('bd6f46d6-f1ca-443f-ba6d-5f846e31eece','A. Chỉ biết phương trình','2025-06-11 16:44:32.425848',_binary '\0',1,'2025-06-11 16:44:32.425848','488cb446-ef35-4d26-8670-b414e5f4d072'),('bdb990f8-41a8-466f-95d9-9760aa89f4b1','D. Rhino','2025-06-11 17:19:30.358477',_binary '\0',4,'2025-06-11 17:19:30.358477','bc48ee5a-e11b-4028-a31f-28df549a8881'),('be43b259-cf11-44a5-acf7-21c601ae2611','A. Website tĩnh','2025-06-11 17:18:43.352162',_binary '\0',1,'2025-06-11 17:18:43.352162','f294c4e8-cb98-4c3e-bf6d-bdb66aed4066'),('be95d6bb-f822-4cde-a31f-ee7f918aa71d','c) P(A|B) = P(A ∩ B) * P(B)','2025-06-11 13:56:15.649328',_binary '\0',3,'2025-06-11 13:56:15.649328','480e46bc-6441-4777-9481-8434449d77ea'),('bf20043a-98e2-403d-97f5-b1f36fc71428','a) Thời gian chạy tăng tuyến tính theo kích thước đầu vào','2025-06-11 13:51:37.866174',_binary '\0',1,'2025-06-11 13:51:37.866174','4e0ca82f-3256-4aed-8d21-3709ac99c285'),('bf5a13c1-a23a-49aa-8c49-665b3e10732b','a) Kích thước mẫu nhỏ và phân phối tổng thể bất kỳ','2025-06-11 14:08:12.447955',_binary '\0',1,'2025-06-11 14:08:12.447955','9f2a2938-fce6-4caa-a135-ea0f670139a0'),('bfa3c714-566d-4ecd-bd9b-e667d8630873','D. Tần suất xuất hiện của biến ngẫu nhiên liên tục','2025-06-11 14:36:19.689358',_binary '\0',4,'2025-06-11 14:36:19.689358','af079b59-5c5f-4b46-b6d7-ccf9abccea75'),('bfbd8cb8-72c3-4ce1-ba5f-e9df1ee7cba8','a) Context (Ngữ cảnh)','2025-06-11 13:34:37.444283',_binary '',1,'2025-06-11 13:34:37.444283','5b0ef024-bd10-4770-b182-6c752a129db3'),('c02de8c0-5ab6-4fd1-9e69-2995271dbb80','A. 8080','2025-06-11 17:24:41.667705',_binary '\0',1,'2025-06-11 17:24:41.667705','f1897cf6-7471-4681-acbf-c5b12ea4663b'),('c0b6f297-58fb-4d0e-b7b2-f8e13b919989','C. Nhà cung cấp dịch vụ đám mây (Cloud Providers)','2025-06-11 14:28:30.474059',_binary '',3,'2025-06-11 14:28:30.474059','8c06f2e0-237b-4512-8e86-d499eea15f8e'),('c0bcaa22-2b15-4e21-84da-a9b1b774794e','D. Một danh sách các biến','2025-06-11 14:21:45.795222',_binary '\0',4,'2025-06-11 14:21:45.795222','78aa6acd-4221-4071-a014-762493f00936'),('c0c46775-40a2-4661-a19f-dc08a02cae90','D. node.net','2025-06-11 17:21:33.602109',_binary '\0',4,'2025-06-11 17:21:33.602109','1fc008e7-28d0-4012-a248-a278346af557'),('c0cb03fc-a089-49ae-89c3-2c7906102593','D. Phương pháp sao lưu dữ liệu bằng ổ cứng','2025-06-11 14:24:40.881632',_binary '\0',4,'2025-06-11 14:24:40.881632','6e0402ca-eb8d-4db8-b304-63d9cca6f38f'),('c25df1f8-cc65-446b-affd-739f523d7bf5','D. Không cần điều kiện','2025-06-11 16:44:32.425848',_binary '\0',4,'2025-06-11 16:44:32.425848','488cb446-ef35-4d26-8670-b414e5f4d072'),('c3477cba-8a44-4e54-9ef8-4f9a175f77e3',' So sánh mật khẩu với các từ thông dụng','2025-06-11 13:38:46.982895',_binary '\0',3,'2025-06-11 13:38:46.982895','c61a6c5d-5863-4503-b3db-55e11d1f8684'),('c3bdf46b-876d-4bcb-a0dd-323fbc475414','B. Dissolve','2025-06-11 16:04:52.168302',_binary '\0',2,'2025-06-11 16:04:52.168302','f4412839-eb81-4a6c-96d4-25e5c0ca0a7f'),('c414d842-284d-4158-9fa4-37d2c9ddccd6','False','2025-06-11 16:59:41.449387',_binary '\0',2,'2025-06-11 16:59:41.449387','7563a217-30ea-4518-843d-8aa9ac563e6a'),('c492749e-7316-4096-94f2-a7a35cd1f638','B. Xác suất của biến có thể nhận giá trị rời rạc, đếm được','2025-06-11 14:36:19.689358',_binary '',2,'2025-06-11 14:36:19.689358','af079b59-5c5f-4b46-b6d7-ccf9abccea75'),('c4c3ebef-84d6-4048-8510-85d049eb7330','D. 80','2025-06-11 17:24:41.667705',_binary '\0',4,'2025-06-11 17:24:41.667705','f1897cf6-7471-4681-acbf-c5b12ea4663b'),('c689649d-e15c-4e81-8ce9-0ee0c7e29467','A. run server.js','2025-06-11 17:24:33.999337',_binary '\0',1,'2025-06-11 17:24:33.999337','ef1b1820-3093-490f-8a8e-aedca11fcb41'),('c6bed162-4c79-4869-8778-fa2e06083d32','D. Giao tiếp với cơ sở dữ liệu','2025-06-11 14:20:49.352192',_binary '\0',4,'2025-06-11 14:20:49.352192','096a327f-b449-41dc-ba6e-705cbb131bee'),('c7191133-e2ca-4d43-82e7-5e8f66d56f52','C. Array','2025-06-11 14:42:31.948127',_binary '\0',3,'2025-06-11 14:42:31.948127','59fae233-2b4b-4379-8a91-3447f319fdd6'),('c74826f0-99e1-4885-8cc3-f35be950852d','d) This is [Person A], and that’s [Person B].','2025-06-11 14:15:58.312461',_binary '\0',4,'2025-06-11 14:15:58.312461','af1b6e61-d7e3-41cf-a2b3-c037173a5c32'),('c7b48bbd-889b-4595-a8c0-bd2333b6a089','D. Đường viền vàng','2025-06-11 16:04:26.986860',_binary '\0',4,'2025-06-11 16:04:26.986860','10d3eee8-0ce6-450e-91eb-981355ba439e'),('c84b2191-e073-422b-ae70-cebf48d9e5c8','c) Tăng tốc độ phát triển sản phẩm','2025-06-11 14:02:31.719634',_binary '\0',3,'2025-06-11 14:02:31.719634','2fc9145c-9831-48f7-9714-90b7f36cc2f8'),('c8e37a51-c1cd-4a5f-b0ad-2b35308fd987','D. Stack','2025-06-11 14:42:59.566306',_binary '\0',4,'2025-06-11 14:42:59.566306','c897da11-cf61-4a6f-a79f-54021303992c'),('c912167a-deca-45f7-980c-193034aeaf0a','a) Hàm mật độ xác suất có dạng hình chữ nhật','2025-06-11 13:48:22.758615',_binary '\0',1,'2025-06-11 13:48:22.758615','86d344d4-237b-46f7-a4d9-472e218f5de5'),('c9863dac-33fd-43c0-8072-bdf92d97aec8','b) Chỉ nhận giá trị nguyên','2025-06-11 14:07:23.586793',_binary '\0',2,'2025-06-11 14:07:23.586793','ca922d95-4b2a-48c4-a4a8-9adced750366'),('c9b60f69-f6da-4138-a8e1-ed93517e3d4b','Social media','2025-06-11 17:04:35.082398',_binary '\0',1,'2025-06-11 17:04:35.082398','326def22-43d9-4a43-aa2f-71f93a813fe4'),('ca645cae-df0b-4fef-81dc-61bdf9b007fd','c) Chọn phần tử nhỏ nhất lặp đi lặp lại','2025-06-11 14:11:53.263889',_binary '\0',3,'2025-06-11 14:11:53.263889','5d516b69-8a8e-4056-89b3-8198bd81193b'),('cb789f5f-fd35-4b9d-a877-e53a5efc24b3','B. Tối ưu hóa luồng thao tác đơn giản, trực quan','2025-06-11 16:05:49.410409',_binary '',2,'2025-06-11 16:05:49.410409','2e6711d5-c045-4f52-b891-acb70bb654c0'),('cb8b929b-b627-4983-98f4-45e8cde09f8e','C. Ctrl + E','2025-06-11 17:24:52.296440',_binary '\0',3,'2025-06-11 17:24:52.296440','fcf5b23a-6626-4eb0-8cc8-ca421ca050cf'),('cc6804a8-084b-48c0-8fbc-a2e1be7ddddf','c) Trung bình các giá trị lớn nhất và nhỏ nhất','2025-06-11 13:47:52.766769',_binary '\0',3,'2025-06-11 13:47:52.766769','381514f8-05e1-406b-8312-04f780c9e7da'),('cd1a10b0-488e-4b6e-a08c-1a1062f0834a','C. 5000','2025-06-11 17:24:41.667705',_binary '\0',3,'2025-06-11 17:24:41.667705','f1897cf6-7471-4681-acbf-c5b12ea4663b'),('cd2ea3a1-f051-4ff9-b36e-582a5dde7107','C. Một phần mềm quản lý cơ sở dữ liệu','2025-06-11 14:24:40.881632',_binary '\0',3,'2025-06-11 14:24:40.881632','6e0402ca-eb8d-4db8-b304-63d9cca6f38f'),('cd422cb8-e7f6-4b77-af67-fe179f43c8a6','D. Docker','2025-06-11 14:26:04.581005',_binary '\0',4,'2025-06-11 14:26:04.581005','09bf90ad-0077-4da5-8b3b-3b50dcea7db6'),('ce559c12-22ef-4628-833d-a8e971a34883','B. Đường nét xanh','2025-06-11 16:04:26.986860',_binary '',2,'2025-06-11 16:04:26.986860','10d3eee8-0ce6-450e-91eb-981355ba439e'),('cfd3aa67-da33-458e-a1e7-9f18aa05d2bd','AI knowledge update alerts','2025-06-11 17:00:26.203757',_binary '',2,'2025-06-11 17:00:26.203757','7e1a046c-c7c9-4b89-85b1-00b3cc5ee48b'),('d0c622db-11ea-45ba-a783-dd0b207c9cbf','B. Zones','2025-06-11 14:30:32.351156',_binary '\0',2,'2025-06-11 14:30:32.351156','68ce60d1-ba22-402b-942b-da9a6346d603'),('d0cf8afb-f10c-4565-b4ac-ed1016dca507','B. Một mảng 2 chiều giống như ma trận NumPy','2025-06-11 14:21:45.795222',_binary '\0',2,'2025-06-11 14:21:45.795222','78aa6acd-4221-4071-a014-762493f00936'),('d0d36505-8570-488b-9c6d-a463f88b9349','a) Đánh cắp thông tin cá nhân của người dùng','2025-06-11 13:36:19.047446',_binary '\0',1,'2025-06-11 13:36:19.047446','ff0cfe08-8c29-4ce6-b421-82512a2eec32'),('d0dc56b7-e696-4fe9-aa62-40677fff6cb7','Students follow different paths based on needs','2025-06-11 17:04:31.479295',_binary '',2,'2025-06-11 17:04:31.479295','53bd7b84-0426-477d-a0e1-f7b57af6ace6'),('d10a51c1-d087-47f5-8179-52400e70311c','C. Alt + T','2025-06-11 16:05:20.637696',_binary '\0',3,'2025-06-11 16:05:20.637696','829960f5-0404-4024-a0ff-3e5bbcb60f5a'),('d17ec5c8-f143-49b3-8c96-e6a79bd7cc71','c) Yo, good to see you!','2025-06-11 14:14:29.638512',_binary '\0',3,'2025-06-11 14:14:29.638512','49293682-bca1-4b11-893c-26eb74cc79bf'),('d1b832fd-29ab-4379-adde-d6a1f4e5c264','A. Đường nét đỏ','2025-06-11 16:04:26.986860',_binary '\0',1,'2025-06-11 16:04:26.986860','10d3eee8-0ce6-450e-91eb-981355ba439e'),('d3373fff-708e-4114-a301-a4f07915d914','B. FIFO - First In First Out','2025-06-11 14:44:14.332490',_binary '',2,'2025-06-11 14:44:14.332490','9d8df9bb-0f47-4887-b9c4-9756a6ee5372'),('d46878a4-7ac9-416d-8049-312dc8c1cb2c','C. G','2025-06-11 16:03:09.810375',_binary '\0',3,'2025-06-11 16:03:09.810375','e058a0aa-a36d-4950-a455-5a37b10bd84e'),('d55817bb-1ec6-45bc-82cd-dbc42b61d7fa','d) Scalability (Khả năng mở rộng)','2025-06-11 13:34:37.444283',_binary '\0',4,'2025-06-11 13:34:37.444283','5b0ef024-bd10-4770-b182-6c752a129db3'),('d5c3512f-acd6-49b1-8db0-f565ba0095bf','B. Đăng ký tài khoản với nhà cung cấp dịch vụ đám mây','2025-06-11 14:28:04.266790',_binary '',2,'2025-06-11 14:28:04.266790','c50a3ecc-6d7e-48c7-afde-87fc8af6da00'),('d60f4f0a-76e9-4a59-b0cd-b7a1d7445179','C. \\( y = f(x) \\)','2025-06-11 16:43:35.159896',_binary '\0',3,'2025-06-11 16:43:35.159896','199c8311-5382-4b65-91f6-4e4f729d3c67'),('d654aa3c-80d5-4c0f-b7a8-1504f2364cef','c) 1/2','2025-06-11 13:28:49.960696',_binary '',3,'2025-06-11 13:28:49.960696','483e498f-8be9-40a5-87f6-74e25ce38971'),('d65d3bfc-8594-4c13-b08b-3360d0e910ca','a) Yeah, it’s great! Do you like going outside?','2025-06-11 14:18:09.834253',_binary '',1,'2025-06-11 14:18:09.834253','76df5fe1-a7ec-4b76-b1c9-42e6ecc08db8'),('d6a3824c-c8dc-403d-a819-ff48724b43e6','c) Empathize (Thấu cảm)','2025-06-11 13:32:37.279266',_binary '',3,'2025-06-11 13:32:37.279266','a95a4e73-151b-4ab6-8563-12cc7552f544'),('d6c40580-04ed-4cc9-872a-174b1349107d','d) That’s a boring topic.','2025-06-11 14:18:09.834253',_binary '\0',4,'2025-06-11 14:18:09.834253','76df5fe1-a7ec-4b76-b1c9-42e6ecc08db8'),('d7251311-637f-47e2-894e-d47a827ecb87','c) Chia danh sách thành các nửa nhỏ hơn','2025-06-11 14:11:27.924548',_binary '\0',3,'2025-06-11 14:11:27.924548','8dada144-6906-457b-8249-97bb056b76c1'),('d80439af-5036-443c-a36e-4098d6fbb606','A. Ctrl + D','2025-06-11 17:24:52.296440',_binary '\0',1,'2025-06-11 17:24:52.296440','fcf5b23a-6626-4eb0-8cc8-ca421ca050cf'),('d841084c-1794-4d84-981f-b4ee19ae052f','True','2025-06-11 16:59:41.449387',_binary '',1,'2025-06-11 16:59:41.449387','7563a217-30ea-4518-843d-8aa9ac563e6a'),('d9125f7c-b438-450c-8654-f1c03a95b322','C. Min Heap (priority queue)','2025-06-11 14:43:40.061610',_binary '',3,'2025-06-11 14:43:40.061610','404dbaf0-c493-4c65-a4af-bea3883eba77'),('da9bf8ab-b612-44fc-a893-7cb1dfc736e0','c) Why do you want to know?','2025-06-11 14:15:34.249694',_binary '\0',4,'2025-06-11 14:15:34.249694','e13deeed-eb4f-4ffa-ba8d-63ea34c2eed4'),('daa7859d-735c-4edd-9734-674fe4827b47','b) Đối xứng quanh giá trị trung bình','2025-06-11 13:48:22.758615',_binary '',2,'2025-06-11 13:48:22.758615','86d344d4-237b-46f7-a4d9-472e218f5de5'),('daaab16e-478e-4447-aef0-c83328c29514','A. pandas.load_csv(\'file.csv\')','2025-06-11 14:22:10.244861',_binary '\0',1,'2025-06-11 14:22:10.244861','432c687c-3274-4f2c-beba-52158b8f11d1'),('daf7a643-4aad-4597-8f53-0488d9e4f349','d) Nhiều khóa ngẫu nhiên','2025-06-11 13:25:30.268025',_binary '\0',4,'2025-06-11 13:25:30.268025','ddf02b5d-bff5-4014-b583-0551266f1eeb'),('dc11b2c3-71b6-467e-92d9-2fe3a2f3a750','b) Một hồ sơ đại diện cho một nhóm người dùng mục tiêu dựa trên dữ liệu nghiên cứu','2025-06-11 14:02:59.146349',_binary '',2,'2025-06-11 14:02:59.146349','1fe977a9-b2b2-4d95-80f4-05ca1d7e7876'),('dce34e84-e716-4e96-a9a2-d18973bf70bb','b) It was nice chatting with you! Have a great day.','2025-06-11 14:19:16.282221',_binary '',2,'2025-06-11 14:19:16.282221','30f149e4-a0dc-4a47-a67a-4c2e4d815519'),('dd2dfc57-7621-4286-8e31-e6d1221c4e7e','a) Visual Studio Code','2025-06-11 13:59:26.134734',_binary '\0',1,'2025-06-11 13:59:26.134734','21c242ca-a62c-4c4a-ad8e-ff4d14daaf4e'),('dda3ef24-476b-4aa5-a902-72841ff0570e','B. Mô hình hóa số lần thành công trong một số lần thử cố định','2025-06-11 14:37:20.597007',_binary '',2,'2025-06-11 14:37:20.597007','a57fa500-df01-4155-9666-469a64777a6c'),('de65bd32-32bc-4bb8-8599-be08bfd7bc2a','D. Linked List','2025-06-11 14:42:31.948127',_binary '\0',4,'2025-06-11 14:42:31.948127','59fae233-2b4b-4379-8a91-3447f319fdd6'),('deb36f07-ed76-4ab2-adb4-449ba2ffff40','c) P(A ∪ B) / P(B)','2025-06-11 13:55:27.597701',_binary '\0',3,'2025-06-11 13:55:27.597701','1d88cc83-5760-4d3b-a2b4-2ffb0489f874'),('df18ba4f-e9b4-4afb-803d-45872f7fee9a','b) 68%','2025-06-11 14:07:47.071906',_binary '',2,'2025-06-11 14:07:47.071906','7aaa9988-ba3e-402e-a507-d7103f285e90'),('e001a873-f9c3-4dfd-9efd-eddc973af6d6','c) build.gradle','2025-06-11 14:00:12.443248',_binary '\0',3,'2025-06-11 14:00:12.443248','34dad7b9-26b4-4733-9139-6594363ff07d'),('e1815c79-2b0c-4598-a31e-d0e5d6fa426e','A. Set','2025-06-11 14:43:40.061610',_binary '\0',1,'2025-06-11 14:43:40.061610','404dbaf0-c493-4c65-a4af-bea3883eba77'),('e1ec7178-eb49-4dd9-b8c4-27ff6cc4a636','A. {1, 2, 3}','2025-06-11 14:33:44.110282',_binary '\0',1,'2025-06-11 14:33:44.110282','3bf42df6-3085-4bd7-9027-9f0ba8fa6f28'),('e252083a-6cb8-4217-a3fe-e779859dca4c','d) Jackson','2025-06-11 13:43:48.714290',_binary '\0',4,'2025-06-11 13:43:48.714290','4917f98c-1523-4957-a58e-ef28043668ae'),('e289e196-8893-4e42-ae8b-21d77718ca6a','C. Đo lường khoảng thời gian giữa hai sự kiện','2025-06-11 14:37:20.597007',_binary '\0',3,'2025-06-11 14:37:20.597007','a57fa500-df01-4155-9666-469a64777a6c'),('e37a4e0d-591b-4309-bca0-4d52a41e529d','a) Ideate (Tạo ý tưởng)','2025-06-11 13:32:37.279266',_binary '\0',1,'2025-06-11 13:32:37.279266','a95a4e73-151b-4ab6-8563-12cc7552f544'),('e388eefc-8f3b-4c22-a84d-a94470aedd5d','A. O(n)','2025-06-10 18:05:08.653370',_binary '\0',1,'2025-06-10 18:05:08.653370','e6bfeb07-9285-4334-b720-852b3bfb5201'),('e3b8dcc2-be5d-4d60-8095-a96151e3d4ca','C. AWS Dashboard','2025-06-11 14:30:05.652307',_binary '\0',3,'2025-06-11 14:30:05.652307','0e4906cc-eee2-45e6-8e26-3a922000040c'),('e48547e6-00ef-44a8-8684-174e46dcdcf3','b) Maven','2025-06-11 13:59:47.690809',_binary '',2,'2025-06-11 13:59:47.690809','9464ef10-7b8f-4e7c-82d9-b6a49de1dc7a'),('e49ed105-ce51-4788-bf9c-5841e1d1675d','B. Chỉ có con trỏ tới node tiếp theo','2025-06-10 18:06:03.486067',_binary '\0',2,'2025-06-10 18:06:03.486067','3d72a98a-a0a5-4236-8345-e1ec9d5b0771'),('e4d73c07-6177-4322-8af2-3ef38665fce4','A. Trình duyệt web','2025-06-11 14:28:30.468547',_binary '\0',1,'2025-06-11 14:28:30.468547','8c06f2e0-237b-4512-8e86-d499eea15f8e'),('e5a99a01-9974-4f33-828b-5b65f82bd74d','a) Good evening, it’s a pleasure to make your acquaintance.','2025-06-11 14:16:22.057917',_binary '\0',1,'2025-06-11 14:16:22.057917','ae64bfea-f627-46fa-a7eb-3441049aeb5e'),('e66c199e-ee87-4da1-9e29-af14546d6276','a) Thời gian chạy của thuật toán','2025-06-11 13:52:34.395954',_binary '\0',1,'2025-06-11 13:52:34.395954','ca3477f6-dd35-4034-9f8c-9422a67fe0c0'),('e793273e-3d4b-412a-8b17-4191bff7b928','d) Phương sai bình phương','2025-06-11 14:08:45.296710',_binary '\0',4,'2025-06-11 14:08:45.296710','11c33c47-9ae5-4184-b86f-d0c713875f6e'),('e93a498a-3c30-4ab7-a506-be4f2505d346',' Thực hiện lừa đảo trực tuyến','2025-06-11 13:38:46.982895',_binary '\0',4,'2025-06-11 13:38:46.982895','c61a6c5d-5863-4503-b3db-55e11d1f8684'),('e952e70c-d843-4986-81ed-1e00315707d5','Favorite movies','2025-06-11 17:00:22.088037',_binary '\0',3,'2025-06-11 17:00:22.088037','8ceac3d1-8ec2-41b9-8a88-f90a76ba3b84'),('e9f20662-80c7-4d79-bcbd-d7e94804ed6c','c) Nginx','2025-06-11 14:00:34.220115',_binary '\0',3,'2025-06-11 14:00:34.220115','e20fc995-0cc9-4190-b937-9fc190a24df9'),('ea30e051-b9ec-40a2-b983-995ce5a1c637','c) Insertion Sort','2025-06-11 14:12:16.233808',_binary '\0',3,'2025-06-11 14:12:16.233808','f3e0c3ec-13fe-416d-8edd-2e1b12139a73'),('eacdb31d-646f-4d54-9230-cbcf27fdeb73','a) Bubble Sort','2025-06-11 14:11:02.399203',_binary '\0',1,'2025-06-11 14:11:02.399203','9d487821-9a0d-4c9f-88f7-ef894a21faf0'),('ead050fe-16fd-4a30-bfe4-949495700666','d) Ruby on Rails','2025-06-11 13:42:22.517621',_binary '\0',4,'2025-06-11 13:42:22.517621','53fc80fb-872d-4490-b127-0fd11af88d88'),('ebca0c16-69cc-4e93-8418-1c9a9831057f','A. Tốn nhiều chi phí khởi tạo','2025-06-11 14:25:15.500849',_binary '\0',1,'2025-06-11 14:25:15.500849','d9977665-0a83-489b-8fc9-bfcfa2d6d587'),('ec2fdb44-84a5-441b-b537-811886801e68','d) Hey, just call me [Your name]!','2025-06-11 14:15:06.562784',_binary '\0',4,'2025-06-11 14:15:06.562784','4b276ffd-9220-4ded-a58c-0352047b2a3a'),('ec55a58e-b224-49a1-838e-9704023bb080','D. O(n²)','2025-06-10 18:05:08.654305',_binary '\0',4,'2025-06-10 18:05:08.654305','e6bfeb07-9285-4334-b720-852b3bfb5201'),('eca7912f-7381-4bca-8478-24b6fb1a10cf','d) Diện tích dưới đường cong bằng 0','2025-06-11 13:48:22.758615',_binary '\0',4,'2025-06-11 13:48:22.758615','86d344d4-237b-46f7-a4d9-472e218f5de5'),('ed92cc6d-5a29-42b1-b18a-40287e24861d','b) P(B) = Σ P(B|Aᵢ) * P(Aᵢ)','2025-06-11 13:57:08.649394',_binary '\0',2,'2025-06-11 13:57:08.649394','a3b456ff-7910-4a4b-b7cd-c809d06347fe'),('edecdc1b-4155-4f3e-99f4-1e847298b236','D. AWS Management Console','2025-06-11 14:30:05.652307',_binary '',4,'2025-06-11 14:30:05.652307','0e4906cc-eee2-45e6-8e26-3a922000040c'),('ee04f737-5a65-4b8f-a69f-bef7a8184b00','D. Tổng riêng phần tiến về vô cực','2025-06-11 16:40:55.707071',_binary '\0',4,'2025-06-11 16:40:55.707071','834767ac-795e-4c80-a855-3a25bcd14b33'),('eea5d702-7c1a-419d-92bf-4336f2941b52','False','2025-06-11 17:04:22.898474',_binary '\0',2,'2025-06-11 17:04:22.898474','e438f8de-9704-49b5-86a4-e0a4e80b90a5'),('ef184905-db09-4904-82aa-517871f5214e','A. Instant','2025-06-11 16:04:52.166138',_binary '\0',1,'2025-06-11 16:04:52.166138','f4412839-eb81-4a6c-96d4-25e5c0ca0a7f'),('f0e3bcaa-78af-4cf7-b952-86fc29cc6d92','Student handwriting','2025-06-11 17:04:27.947640',_binary '\0',3,'2025-06-11 17:04:27.947640','640843d0-47a9-4673-9da0-5a008ea426a2'),('f0fe8e87-2177-4b88-adef-ec21934f932f','C. Web-based','2025-06-11 16:01:57.882797',_binary '',3,'2025-06-11 16:01:57.882797','e3878f2c-8f98-4ba0-9841-c2de5d3eb947'),('f12d5000-39b3-4d26-a544-bcc77af2d377','a) So sánh và hoán đổi với tất cả các phần tử','2025-06-11 14:11:27.924548',_binary '\0',1,'2025-06-11 14:11:27.924548','8dada144-6906-457b-8249-97bb056b76c1'),('f1441dbc-88f1-4587-87a7-d47a905bbe89','D. Tích của các xác suất phải bằng 1','2025-06-11 14:36:43.124399',_binary '\0',4,'2025-06-11 14:36:43.124399','5899d212-8d29-49b4-abcd-a7aaea7b752c'),('f2168c1d-1a3a-4e58-b4a5-ca530048d1e3','a) Mã hóa bất đối xứng','2025-06-11 13:25:59.158267',_binary '\0',1,'2025-06-11 13:25:59.158267','81088bb9-e1b4-47f5-b232-d30c471bb4c4'),('f247caca-9ec9-4786-943a-d9adca8219a8','c) Hey, you two should totally hang out!','2025-06-11 14:15:58.312461',_binary '\0',3,'2025-06-11 14:15:58.312461','af1b6e61-d7e3-41cf-a2b3-c037173a5c32'),('f249bc14-9350-4b82-8beb-d6be5882e09d','C. Chèn và xóa phần tử dễ dàng hơn','2025-06-10 18:06:45.712627',_binary '',3,'2025-06-10 18:06:45.712627','315e6acd-a264-41bc-bdc6-60908e631283'),('f262960d-8b89-4ad0-9a22-58ebb91157a9','c) pip','2025-06-11 13:59:47.690809',_binary '\0',3,'2025-06-11 13:59:47.690809','9464ef10-7b8f-4e7c-82d9-b6a49de1dc7a'),('f2fa26e9-5ded-4009-9171-0a2823686405','B. 1','2025-06-11 16:37:13.294088',_binary '\0',2,'2025-06-11 16:37:13.294088','ebb42b90-fd72-4820-b191-1c8b3fcf685e'),('f44e6ada-b3fd-4da2-b09a-b6893a1fcd95','B. Microsoft Azure VM','2025-06-11 14:26:04.581005',_binary '\0',2,'2025-06-11 14:26:04.581005','09bf90ad-0077-4da5-8b3b-3b50dcea7db6'),('f46fc2d1-e444-44b2-8dcb-8f667c96c068','D. Dữ liệu, con trỏ tới node trước và node sau','2025-06-10 18:06:03.486067',_binary '\0',4,'2025-06-10 18:06:03.486067','3d72a98a-a0a5-4236-8345-e1ec9d5b0771'),('f5ba72e3-a86a-449d-ab24-b838faeb086a','Giảm tốc độ xử lý của mạng','2025-06-11 13:38:39.701587',_binary '\0',3,'2025-06-11 13:38:39.701587','0ba90a96-a393-4f59-ba0b-4474d8acce50'),('f7046d79-659a-47af-aeed-3550a6c2ac73','B. df.first(5)','2025-06-11 14:22:37.228135',_binary '\0',2,'2025-06-11 14:22:37.228135','913a7d96-416f-4ebd-a4cd-8e5f9b6f6f82'),('f711562d-fbae-4dd7-8f04-91e0a262e495','B. repeat','2025-06-11 14:34:14.877331',_binary '\0',2,'2025-06-11 14:34:14.877331','77cef532-1f86-45cb-ba36-ec522cec7457'),('f7475fb9-2f55-47da-a461-d439a852d976','A. int x = 5','2025-06-11 14:32:48.135894',_binary '\0',1,'2025-06-11 14:32:48.135894','821ed5e2-2efe-4f98-93a9-21ffedb0e288'),('f770bbc9-92b9-4389-9738-349bbfd2c8e1','b) Aesthetics (Thẩm mỹ)','2025-06-11 13:34:37.444283',_binary '\0',2,'2025-06-11 13:34:37.444283','5b0ef024-bd10-4770-b182-6c752a129db3'),('f77e1df1-cb8c-4441-8783-dbc19edb01fc','B. Ctrl + C','2025-06-11 17:24:52.296440',_binary '',2,'2025-06-11 17:24:52.296440','fcf5b23a-6626-4eb0-8cc8-ca421ca050cf'),('f8ab099b-da8d-4e75-aa75-db432af2d72f','B. AWS Studio','2025-06-11 14:30:05.652307',_binary '\0',2,'2025-06-11 14:30:05.652307','0e4906cc-eee2-45e6-8e26-3a922000040c'),('f93f12e2-6dd2-498e-a86f-555d735f3b0c','d) Chèn phần tử vào vị trí đúng','2025-06-11 14:11:53.263889',_binary '\0',4,'2025-06-11 14:11:53.263889','5d516b69-8a8e-4056-89b3-8198bd81193b'),('f955d5e0-4dbb-488b-9d5d-449e44c97db5','A. AWS Commander','2025-06-11 14:30:05.652307',_binary '\0',1,'2025-06-11 14:30:05.652307','0e4906cc-eee2-45e6-8e26-3a922000040c'),('f965d229-d158-45b1-9c57-60bedac25531','C. print(\"Hello, world!\")','2025-06-11 14:32:14.671970',_binary '',3,'2025-06-11 14:32:14.671970','8392e900-3e8b-4d34-addd-41b492e29446'),('fa32339f-62f9-459d-b3cd-2fe3de132052','C. composer','2025-06-11 17:18:14.257168',_binary '\0',3,'2025-06-11 17:18:14.257168','6cc2dac0-6d83-4dc0-a564-da4c24b7f31b'),('fb2c4d91-0849-4d0b-a6f7-5cdf35c7f096','B. Số người đến lớp học','2025-06-11 14:38:57.713698',_binary '',2,'2025-06-11 14:38:57.713698','ffbffe0b-f427-41fa-8151-ccc9a5d7c8b4'),('fb5a0ceb-af8b-48aa-a925-862192413341','B. Cấu hình VPN thủ công','2025-06-11 14:28:56.138336',_binary '\0',2,'2025-06-11 14:28:56.138336','6609a5cc-8753-4ba2-b0fc-57325574c8b7'),('fbf46731-a003-46e5-925b-54efcdeef250','b) Không âm và tăng đơn điệu','2025-06-11 13:47:26.914077',_binary '',2,'2025-06-11 13:47:26.914077','4a319a3b-d9dc-43f6-a39f-c55c4703321b'),('fcdaa372-7ff2-4137-b266-b38dfed1f875','b) Hello, my name is [Your name], and I’m pleased to meet you.','2025-06-11 14:15:06.562784',_binary '',2,'2025-06-11 14:15:06.562784','4b276ffd-9220-4ded-a58c-0352047b2a3a'),('fd53c585-d79f-412c-84e1-ed49724716b5','A. Stack','2025-06-11 14:42:31.948127',_binary '',1,'2025-06-11 14:42:31.948127','59fae233-2b4b-4379-8a91-3447f319fdd6'),('fddf69e2-bcc0-4ea9-b8e0-afcf94dd38d2','a) Xử lý logic nghiệp vụ','2025-06-11 13:43:24.582516',_binary '\0',1,'2025-06-11 13:43:24.582516','5381a40c-d18f-4db9-bd73-efb6514a7c4d'),('fec5d184-1cba-49c2-81f4-da41b43f5e3f','c) Thay đổi dữ liệu trong cơ sở dữ liệu','2025-06-11 13:36:19.047446',_binary '\0',3,'2025-06-11 13:36:19.047446','ff0cfe08-8c29-4ce6-b421-82512a2eec32'),('fee6a9d2-c3c6-4261-b465-74c2093136cc','A. Biến độc lập','2025-06-11 16:44:18.397037',_binary '\0',1,'2025-06-11 16:44:18.397037','19f60b63-713c-4bb4-aef6-07ed885c7cbf'),('ff9c3bff-e2f4-4b7b-a25e-0e07e2793b8a','B. nodejs.org','2025-06-11 17:21:33.602109',_binary '',2,'2025-06-11 17:21:33.602109','1fc008e7-28d0-4012-a248-a278346af557');
/*!40000 ALTER TABLE `quiz_answer` ENABLE KEYS */;
UNLOCK TABLES;

--
-- Table structure for table `quiz_attempt`
--

DROP TABLE IF EXISTS `quiz_attempt`;
/*!40101 SET @saved_cs_client     = @@character_set_client */;
/*!50503 SET character_set_client = utf8mb4 */;
CREATE TABLE `quiz_attempt` (
  `id` varchar(255) NOT NULL,
  `attempt_number` int DEFAULT NULL,
  `completed_at` datetime(6) DEFAULT NULL,
  `correct_answers` int DEFAULT NULL,
  `incorrect_answers` int DEFAULT NULL,
  `is_passed` bit(1) DEFAULT NULL,
  `percentage` double DEFAULT NULL,
  `score` double DEFAULT NULL,
  `started_at` datetime(6) DEFAULT NULL,
  `status` enum('IN_PROGRESS','COMPLETED','ABANDONED','EXPIRED') DEFAULT NULL,
  `submitted_at` datetime(6) DEFAULT NULL,
  `total_questions` int DEFAULT NULL,
  `unanswered_questions` int DEFAULT NULL,
  `quiz_id` varchar(255) NOT NULL,
  `student_id` varchar(255) NOT NULL,
  `enrollment_id` varchar(255) DEFAULT NULL,
  PRIMARY KEY (`id`),
  KEY `FK8l6wmgul0rgeha0lp6abrp5fa` (`quiz_id`),
  KEY `FK194kea5wb63isv082v8wthsug` (`student_id`),
  KEY `FK1mfvh50tb8kir4uvilp6btaaw` (`enrollment_id`),
  CONSTRAINT `FK194kea5wb63isv082v8wthsug` FOREIGN KEY (`student_id`) REFERENCES `user` (`id`),
  CONSTRAINT `FK1mfvh50tb8kir4uvilp6btaaw` FOREIGN KEY (`enrollment_id`) REFERENCES `enrollment` (`id`),
  CONSTRAINT `FK8l6wmgul0rgeha0lp6abrp5fa` FOREIGN KEY (`quiz_id`) REFERENCES `quiz` (`id`)
) ENGINE=InnoDB DEFAULT CHARSET=utf8mb4 COLLATE=utf8mb4_0900_ai_ci;
/*!40101 SET character_set_client = @saved_cs_client */;

--
-- Dumping data for table `quiz_attempt`
--

LOCK TABLES `quiz_attempt` WRITE;
/*!40000 ALTER TABLE `quiz_attempt` DISABLE KEYS */;
INSERT INTO `quiz_attempt` VALUES ('0376d5de-5d3a-484a-bc1e-def59d8ef154',1,'2025-06-09 14:16:27.515498',0,1,_binary '\0',0,0,'2025-06-09 14:16:23.356287','COMPLETED','2025-06-09 14:16:27.515498',1,0,'31e25756-4c6f-41f5-95ed-17db6029c1c2','861e7675-7b3b-424e-a48e-c0fabe65e536','2d0d5eed-743a-453d-a87e-b849a24f3735'),('03b5cb50-3381-43e5-8bbc-a77a3911a8fb',1,'2025-06-09 05:47:37.953409',3,1,_binary '',78.26086956521739,18,'2025-06-09 05:47:25.979737','COMPLETED','2025-06-09 05:47:37.953409',4,0,'e4c2af2d-9fa4-49aa-996e-7e2f229d2a26','861e7675-7b3b-424e-a48e-c0fabe65e536','f4dc2d50-1095-457a-941c-da30a67a043a'),('0fbf54a2-48c5-41bd-81b4-d3604d864eb9',1,'2025-06-11 01:11:42.148309',3,0,_binary '',100,9,'2025-06-11 01:11:13.926484','COMPLETED','2025-06-11 01:11:42.148309',3,0,'dc9ff35f-ffab-49ea-8246-aed9beae0a97','ed05803c-8678-4b49-a571-2e376209a3dd','c80d884e-8850-4d1b-b136-d702e3b6f806'),('4086fe71-8d37-4805-92c6-0c9e5729e894',1,'2025-06-11 19:07:36.698055',4,1,_binary '',80,20,'2025-06-11 19:07:03.519933','COMPLETED','2025-06-11 19:07:36.698055',5,0,'8384e4d9-011b-4300-8d5e-608553125c2d','6f82af95-272e-409f-a096-182ea320647d','6a2ff759-ee76-462a-a365-c3d2e41a421a'),('41ccae71-abbd-49d9-a97c-2cab6daf157c',2,'2025-06-11 18:35:17.008803',0,5,_binary '\0',0,0,'2025-06-11 18:35:08.222931','COMPLETED','2025-06-11 18:35:17.008803',5,0,'c964c716-b008-459e-8519-de2578f824cd','7e76fdd0-7d9a-4a9b-81fc-17d0f3315b83','1f553cdf-d9c8-4f47-8627-933ca3fd0b20'),('4b9eae7d-cc7e-47c4-a27c-70a72a65948f',3,'2025-06-11 01:50:13.597386',0,1,_binary '\0',0,0,'2025-06-11 01:49:55.509162','COMPLETED','2025-06-11 01:50:13.597386',1,0,'31e25756-4c6f-41f5-95ed-17db6029c1c2','861e7675-7b3b-424e-a48e-c0fabe65e536','2d0d5eed-743a-453d-a87e-b849a24f3735'),('4f7a3a90-c8fb-4344-8d5b-417ea8cc3516',1,'2025-06-09 05:47:19.864308',1,0,_binary '',100,5,'2025-06-09 05:47:16.460907','COMPLETED','2025-06-09 05:47:19.864308',1,0,'c964c716-b008-459e-8519-de2578f824cd','861e7675-7b3b-424e-a48e-c0fabe65e536','f4dc2d50-1095-457a-941c-da30a67a043a'),('53d37a18-1fc5-4c88-9d92-67ddc8fc3341',1,'2025-06-09 22:30:02.931466',1,0,_binary '',100,5,'2025-06-09 22:29:56.938960','COMPLETED','2025-06-09 22:30:02.931466',1,0,'c964c716-b008-459e-8519-de2578f824cd','8f3f73ed-3024-4778-ae89-5a1955bd9209','47ad4b1c-df1a-411b-98b9-b3beeeffd14b'),('575b3787-4d24-4074-9789-ac5cb6bae686',1,'2025-06-11 18:39:03.338195',5,0,_binary '',100,25,'2025-06-11 18:38:52.034155','COMPLETED','2025-06-11 18:39:03.338195',5,0,'0f02d640-3f51-47b8-8fdc-7d670b0468d1','861e7675-7b3b-424e-a48e-c0fabe65e536','2dcb0741-d98a-4972-b774-954ae01c8e3f'),('59ddcaa7-68de-4da8-8caf-335692a2b15d',1,'2025-06-11 19:10:43.117896',5,0,_binary '',100,25,'2025-06-11 19:10:31.707971','COMPLETED','2025-06-11 19:10:43.117896',5,0,'0df2c2d7-8824-4c07-bdf2-bfb02144a2e6','7897a479-6c87-4fdd-8bac-25a129b4fd8f','68c07d6f-17c3-4d4b-97a3-2da20207ac75'),('5a548c95-5d92-4495-844c-f258e16efb58',3,'2025-06-09 17:28:50.922860',1,0,_binary '',100,5,'2025-06-09 17:28:48.308522','COMPLETED','2025-06-09 17:28:50.922860',1,0,'31e25756-4c6f-41f5-95ed-17db6029c1c2','861e7675-7b3b-424e-a48e-c0fabe65e536','310afedc-701c-4da0-a3fc-506764665ce5'),('6c3c83bb-f0ee-441b-b1e2-a6fe5be17c89',1,'2025-06-09 17:24:01.894886',0,1,_binary '\0',0,0,'2025-06-09 17:23:56.480547','COMPLETED','2025-06-09 17:24:01.894886',1,0,'31e25756-4c6f-41f5-95ed-17db6029c1c2','861e7675-7b3b-424e-a48e-c0fabe65e536','310afedc-701c-4da0-a3fc-506764665ce5'),('71819cb1-0d76-482c-b329-b01c8d063586',1,'2025-06-09 22:30:30.405392',1,0,_binary '\0',26.08695652173913,6,'2025-06-09 22:30:27.156710','COMPLETED','2025-06-09 22:30:30.405392',4,3,'e4c2af2d-9fa4-49aa-996e-7e2f229d2a26','8f3f73ed-3024-4778-ae89-5a1955bd9209','47ad4b1c-df1a-411b-98b9-b3beeeffd14b'),('763891ba-d3e0-46a2-9398-da9cb8290b0a',1,'2025-06-11 18:34:46.865632',4,1,_binary '',100,25,'2025-06-11 18:34:17.755869','COMPLETED','2025-06-11 18:34:46.865632',5,0,'c964c716-b008-459e-8519-de2578f824cd','7e76fdd0-7d9a-4a9b-81fc-17d0f3315b83','1f553cdf-d9c8-4f47-8627-933ca3fd0b20'),('76f9a62d-afde-4a9f-ba37-9f9d64a2ab1f',2,'2025-06-09 22:30:50.767722',4,0,_binary '',100,23,'2025-06-09 22:30:33.042496','COMPLETED','2025-06-09 22:30:50.767722',4,0,'e4c2af2d-9fa4-49aa-996e-7e2f229d2a26','8f3f73ed-3024-4778-ae89-5a1955bd9209','47ad4b1c-df1a-411b-98b9-b3beeeffd14b'),('7fd081be-ce72-452d-9b42-4702ad5a5cd4',1,'2025-06-09 05:48:40.758468',4,0,_binary '',100,23,'2025-06-09 05:48:31.346798','COMPLETED','2025-06-09 05:48:40.758468',4,0,'e4c2af2d-9fa4-49aa-996e-7e2f229d2a26','861e7675-7b3b-424e-a48e-c0fabe65e536','7e3ee233-743c-42bd-aabc-5e34920972e5'),('81c54756-9bd0-4fe3-973d-89a165df1c66',3,'2025-06-11 18:40:27.715777',3,2,_binary '',60,15,'2025-06-11 18:40:00.785534','COMPLETED','2025-06-11 18:40:27.715777',5,0,'c425f0b3-1760-4ed8-83b3-a7b090837d66','861e7675-7b3b-424e-a48e-c0fabe65e536','2dcb0741-d98a-4972-b774-954ae01c8e3f'),('8bfd6207-71ae-4331-8f77-68ba17c96798',1,'2025-06-11 19:06:35.162898',4,1,_binary '',100,25,'2025-06-11 19:06:15.011827','COMPLETED','2025-06-11 19:06:35.162898',5,0,'0df2c2d7-8824-4c07-bdf2-bfb02144a2e6','6f82af95-272e-409f-a096-182ea320647d','6a2ff759-ee76-462a-a365-c3d2e41a421a'),('8eefb808-85dc-42ab-98bb-e6374cfb3bd4',1,'2025-06-11 01:53:57.920229',0,1,_binary '\0',55.55555555555556,5,'2025-06-11 01:53:42.559411','COMPLETED','2025-06-11 01:53:57.920229',3,2,'dc9ff35f-ffab-49ea-8246-aed9beae0a97','861e7675-7b3b-424e-a48e-c0fabe65e536','67c976fb-fe0a-48fc-8431-d826a6c698f3'),('91ac3567-6e85-401c-aa90-d0c117b5a388',1,'2025-06-11 17:42:37.069890',5,0,_binary '',100,25,'2025-06-11 17:42:14.359238','COMPLETED','2025-06-11 17:42:37.069890',5,0,'0f02d640-3f51-47b8-8fdc-7d670b0468d1','3a4a69f9-d7d4-4cf8-8426-f03b726b11ee','0d552d6a-125d-4ce9-81f7-37115dff63ed'),('9ccf7b9a-774f-499a-a37f-3310828b7ed5',1,'2025-06-11 17:43:36.503208',3,2,_binary '',60,15,'2025-06-11 17:42:58.380974','COMPLETED','2025-06-11 17:43:36.503208',5,0,'c425f0b3-1760-4ed8-83b3-a7b090837d66','3a4a69f9-d7d4-4cf8-8426-f03b726b11ee','0d552d6a-125d-4ce9-81f7-37115dff63ed'),('9e7cfb33-bd85-4d91-b62f-736e0c67ca62',1,'2025-06-11 19:11:09.471358',3,2,_binary '',60,15,'2025-06-11 19:10:55.851707','COMPLETED','2025-06-11 19:11:09.471358',5,0,'8384e4d9-011b-4300-8d5e-608553125c2d','7897a479-6c87-4fdd-8bac-25a129b4fd8f','68c07d6f-17c3-4d4b-97a3-2da20207ac75'),('a8aa09bd-4a64-4bfe-a7b7-fd680c6d6b98',2,'2025-06-09 14:16:34.884327',1,0,_binary '',100,5,'2025-06-09 14:16:31.933284','COMPLETED','2025-06-09 14:16:34.884327',1,0,'31e25756-4c6f-41f5-95ed-17db6029c1c2','861e7675-7b3b-424e-a48e-c0fabe65e536','2d0d5eed-743a-453d-a87e-b849a24f3735'),('aa1df86e-c9f2-4ccf-abfe-20e223a1af5f',3,'2025-06-09 22:32:14.673767',1,0,_binary '\0',30.434782608695656,7,'2025-06-09 22:31:16.801211','COMPLETED','2025-06-09 22:32:14.673767',4,3,'e4c2af2d-9fa4-49aa-996e-7e2f229d2a26','8f3f73ed-3024-4778-ae89-5a1955bd9209','47ad4b1c-df1a-411b-98b9-b3beeeffd14b'),('ac92f513-ba8a-42dd-808e-7033d7574bf5',1,'2025-06-11 17:47:11.885985',4,1,_binary '',100,25,'2025-06-11 17:46:53.109069','COMPLETED','2025-06-11 17:47:11.885985',5,0,'13f586af-b668-4c44-abe6-53491ee2485b','3a4a69f9-d7d4-4cf8-8426-f03b726b11ee','af098eb7-2abb-4696-a022-c9045bf86c37'),('afb36975-e022-492d-ad99-7144b1f6db86',1,'2025-06-09 05:48:51.849720',1,0,_binary '',100,5,'2025-06-09 05:48:48.388390','COMPLETED','2025-06-09 05:48:51.849720',1,0,'c964c716-b008-459e-8519-de2578f824cd','861e7675-7b3b-424e-a48e-c0fabe65e536','7e3ee233-743c-42bd-aabc-5e34920972e5'),('d444bc94-00b0-4785-84a5-f6e3fee995df',1,'2025-06-11 18:39:32.829920',1,4,_binary '\0',20,5,'2025-06-11 18:39:22.064553','COMPLETED','2025-06-11 18:39:32.829920',5,0,'c425f0b3-1760-4ed8-83b3-a7b090837d66','861e7675-7b3b-424e-a48e-c0fabe65e536','2dcb0741-d98a-4972-b774-954ae01c8e3f'),('d6669e2d-26ac-4d69-9bfc-37eb4fd93427',1,'2025-06-11 17:46:20.601533',5,0,_binary '',100,25,'2025-06-11 17:46:03.609008','COMPLETED','2025-06-11 17:46:20.601533',5,0,'31e25756-4c6f-41f5-95ed-17db6029c1c2','3a4a69f9-d7d4-4cf8-8426-f03b726b11ee','af098eb7-2abb-4696-a022-c9045bf86c37'),('dbd2f2df-048c-4cf2-9b8a-4b9e84fc628a',2,'2025-06-11 18:39:57.960285',2,3,_binary '\0',40,10,'2025-06-11 18:39:38.646870','COMPLETED','2025-06-11 18:39:57.960285',5,0,'c425f0b3-1760-4ed8-83b3-a7b090837d66','861e7675-7b3b-424e-a48e-c0fabe65e536','2dcb0741-d98a-4972-b774-954ae01c8e3f'),('e41b9aa9-750a-42e8-a88d-d61b011d448d',2,'2025-06-09 17:24:06.195181',1,0,_binary '',100,5,'2025-06-09 17:24:03.980728','COMPLETED','2025-06-09 17:24:06.195181',1,0,'31e25756-4c6f-41f5-95ed-17db6029c1c2','861e7675-7b3b-424e-a48e-c0fabe65e536','310afedc-701c-4da0-a3fc-506764665ce5');
/*!40000 ALTER TABLE `quiz_attempt` ENABLE KEYS */;
UNLOCK TABLES;

--
-- Table structure for table `quiz_attempt_answer`
--

DROP TABLE IF EXISTS `quiz_attempt_answer`;
/*!40101 SET @saved_cs_client     = @@character_set_client */;
/*!50503 SET character_set_client = utf8mb4 */;
CREATE TABLE `quiz_attempt_answer` (
  `id` varchar(255) NOT NULL,
  `answered_at` datetime(6) DEFAULT NULL,
  `is_correct` bit(1) DEFAULT NULL,
  `points_earned` double DEFAULT NULL,
  `attempt_id` varchar(255) NOT NULL,
  `question_id` varchar(255) NOT NULL,
  `selected_answer_id` varchar(255) DEFAULT NULL,
  PRIMARY KEY (`id`),
  KEY `FKq3nrkyywe5ou7bsoqdevy1jt9` (`attempt_id`),
  KEY `FK2k5wh70eushis179y4h8htut1` (`question_id`),
  KEY `FK5giowl6kfgl1a7a2koutc6s8q` (`selected_answer_id`),
  CONSTRAINT `FK2k5wh70eushis179y4h8htut1` FOREIGN KEY (`question_id`) REFERENCES `quiz_question` (`id`),
  CONSTRAINT `FK5giowl6kfgl1a7a2koutc6s8q` FOREIGN KEY (`selected_answer_id`) REFERENCES `quiz_answer` (`id`),
  CONSTRAINT `FKq3nrkyywe5ou7bsoqdevy1jt9` FOREIGN KEY (`attempt_id`) REFERENCES `quiz_attempt` (`id`)
) ENGINE=InnoDB DEFAULT CHARSET=utf8mb4 COLLATE=utf8mb4_0900_ai_ci;
/*!40101 SET character_set_client = @saved_cs_client */;

--
-- Dumping data for table `quiz_attempt_answer`
--

LOCK TABLES `quiz_attempt_answer` WRITE;
/*!40000 ALTER TABLE `quiz_attempt_answer` DISABLE KEYS */;
INSERT INTO `quiz_attempt_answer` VALUES ('00c96d19-36c2-4779-9a51-28f54a3e00da','2025-06-11 17:47:05.841390',_binary '',5,'ac92f513-ba8a-42dd-808e-7033d7574bf5','7feb4bb2-daca-430e-a1be-c4db069c8b5c','772e7617-eb09-4d51-a0dd-96b5ef5bacc7'),('01fa90a8-9b42-4900-a0a5-ce776d3dbeed','2025-06-11 19:07:10.538526',_binary '',5,'4086fe71-8d37-4805-92c6-0c9e5729e894','f4412839-eb81-4a6c-96d4-25e5c0ca0a7f','79588c68-5632-4a34-aa06-e8e2b4640b48'),('16f9b0cc-e184-49fc-ad69-64ed4266dc52','2025-06-11 18:39:30.888524',_binary '\0',0,'d444bc94-00b0-4785-84a5-f6e3fee995df','096a327f-b449-41dc-ba6e-705cbb131bee','c6bed162-4c79-4869-8778-fa2e06083d32'),('1869595e-0c21-4215-9870-a08dfa2d4692','2025-06-11 19:10:33.658285',_binary '',5,'59ddcaa7-68de-4da8-8caf-335692a2b15d','3d6feaa0-6f79-4af6-8134-bd6aa4ae86f5','79f10321-4e82-4124-b18c-74b48366fe75'),('1c28603a-2e9e-44ca-b93d-969c220ced2d','2025-06-11 18:34:45.869751',_binary '',5,'763891ba-d3e0-46a2-9398-da9cb8290b0a','ddf02b5d-bff5-4014-b583-0551266f1eeb','a730c1c5-c929-43f6-affd-7e5a907c4d21'),('2345d1f7-f381-4ca6-87fc-c899916861d0','2025-06-11 19:10:59.591048',_binary '',5,'9e7cfb33-bd85-4d91-b62f-736e0c67ca62','f4412839-eb81-4a6c-96d4-25e5c0ca0a7f','79588c68-5632-4a34-aa06-e8e2b4640b48'),('23b05698-ac73-49b1-8338-5f8cf879d44d','2025-06-11 18:35:13.705787',_binary '\0',0,'41ccae71-abbd-49d9-a97c-2cab6daf157c','39853535-8a70-4a7c-96bc-dc0ba3ac8abb','367bfb7a-f942-4938-b5e2-d818c5e7a541'),('23c012bd-81d4-4350-93fe-d52c25649f50','2025-06-11 18:39:24.817690',_binary '\0',0,'d444bc94-00b0-4785-84a5-f6e3fee995df','78aa6acd-4221-4071-a014-762493f00936','d0cf8afb-f10c-4565-b4ac-ed1016dca507'),('26fdcb90-fceb-454d-85f2-800ff196ad81','2025-06-11 17:42:32.197957',_binary '',5,'91ac3567-6e85-401c-aa90-d0c117b5a388','595066f7-2c18-4a25-9682-add2dcde173a','406ea71b-ce5c-4907-887d-a60feb8e0c69'),('2d95a821-0f06-4e73-a35a-db5206402f36','2025-06-11 18:40:26.644446',_binary '',5,'81c54756-9bd0-4fe3-973d-89a165df1c66','8d88fd3f-6d4b-4615-9ae0-3eeeb04f6f00','89205eef-a4dc-4a57-86ad-a02c3501ed01'),('2df43dc5-ef2b-4d1f-a1c3-d4de3a0a1f8e','2025-06-11 17:47:01.723033',_binary '',5,'ac92f513-ba8a-42dd-808e-7033d7574bf5','ee5af5f3-3741-42df-8103-9f39a2f51471','87244f0d-606d-4dea-ad28-2ba07d555bf6'),('30becee8-e26d-408b-b5e8-2407d5bdfe75','2025-06-11 18:34:30.143754',_binary '',5,'763891ba-d3e0-46a2-9398-da9cb8290b0a','39853535-8a70-4a7c-96bc-dc0ba3ac8abb','44de5dc4-4539-441e-83ea-fa5ecdf9e288'),('3131745e-a100-4655-a8e5-a38c41bfe6a2','2025-06-11 18:39:29.614942',_binary '\0',0,'d444bc94-00b0-4785-84a5-f6e3fee995df','432c687c-3274-4f2c-beba-52158b8f11d1','daaab16e-478e-4447-aef0-c83328c29514'),('3176a689-8354-4eb7-be0a-16864ddc4d3d','2025-06-11 18:39:40.747910',_binary '\0',0,'dbd2f2df-048c-4cf2-9b8a-4b9e84fc628a','78aa6acd-4221-4071-a014-762493f00936','d0cf8afb-f10c-4565-b4ac-ed1016dca507'),('39dc8cee-0d28-4fe4-adb6-d35ad58bac49',NULL,_binary '\0',0,'8eefb808-85dc-42ab-98bb-e6374cfb3bd4','3d72a98a-a0a5-4236-8345-e1ec9d5b0771',NULL),('3be465bf-df56-4dcc-ba7a-4c2ad36b2129','2025-06-11 17:43:21.690840',_binary '',5,'9ccf7b9a-774f-499a-a37f-3310828b7ed5','432c687c-3274-4f2c-beba-52158b8f11d1','04fdd6b9-75d1-4e4e-a826-e81a28caaa09'),('4096f7a3-0296-42f1-8529-7f1463ae84e1','2025-06-11 01:11:41.250986',_binary '',2,'0fbf54a2-48c5-41bd-81b4-d3604d864eb9','3d72a98a-a0a5-4236-8345-e1ec9d5b0771','0b8fd208-7366-4dbd-b6b9-169020673b36'),('424d6c34-3ef9-4e03-bbd3-0ea49c965e99','2025-06-11 17:42:26.174589',_binary '',5,'91ac3567-6e85-401c-aa90-d0c117b5a388','821ed5e2-2efe-4f98-93a9-21ffedb0e288','6d155f29-3f56-4ca3-a735-3b499bc7a2e7'),('4256aaa3-03d0-4cf2-9505-361217d773b5','2025-06-11 18:38:54.355322',_binary '',5,'575b3787-4d24-4074-9789-ac5cb6bae686','77cef532-1f86-45cb-ba36-ec522cec7457','81915fed-895b-48a5-b6b8-beff259dd6ed'),('42da8abe-1e66-47b3-9275-0293b0e145be','2025-06-11 19:06:28.096757',_binary '',5,'8bfd6207-71ae-4331-8f77-68ba17c96798','3aa086a0-45b1-41fd-9aa6-ad857b50041c','087ba3ff-df71-4699-9130-b7fd16170b68'),('4834d1ce-5909-4d12-889f-ea1baf594d4f','2025-06-11 17:43:24.860130',_binary '',5,'9ccf7b9a-774f-499a-a37f-3310828b7ed5','8d88fd3f-6d4b-4615-9ae0-3eeeb04f6f00','89205eef-a4dc-4a57-86ad-a02c3501ed01'),('4c778e16-e5ee-47e5-becc-720fdc216702','2025-06-11 17:46:55.642384',_binary '',5,'ac92f513-ba8a-42dd-808e-7033d7574bf5','2fc9145c-9831-48f7-9714-90b7f36cc2f8','1fac4502-a608-46e7-9974-5ea6e32b00ac'),('4e15bc7b-e371-4722-b567-1b2ad1f27e5c','2025-06-11 17:46:58.923511',_binary '',5,'ac92f513-ba8a-42dd-808e-7033d7574bf5','ac218a45-a4bd-41ff-80f9-039b0ca01f6d','1ee86cab-f8c8-48c9-8929-f47e0eca59df'),('50eb3264-3de4-4d9f-9cc3-65a32182295d','2025-06-11 17:47:09.957314',_binary '',5,'ac92f513-ba8a-42dd-808e-7033d7574bf5','1fe977a9-b2b2-4d95-80f4-05ca1d7e7876','dc11b2c3-71b6-467e-92d9-2fe3a2f3a750'),('53da3869-a30d-48e4-b6f5-0ee8869e8747','2025-06-11 18:38:56.411841',_binary '',5,'575b3787-4d24-4074-9789-ac5cb6bae686','821ed5e2-2efe-4f98-93a9-21ffedb0e288','6d155f29-3f56-4ca3-a735-3b499bc7a2e7'),('552d8814-6425-4bb2-903b-fd5ef0e171ee','2025-06-11 18:35:14.810166',_binary '\0',0,'41ccae71-abbd-49d9-a97c-2cab6daf157c','81088bb9-e1b4-47f5-b232-d30c471bb4c4','f2168c1d-1a3a-4e58-b4a5-ca530048d1e3'),('5e739391-1b76-4c0c-94c9-f3a1a4634a2c','2025-06-11 18:40:12.415024',_binary '\0',0,'81c54756-9bd0-4fe3-973d-89a165df1c66','913a7d96-416f-4ebd-a4cd-8e5f9b6f6f82','f7046d79-659a-47af-aeed-3550a6c2ac73'),('613ac0dc-8362-4160-b04a-019064cc71dd','2025-06-11 18:40:07.184888',_binary '',5,'81c54756-9bd0-4fe3-973d-89a165df1c66','096a327f-b449-41dc-ba6e-705cbb131bee','9a60b8b2-8a80-49f9-9b6a-23c0d277a206'),('6157a703-2ac4-4624-84d6-b459aaa843c8','2025-06-11 19:10:36.697395',_binary '',5,'59ddcaa7-68de-4da8-8caf-335692a2b15d','3aa086a0-45b1-41fd-9aa6-ad857b50041c','087ba3ff-df71-4699-9130-b7fd16170b68'),('64ef9573-a1dc-4082-894e-f72217b9d344','2025-06-11 19:11:01.266731',_binary '\0',0,'9e7cfb33-bd85-4d91-b62f-736e0c67ca62','c918780b-4d46-486a-a6e2-bcbd4620a58a','ab2596b3-bb30-408d-a048-f062c5707dc2'),('65cbde42-a8df-4bc5-9660-484e565a8483','2025-06-11 18:39:49.884318',_binary '',5,'dbd2f2df-048c-4cf2-9b8a-4b9e84fc628a','096a327f-b449-41dc-ba6e-705cbb131bee','9a60b8b2-8a80-49f9-9b6a-23c0d277a206'),('66c03cc7-59db-4f73-bfb8-b48cd36974bd','2025-06-11 01:11:31.128592',_binary '',2,'0fbf54a2-48c5-41bd-81b4-d3604d864eb9','e6bfeb07-9285-4334-b720-852b3bfb5201','3b857e8e-ba42-4a2e-8c22-b719ccba6d5f'),('67615ee7-6f9a-4ffb-8575-b0a2eec4f8eb','2025-06-11 18:40:24.432415',_binary '\0',0,'81c54756-9bd0-4fe3-973d-89a165df1c66','432c687c-3274-4f2c-beba-52158b8f11d1','82346996-526b-41d0-a68c-0059b9b1203e'),('686c9b63-bfba-42b9-93b0-14c6b2e6c7e7','2025-06-11 19:07:25.547901',_binary '\0',0,'4086fe71-8d37-4805-92c6-0c9e5729e894','c918780b-4d46-486a-a6e2-bcbd4620a58a','ab2596b3-bb30-408d-a048-f062c5707dc2'),('722de288-1c9e-4605-8d11-cc2e158a4ebc','2025-06-11 18:39:53.256437',_binary '\0',0,'dbd2f2df-048c-4cf2-9b8a-4b9e84fc628a','432c687c-3274-4f2c-beba-52158b8f11d1','82346996-526b-41d0-a68c-0059b9b1203e'),('7d7ce6f3-ce2b-494f-9b29-b056825efc33','2025-06-11 19:07:35.997079',_binary '',5,'4086fe71-8d37-4805-92c6-0c9e5729e894','829960f5-0404-4024-a0ff-3e5bbcb60f5a','39d331b8-ccc9-4904-a95e-c4afcb165e29'),('7e2a25aa-c82c-4446-8492-f15843cce752','2025-06-11 19:10:38.238310',_binary '',5,'59ddcaa7-68de-4da8-8caf-335692a2b15d','db561bf2-693a-4284-99f8-c8c7764fb7f9','6c4c0c86-de24-48e5-92d7-dcd142367164'),('7ec797c7-9d40-4ebc-8487-e71b3d42225b','2025-06-11 18:39:28.035750',_binary '\0',0,'d444bc94-00b0-4785-84a5-f6e3fee995df','913a7d96-416f-4ebd-a4cd-8e5f9b6f6f82','f7046d79-659a-47af-aeed-3550a6c2ac73'),('7fc1b92f-7c34-4f33-b918-783b30a1a2f9','2025-06-11 19:11:06.245920',_binary '',5,'9e7cfb33-bd85-4d91-b62f-736e0c67ca62','2e6711d5-c045-4f52-b891-acb70bb654c0','cb789f5f-fd35-4b9d-a877-e53a5efc24b3'),('87606a8e-4c72-4a33-9b78-40f05371c348','2025-06-11 17:42:28.474310',_binary '',5,'91ac3567-6e85-401c-aa90-d0c117b5a388','77cef532-1f86-45cb-ba36-ec522cec7457','81915fed-895b-48a5-b6b8-beff259dd6ed'),('877b1a7b-ff34-41d9-afa1-180cd5ab4577','2025-06-11 17:43:34.354081',_binary '',5,'9ccf7b9a-774f-499a-a37f-3310828b7ed5','096a327f-b449-41dc-ba6e-705cbb131bee','9a60b8b2-8a80-49f9-9b6a-23c0d277a206'),('8e0692bc-c1d0-486e-b0f1-df43f900bf78','2025-06-11 17:46:20.002775',_binary '',5,'d6669e2d-26ac-4d69-9bfc-37eb4fd93427','a95a4e73-151b-4ab6-8563-12cc7552f544','d6a3824c-c8dc-403d-a819-ff48724b43e6'),('977655e7-8af1-4a06-b3a2-54b2075c7a5c','2025-06-11 17:46:09.544034',_binary '',5,'d6669e2d-26ac-4d69-9bfc-37eb4fd93427','36d1d876-97d7-412c-8974-ac5a8e468366','7a73cc52-59d5-4b43-a8a5-c67c206bbcd6'),('9785f906-1753-47f5-aafe-e65bb6702491','2025-06-11 17:42:20.745142',_binary '',5,'91ac3567-6e85-401c-aa90-d0c117b5a388','8392e900-3e8b-4d34-addd-41b492e29446','f965d229-d158-45b1-9c57-60bedac25531'),('9fabd598-1e7a-4d52-b867-46b2e4b66a1a','2025-06-11 19:07:14.535392',_binary '',5,'4086fe71-8d37-4805-92c6-0c9e5729e894','2e6711d5-c045-4f52-b891-acb70bb654c0','cb789f5f-fd35-4b9d-a877-e53a5efc24b3'),('a4180447-0bce-443d-a82b-cc4fc4c981e3','2025-06-11 19:11:08.948699',_binary '',5,'9e7cfb33-bd85-4d91-b62f-736e0c67ca62','829960f5-0404-4024-a0ff-3e5bbcb60f5a','39d331b8-ccc9-4904-a95e-c4afcb165e29'),('a5db33cc-5792-4ca5-a413-661b485a562c','2025-06-11 18:39:32.147317',_binary '',5,'d444bc94-00b0-4785-84a5-f6e3fee995df','8d88fd3f-6d4b-4615-9ae0-3eeeb04f6f00','89205eef-a4dc-4a57-86ad-a02c3501ed01'),('abc612bf-e5fd-4381-91cd-fe96221ea7f4','2025-06-11 17:46:12.819765',_binary '',5,'d6669e2d-26ac-4d69-9bfc-37eb4fd93427','87906360-40de-4007-8efe-5f165e5d4140','af82073b-3612-4f9c-94b4-bf812dee5c53'),('b0b13598-dd4c-4d42-9e8e-9105f44f640f','2025-06-11 17:46:16.270261',_binary '',5,'d6669e2d-26ac-4d69-9bfc-37eb4fd93427','bc86a0f8-98b6-4116-8271-d443c9495579','78c695bd-38a7-42f8-b3c6-58880f45ea89'),('b29684f9-1aac-448e-8a32-20e8d25d7be0','2025-06-11 18:39:57.240976',_binary '',5,'dbd2f2df-048c-4cf2-9b8a-4b9e84fc628a','8d88fd3f-6d4b-4615-9ae0-3eeeb04f6f00','89205eef-a4dc-4a57-86ad-a02c3501ed01'),('b7c4ea47-3066-4e71-ad99-9c0c18991eee','2025-06-11 19:11:04.881743',_binary '\0',0,'9e7cfb33-bd85-4d91-b62f-736e0c67ca62','10d3eee8-0ce6-450e-91eb-981355ba439e','d1b832fd-29ab-4379-adde-d6a1f4e5c264'),('baf83daf-43c7-42f5-b7f9-6e1443514edf','2025-06-11 18:35:12.214733',_binary '\0',0,'41ccae71-abbd-49d9-a97c-2cab6daf157c','93569727-bcbc-449d-af79-89386e1a48d3','84c8cb80-a0b6-44a5-952f-b566ce23b296'),('bbe72347-de8a-419e-8d6b-a71ed0aebead',NULL,_binary '\0',0,'8eefb808-85dc-42ab-98bb-e6374cfb3bd4','e6bfeb07-9285-4334-b720-852b3bfb5201',NULL),('bce300f6-f58e-4fa5-b880-917ac5f2a4cf','2025-06-11 19:07:33.980587',_binary '',5,'4086fe71-8d37-4805-92c6-0c9e5729e894','10d3eee8-0ce6-450e-91eb-981355ba439e','ce559c12-22ef-4628-833d-a8e971a34883'),('be1dde12-d07c-41c7-b26f-60dd02163dcd','2025-06-11 19:06:30.522806',_binary '',5,'8bfd6207-71ae-4331-8f77-68ba17c96798','3d6feaa0-6f79-4af6-8134-bd6aa4ae86f5','79f10321-4e82-4124-b18c-74b48366fe75'),('be82d316-b919-4a36-baac-43050ddbdf3c','2025-06-11 19:06:26.098814',_binary '',5,'8bfd6207-71ae-4331-8f77-68ba17c96798','e058a0aa-a36d-4950-a455-5a37b10bd84e','88f2a393-a202-4762-84bb-6079cf97d521'),('c3bb293f-cc28-4590-896f-75fe5773a19e','2025-06-11 18:35:16.402134',_binary '\0',0,'41ccae71-abbd-49d9-a97c-2cab6daf157c','729006f1-e2ba-469b-a46f-cd96dc082081','b9a21337-eb44-42f4-87ab-d4462b5fa02e'),('c5933332-bbc3-4323-8aea-a1e60b36442e','2025-06-11 18:34:26.170624',_binary '',5,'763891ba-d3e0-46a2-9398-da9cb8290b0a','729006f1-e2ba-469b-a46f-cd96dc082081','3112592c-219b-4137-acfd-9b1af76154f4'),('c8561905-6d0b-4553-aa36-227554b6acbd','2025-06-11 18:38:58.594166',_binary '',5,'575b3787-4d24-4074-9789-ac5cb6bae686','8392e900-3e8b-4d34-addd-41b492e29446','f965d229-d158-45b1-9c57-60bedac25531'),('c8e4d35b-3534-4b8c-98ee-54033128e36c','2025-06-11 18:39:47.659096',_binary '\0',0,'dbd2f2df-048c-4cf2-9b8a-4b9e84fc628a','913a7d96-416f-4ebd-a4cd-8e5f9b6f6f82','f7046d79-659a-47af-aeed-3550a6c2ac73'),('c9046a2b-98d7-41ed-bb97-f00739fe1926','2025-06-11 17:46:06.273679',_binary '',5,'d6669e2d-26ac-4d69-9bfc-37eb4fd93427','5b0ef024-bd10-4770-b182-6c752a129db3','bfbd8cb8-72c3-4ce1-ba5f-e9df1ee7cba8'),('c90e17ae-effb-4319-a10a-7c6cb3f9b46d','2025-06-11 18:34:22.630750',_binary '',5,'763891ba-d3e0-46a2-9398-da9cb8290b0a','81088bb9-e1b4-47f5-b232-d30c471bb4c4','727ae208-368c-488c-8977-bdf1453ff3ab'),('c9e3da54-3bad-4d68-aa02-6e0227bf9d73','2025-06-11 18:39:00.927712',_binary '',5,'575b3787-4d24-4074-9789-ac5cb6bae686','595066f7-2c18-4a25-9682-add2dcde173a','406ea71b-ce5c-4907-887d-a60feb8e0c69'),('cd0c9761-19dc-4f16-bf3a-13a040784a28','2025-06-11 19:06:23.766631',_binary '',5,'8bfd6207-71ae-4331-8f77-68ba17c96798','db561bf2-693a-4284-99f8-c8c7764fb7f9','6c4c0c86-de24-48e5-92d7-dcd142367164'),('d8048cf4-2a05-47c6-a502-b2e3a9d3e7af','2025-06-11 17:42:35.219858',_binary '',5,'91ac3567-6e85-401c-aa90-d0c117b5a388','3bf42df6-3085-4bd7-9027-9f0ba8fa6f28','b471360a-add1-44aa-8f72-873d197cf518'),('e1537bb0-9dd8-48cc-8d48-5539770c12e5','2025-06-11 17:43:05.267595',_binary '\0',0,'9ccf7b9a-774f-499a-a37f-3310828b7ed5','78aa6acd-4221-4071-a014-762493f00936','d0cf8afb-f10c-4565-b4ac-ed1016dca507'),('e4d5f99e-e672-4935-a907-917c837f4309','2025-06-11 19:10:42.578335',_binary '',5,'59ddcaa7-68de-4da8-8caf-335692a2b15d','e058a0aa-a36d-4950-a455-5a37b10bd84e','88f2a393-a202-4762-84bb-6079cf97d521'),('e81a8708-c173-4dc4-9a97-6ae4d8dadffa','2025-06-11 18:35:10.648199',_binary '\0',0,'41ccae71-abbd-49d9-a97c-2cab6daf157c','ddf02b5d-bff5-4014-b583-0551266f1eeb','9651c734-8c7c-47e3-a3a7-da353d910272'),('e9fdc0c9-09b8-479a-9d27-bacbeff261cc','2025-06-11 18:39:02.603355',_binary '',5,'575b3787-4d24-4074-9789-ac5cb6bae686','3bf42df6-3085-4bd7-9027-9f0ba8fa6f28','b471360a-add1-44aa-8f72-873d197cf518'),('ec3585bd-605f-4962-b9d4-05bb37fb70b4','2025-06-11 18:34:39.022345',_binary '',5,'763891ba-d3e0-46a2-9398-da9cb8290b0a','93569727-bcbc-449d-af79-89386e1a48d3','701bd22f-ae28-4931-bd22-67a4e965795d'),('ec8aab1b-0fda-4ee9-962d-bb8720ec4311','2025-06-11 18:40:19.454449',_binary '',5,'81c54756-9bd0-4fe3-973d-89a165df1c66','78aa6acd-4221-4071-a014-762493f00936','375573ec-c042-40cf-a263-c2a7b1a4bf61'),('ef3e7997-7310-49e4-8687-0d13cea6c4a5','2025-06-11 17:43:12.011821',_binary '\0',0,'9ccf7b9a-774f-499a-a37f-3310828b7ed5','913a7d96-416f-4ebd-a4cd-8e5f9b6f6f82','f7046d79-659a-47af-aeed-3550a6c2ac73'),('f23c8122-b8c9-4e71-b88e-a5d55a8d2a8e','2025-06-11 19:06:33.166627',_binary '',5,'8bfd6207-71ae-4331-8f77-68ba17c96798','e3878f2c-8f98-4ba0-9841-c2de5d3eb947','f0fe8e87-2177-4b88-adef-ec21934f932f'),('f4425644-8524-4e30-a60f-ade5a828dba9','2025-06-11 01:11:23.321906',_binary '',5,'0fbf54a2-48c5-41bd-81b4-d3604d864eb9','315e6acd-a264-41bc-bdc6-60908e631283','f249bc14-9350-4b82-8beb-d6be5882e09d'),('f877407e-5030-4d35-ac18-c1426356494c','2025-06-11 01:53:53.803362',_binary '',5,'8eefb808-85dc-42ab-98bb-e6374cfb3bd4','315e6acd-a264-41bc-bdc6-60908e631283','f249bc14-9350-4b82-8beb-d6be5882e09d'),('fa402319-e022-4d8d-aa52-1f6a4a8d2b1a','2025-06-11 19:10:40.193367',_binary '',5,'59ddcaa7-68de-4da8-8caf-335692a2b15d','e3878f2c-8f98-4ba0-9841-c2de5d3eb947','f0fe8e87-2177-4b88-adef-ec21934f932f');
/*!40000 ALTER TABLE `quiz_attempt_answer` ENABLE KEYS */;
UNLOCK TABLES;

--
-- Table structure for table `quiz_question`
--

DROP TABLE IF EXISTS `quiz_question`;
/*!40101 SET @saved_cs_client     = @@character_set_client */;
/*!50503 SET character_set_client = utf8mb4 */;
CREATE TABLE `quiz_question` (
  `id` varchar(255) NOT NULL,
  `created_at` datetime(6) DEFAULT NULL,
  `explanation` tinytext,
  `order_index` int DEFAULT NULL,
  `points` double DEFAULT NULL,
  `question_text` tinytext NOT NULL,
  `updated_at` datetime(6) DEFAULT NULL,
  `quiz_id` varchar(255) NOT NULL,
  PRIMARY KEY (`id`),
  UNIQUE KEY `unique_quiz_order_index` (`quiz_id`,`order_index`),
  CONSTRAINT `FKdtynvfjgh6e7fd8l0wk37nrpc` FOREIGN KEY (`quiz_id`) REFERENCES `quiz` (`id`)
) ENGINE=InnoDB DEFAULT CHARSET=utf8mb4 COLLATE=utf8mb4_0900_ai_ci;
/*!40101 SET character_set_client = @saved_cs_client */;

--
-- Dumping data for table `quiz_question`
--

LOCK TABLES `quiz_question` WRITE;
/*!40000 ALTER TABLE `quiz_question` DISABLE KEYS */;
INSERT INTO `quiz_question` VALUES ('0712c34d-1925-49cc-990a-c4a2f135d368','2025-06-11 13:29:49.400831','',4,5,'Sự kiện nào sau đây được gọi là sự kiện độc lập?','2025-06-11 13:29:49.400831','aba4a16f-7c55-420d-ba03-7e15a5cd2e8d'),('080e05fc-a8b4-45c0-acfa-3359fbc789e8','2025-06-11 14:26:32.016198',NULL,5,5,'Câu 5: Ai chịu trách nhiệm bảo trì phần cứng trong mô hình cloud computing?','2025-06-11 14:26:32.016198','88b814b1-a931-4185-94a7-fe574d6b15f1'),('096a327f-b449-41dc-ba6e-705cbb131bee','2025-06-11 14:20:49.352192',NULL,1,5,'Câu 1: Thư viện NumPy chủ yếu được dùng để làm gì trong Python?','2025-06-11 14:20:49.352192','c425f0b3-1760-4ed8-83b3-a7b090837d66'),('09bf90ad-0077-4da5-8b3b-3b50dcea7db6','2025-06-11 14:26:04.581005',NULL,4,5,'Câu 4: Ví dụ nào dưới đây là một dịch vụ SaaS?','2025-06-11 14:26:04.581005','88b814b1-a931-4185-94a7-fe574d6b15f1'),('0ba90a96-a393-4f59-ba0b-4474d8acce50','2025-06-11 13:38:39.701587',NULL,4,5,'Một trong những tác hại chính của tấn công SQL injection là gì?','2025-06-11 13:38:39.701587','e4c2af2d-9fa4-49aa-996e-7e2f229d2a26'),('0e4906cc-eee2-45e6-8e26-3a922000040c','2025-06-11 14:30:05.651014','',4,5,'Câu 4: Bảng điều khiển quản lý dịch vụ đám mây của AWS có tên gọi là gì?\n','2025-06-11 14:30:05.651014','d99c0ad5-4301-47e3-861e-48be630dc945'),('0f1919d9-4cf1-4226-b860-fc1c4070cf7c','2025-06-11 14:18:53.958042',NULL,4,5,'Nếu bạn muốn tiếp tục cuộc trò chuyện sau khi hỏi về công việc của ai đó, câu hỏi nào là phù hợp?','2025-06-11 14:18:53.958042','1cb3af7c-e9a3-4604-a7be-3ba082f30118'),('10d3eee8-0ce6-450e-91eb-981355ba439e','2025-06-11 16:04:26.986860',NULL,1,5,'Câu 1: Để kết nối các màn hình khi tạo prototype, bạn cần kéo gì?','2025-06-11 16:04:26.986860','8384e4d9-011b-4300-8d5e-608553125c2d'),('11c33c47-9ae5-4184-b86f-d0c713875f6e','2025-06-11 14:08:45.296710',NULL,5,5,'Trong phân phối chuẩn, tham số nào quyết định độ phẳng của đường cong?','2025-06-11 14:08:45.296710','66a4661d-4c0b-4c0d-8a11-8b1d4339d662'),('11d304ce-ebb7-4ff5-88e4-fc6f771e9be1','2025-06-11 16:39:33.520221',NULL,4,5,'Câu 4: Chuỗi hình học \\( \\sum_{n=0}^{\\infty} ar^n \\) hội tụ khi:','2025-06-11 16:39:33.520221','6252bbc5-b716-41cd-b135-f4915caebadb'),('171d8a44-4a78-4cbe-9dbd-71fc2a3ff16f','2025-06-11 13:44:11.801040',NULL,5,5,'Trong mô hình MVC, thành phần nào chịu trách nhiệm xử lý logic nghiệp vụ?','2025-06-11 13:44:11.801040','a7e77628-1cd5-4926-be1e-568d5acec175'),('199c8311-5382-4b65-91f6-4e4f729d3c67','2025-06-11 16:43:35.159896',NULL,4,5,'Câu 4: Phương trình vi phân tách biến có dạng:','2025-06-11 16:43:35.159896','c067f183-0744-446e-9ef7-e1b9fc582616'),('19f60b63-713c-4bb4-aef6-07ed885c7cbf','2025-06-11 16:41:59.230220',NULL,1,5,'Câu 1: Phương trình vi phân là phương trình chứa:','2025-06-11 16:44:18.379886','c067f183-0744-446e-9ef7-e1b9fc582616'),('1d88cc83-5760-4d3b-a2b4-2ffb0489f874','2025-06-11 13:55:27.597701',NULL,1,5,'Xác suất có điều kiện P(A|B) được định nghĩa như thế nào?','2025-06-11 13:55:27.597701','2336588c-a1b8-457f-8980-48f1850cec19'),('1fc008e7-28d0-4012-a248-a278346af557','2025-06-11 17:21:33.600201',NULL,1,5,'Node.js tải về từ website nào?','2025-06-11 17:21:33.600201','b9134de6-672b-477d-a235-c497c33bb998'),('1fe977a9-b2b2-4d95-80f4-05ca1d7e7876','2025-06-11 14:02:59.146349',NULL,2,5,'Persona trong thiết kế sản phẩm được định nghĩa như thế nào?','2025-06-11 14:02:59.146349','13f586af-b668-4c44-abe6-53491ee2485b'),('21c242ca-a62c-4c4a-ad8e-ff4d14daaf4e','2025-06-11 13:59:26.134734',NULL,2,5,'IDE nào sau đây phổ biến để phát triển web với Java?','2025-06-11 13:59:26.134734','bd12a478-13df-4c35-b6e9-5707823c7a7b'),('26b5c8d0-87cd-440c-b7f8-ad990f87620a','2025-06-11 13:52:09.606180',NULL,3,5,'Trong lập trình thi đấu, cấu trúc dữ liệu nào thường được sử dụng để xử lý các bài toán liên quan đến đồ thị?','2025-06-11 13:52:09.606180','963b315d-b1f6-4dcf-be6f-050a3a3826b2'),('2c15d3bf-fb51-414e-b54f-1106e6a3ce9f','2025-06-11 17:03:59.871037',NULL,4,5,'Mastery Rate formula: <div class=\"katex-display\">\\( \\text{MasteryRate}_j = \\frac{\\text{StudentsPassed}_j}{\\text{TotalStudents}_j} \\)</div>','2025-06-11 17:03:59.871037','69b90f56-9759-4894-9f7c-758c5be24295'),('2e6711d5-c045-4f52-b891-acb70bb654c0','2025-06-11 16:05:49.410409',NULL,4,5,'Câu 4: Khi thiết kế prototype UX chuẩn, nguyên tắc nào là đúng?','2025-06-11 16:05:49.410409','8384e4d9-011b-4300-8d5e-608553125c2d'),('2fc9145c-9831-48f7-9714-90b7f36cc2f8','2025-06-11 14:02:31.719634',NULL,1,5,'Mục đích chính của nghiên cứu người dùng là gì?','2025-06-11 14:02:31.719634','13f586af-b668-4c44-abe6-53491ee2485b'),('30f149e4-a0dc-4a47-a67a-4c2e4d815519','2025-06-11 14:19:16.282221',NULL,5,5,'Khi kết thúc một cuộc trò chuyện ngắn, câu nói nào sau đây là lịch sự và tự nhiên?','2025-06-11 14:19:16.282221','1cb3af7c-e9a3-4604-a7be-3ba082f30118'),('315e6acd-a264-41bc-bdc6-60908e631283','2025-06-10 18:06:45.708629','\n\n\n\n',3,5,'Ưu điểm chính của danh sách liên kết so với mảng là gì?','2025-06-10 18:06:45.708629','dc9ff35f-ffab-49ea-8246-aed9beae0a97'),('326def22-43d9-4a43-aa2f-71f93a813fe4','2025-06-11 17:03:33.329211',NULL,3,5,'AI updates curriculum by scanning:','2025-06-11 17:04:35.071930','69b90f56-9759-4894-9f7c-758c5be24295'),('34dad7b9-26b4-4733-9139-6594363ff07d','2025-06-11 14:00:12.443248',NULL,4,5,'File cấu hình chính của Maven có tên là gì?','2025-06-11 14:00:12.443248','bd12a478-13df-4c35-b6e9-5707823c7a7b'),('36d1d876-97d7-412c-8974-ac5a8e468366','2025-06-11 13:33:42.525093',NULL,3,5,'Trong UX, “usability” (tính khả dụng) đề cập đến điều gì?','2025-06-11 13:33:42.525093','31e25756-4c6f-41f5-95ed-17db6029c1c2'),('381514f8-05e1-406b-8312-04f780c9e7da','2025-06-11 13:47:52.753443',NULL,3,5,'Giá trị kỳ vọng (mean) của một biến ngẫu nhiên liên tục được tính như thế nào?','2025-06-11 13:47:52.753443','e2942993-28fe-449e-89f2-add788b75227'),('39853535-8a70-4a7c-96bc-dc0ba3ac8abb','2025-06-11 13:26:52.707762',NULL,5,5,'RSA là một ví dụ của thuật toán mã hóa nào?','2025-06-11 13:26:52.707762','c964c716-b008-459e-8519-de2578f824cd'),('3a3c5240-089c-48f9-84ba-df56abf735c7','2025-06-11 13:30:21.049442',NULL,5,5,'Nếu một hộp có 3 quả bóng đỏ và 2 quả bóng xanh, xác suất rút được bóng đỏ là bao nhiêu?','2025-06-11 13:30:21.049442','aba4a16f-7c55-420d-ba03-7e15a5cd2e8d'),('3aa086a0-45b1-41fd-9aa6-ad857b50041c','2025-06-11 16:02:24.108317',NULL,2,5,'Câu 2: Phím tắt nào để chèn Text trong Figma?','2025-06-11 16:02:24.108317','0df2c2d7-8824-4c07-bdf2-bfb02144a2e6'),('3bf42df6-3085-4bd7-9027-9f0ba8fa6f28','2025-06-11 14:33:44.103774',NULL,4,5,'Câu 4: Kiểu dữ liệu nào sau đây đại diện cho một danh sách trong Python?','2025-06-11 14:33:44.103774','0f02d640-3f51-47b8-8fdc-7d670b0468d1'),('3d6feaa0-6f79-4af6-8134-bd6aa4ae86f5','2025-06-11 16:02:46.251810',NULL,3,5,'Câu 3: Nguyên tắc nào sau đây là cơ bản trong thiết kế UX/UI?','2025-06-11 16:02:46.251810','0df2c2d7-8824-4c07-bdf2-bfb02144a2e6'),('3d72a98a-a0a5-4236-8345-e1ec9d5b0771','2025-06-10 18:06:03.484067',NULL,2,2,'Trong danh sách liên kết đơn, mỗi node chứa những thành phần nào?','2025-06-10 18:06:03.484067','dc9ff35f-ffab-49ea-8246-aed9beae0a97'),('4011ee38-b660-4338-aae8-7755bd394523','2025-06-11 14:44:43.365063',NULL,5,5,'Câu 5: Cấu trúc dữ liệu nào thường dùng để duyệt cây theo chiều sâu (DFS)?','2025-06-11 14:44:43.365063','1f226bb3-322b-4c29-a1bd-2ffc941d383f'),('404dbaf0-c493-4c65-a4af-bea3883eba77','2025-06-11 14:43:40.058594','',3,5,'Câu 3: Để tìm phần tử nhỏ nhất trong dãy với truy cập nhanh nhất, nên dùng cấu trúc nào?','2025-06-11 14:43:40.058594','1f226bb3-322b-4c29-a1bd-2ffc941d383f'),('432c687c-3274-4f2c-beba-52158b8f11d1','2025-06-11 14:22:10.244861',NULL,4,5,'Câu 4: Để đọc file CSV vào DataFrame, ta dùng lệnh nào?','2025-06-11 14:22:10.244861','c425f0b3-1760-4ed8-83b3-a7b090837d66'),('46d9f9b5-13cf-4ea4-ac63-8af06c2a386d','2025-06-11 13:48:45.676348',NULL,5,5,'Phương sai (variance) của biến ngẫu nhiên liên tục đo lường điều gì?','2025-06-11 13:48:45.676348','e2942993-28fe-449e-89f2-add788b75227'),('480e46bc-6441-4777-9481-8434449d77ea','2025-06-11 13:56:15.646805',NULL,3,5,'Công thức Bayes có dạng nào sau đây?','2025-06-11 13:56:15.646805','2336588c-a1b8-457f-8980-48f1850cec19'),('483e498f-8be9-40a5-87f6-74e25ce38971','2025-06-11 13:28:49.957697',NULL,2,5,'Nếu tung một đồng xu công bằng, xác suất để được mặt sấp là bao nhiêu?','2025-06-11 13:28:49.957697','aba4a16f-7c55-420d-ba03-7e15a5cd2e8d'),('488cb446-ef35-4d26-8670-b414e5f4d072','2025-06-11 16:44:05.033711',NULL,5,5,'Câu 5: Nghiệm riêng của phương trình vi phân xác định khi:','2025-06-11 16:44:32.408433','c067f183-0744-446e-9ef7-e1b9fc582616'),('4917f98c-1523-4957-a58e-ef28043668ae','2025-06-11 13:43:48.712400',NULL,4,5,'Thư viện nào trong Java hỗ trợ kết nối và thao tác với cơ sở dữ liệu?','2025-06-11 13:43:48.712400','a7e77628-1cd5-4926-be1e-568d5acec175'),('49293682-bca1-4b11-893c-26eb74cc79bf','2025-06-11 14:14:29.635517','',1,5,'Câu chào nào sau đây phù hợp nhất để sử dụng trong một cuộc gặp gỡ trang trọng?','2025-06-11 14:14:29.635517','b3c4ca06-e07f-4862-b1bc-0f4c1db931e1'),('4a319a3b-d9dc-43f6-a39f-c55c4703321b','2025-06-11 13:47:26.914077',NULL,2,5,'Hàm phân phối tích lũy (CDF) của biến ngẫu nhiên liên tục có tính chất nào sau đây?','2025-06-11 13:47:26.914077','e2942993-28fe-449e-89f2-add788b75227'),('4b276ffd-9220-4ded-a58c-0352047b2a3a','2025-06-11 14:15:06.556396','',2,5,'Khi giới thiệu bản thân trong một buổi họp chuyên nghiệp, bạn nên bắt đầu như thế nào?','2025-06-11 14:15:06.556396','b3c4ca06-e07f-4862-b1bc-0f4c1db931e1'),('4e0ca82f-3256-4aed-8d21-3709ac99c285','2025-06-11 13:51:37.866174',NULL,2,5,'Độ phức tạp thời gian O(n²) biểu thị điều gì?','2025-06-11 13:51:37.866174','963b315d-b1f6-4dcf-be6f-050a3a3826b2'),('5381a40c-d18f-4db9-bd73-efb6514a7c4d','2025-06-11 13:43:24.582516',NULL,3,5,'JSP (JavaServer Pages) chủ yếu được sử dụng để:','2025-06-11 13:43:24.582516','a7e77628-1cd5-4926-be1e-568d5acec175'),('53bd7b84-0426-477d-a0e1-f7b57af6ace6','2025-06-11 17:03:04.456884',NULL,2,5,'Personalizing curriculum paths means:','2025-06-11 17:04:31.462617','69b90f56-9759-4894-9f7c-758c5be24295'),('53fc80fb-872d-4490-b127-0fd11af88d88','2025-06-11 13:42:22.517621',NULL,1,5,'Framework nào sau đây thường được sử dụng để phát triển ứng dụng web với Java?','2025-06-11 13:42:22.517621','a7e77628-1cd5-4926-be1e-568d5acec175'),('5899d212-8d29-49b4-abcd-a7aaea7b752c','2025-06-11 14:36:43.121396',NULL,2,5,'Câu 2: Hàm phân phối xác suất (PMF) của biến rời rạc phải thỏa mãn điều kiện nào sau đây?','2025-06-11 14:36:43.121396','c4a47efd-c427-4b99-91eb-eb212be5cd3f'),('58f2b699-98e2-4902-b845-fb5c7a282c87','2025-06-11 16:37:59.546591',NULL,2,5,'Câu 2: Dãy số \\( a_n = (-1)^n \\) là:','2025-06-11 16:37:59.546591','6252bbc5-b716-41cd-b135-f4915caebadb'),('595066f7-2c18-4a25-9682-add2dcde173a','2025-06-11 14:33:12.900356',NULL,3,5,'Câu 3: Kết quả của biểu thức 3 * (2 + 1) trong Python là gì?','2025-06-11 14:33:12.900356','0f02d640-3f51-47b8-8fdc-7d670b0468d1'),('59fae233-2b4b-4379-8a91-3447f319fdd6','2025-06-11 14:42:31.945135','Đáp án đúng: A\n(Giải thích: Stack dùng thao tác push/pop ở cuối — O(1))',1,5,'Câu 1: Cấu trúc dữ liệu nào sau đây cho phép thêm/xoá phần tử ở cuối với độ phức tạp O(1)?','2025-06-11 14:42:31.945135','1f226bb3-322b-4c29-a1bd-2ffc941d383f'),('5b0ef024-bd10-4770-b182-6c752a129db3','2025-06-11 13:34:37.442282',NULL,5,5,'Nguyên lý nào trong UX đảm bảo rằng sản phẩm phù hợp với ngữ cảnh sử dụng của người dùng?','2025-06-11 13:34:37.442282','31e25756-4c6f-41f5-95ed-17db6029c1c2'),('5c38abd2-fa7c-4807-ab78-7115a667d00a','2025-06-11 14:18:31.244419',NULL,3,5,'Chủ đề nào sau đây thường được coi là an toàn cho small talk?','2025-06-11 14:18:31.244419','1cb3af7c-e9a3-4604-a7be-3ba082f30118'),('5d516b69-8a8e-4056-89b3-8198bd81193b','2025-06-11 14:11:53.262804',NULL,4,5,'Thuật toán Quick Sort sử dụng kỹ thuật nào để sắp xếp?','2025-06-11 14:11:53.262804','cdd6745f-9533-4a9e-b187-2b738110a43c'),('623f09ce-99ee-41ad-a4a0-59e295184b78','2025-06-11 16:58:42.168385',NULL,3,5,'AI recommends the best materials by:','2025-06-11 17:00:29.671660','a68092a3-5f98-480e-b37b-795990caf2d1'),('62eaeba7-cbb5-405e-8ae1-35b54397829a','2025-06-11 13:59:02.880966',NULL,1,5,'Công cụ nào sau đây là cần thiết để biên dịch và chạy các chương trình Java?','2025-06-11 13:59:02.880966','bd12a478-13df-4c35-b6e9-5707823c7a7b'),('62ee6319-b536-40a1-9baf-58a0ece75993','2025-06-11 17:00:00.219664',NULL,5,5,'AI can predict which challenge students may face.','2025-06-11 17:00:00.219664','a68092a3-5f98-480e-b37b-795990caf2d1'),('640843d0-47a9-4673-9da0-5a008ea426a2','2025-06-11 17:02:03.176307',NULL,1,5,'AI can help optimize curriculum structures by analyzing:','2025-06-11 17:04:27.911845','69b90f56-9759-4894-9f7c-758c5be24295'),('6609a5cc-8753-4ba2-b0fc-57325574c8b7','2025-06-11 14:28:56.138336',NULL,3,5,'Câu 3: Khi thiết lập tài khoản AWS lần đầu, người dùng cần thực hiện điều nào sau đây?','2025-06-11 14:28:56.138336','d99c0ad5-4301-47e3-861e-48be630dc945'),('68ce60d1-ba22-402b-942b-da9a6346d603','2025-06-11 14:30:32.351156',NULL,5,5,'Câu 5: Mỗi nhà cung cấp dịch vụ đám mây đều chia tài nguyên theo vùng địa lý. Tên gọi phổ biến của các vùng này là gì?','2025-06-11 14:30:32.351156','d99c0ad5-4301-47e3-861e-48be630dc945'),('6cc2dac0-6d83-4dc0-a564-da4c24b7f31b','2025-06-11 17:18:14.253161',NULL,4,5,'Hệ thống quản lý package của Node.js là?','2025-06-11 17:18:14.253161','f69d8b9f-f342-4c3b-8e23-5c3c852a4bd2'),('6e0402ca-eb8d-4db8-b304-63d9cca6f38f','2025-06-11 14:24:40.877744',NULL,1,5,'Câu 1: Điện toán đám mây (Cloud Computing) là gì?','2025-06-11 14:24:40.877744','88b814b1-a931-4185-94a7-fe574d6b15f1'),('726982b5-4dc1-4715-a386-aceed020109d','2025-06-11 13:28:22.234482',NULL,1,5,'Xác suất của một sự kiện được định nghĩa là gì?','2025-06-11 13:28:22.234482','aba4a16f-7c55-420d-ba03-7e15a5cd2e8d'),('729006f1-e2ba-469b-a46f-cd96dc082081','2025-06-11 13:24:56.722477',NULL,1,5,'Mật mã học (cryptography) chủ yếu phục vụ mục đích gì?','2025-06-11 13:24:56.722477','c964c716-b008-459e-8519-de2578f824cd'),('7563a217-30ea-4518-843d-8aa9ac563e6a','2025-06-11 16:59:41.433880',NULL,4,5,'Formula for predicting student outcomes:  <div class=\"katex-display\">\\( \\text{ExpectedScore} = \\alpha \\times \\text{PreviousScore} + \\beta \\times \\text{MaterialImpact} \\)</div>','2025-06-11 16:59:41.433880','a68092a3-5f98-480e-b37b-795990caf2d1'),('76df5fe1-a7ec-4b76-b1c9-42e6ecc08db8','2025-06-11 14:18:09.832216',NULL,2,5,'Khi ai đó nói “It’s nice out today, isn’t it?”, cách trả lời tự nhiên nhất là gì?','2025-06-11 14:18:09.832216','1cb3af7c-e9a3-4604-a7be-3ba082f30118'),('773fcfc9-0194-45f8-a1f0-8956e5f57908','2025-06-11 13:29:17.178380',NULL,3,5,'Trong không gian mẫu, tổng xác suất của tất cả các kết quả có thể xảy ra bằng bao nhiêu?','2025-06-11 13:29:17.178380','aba4a16f-7c55-420d-ba03-7e15a5cd2e8d'),('777e1487-b59b-4bc2-8d78-9eb476d5f06e','2025-06-11 14:10:38.599392',NULL,1,5,'Thuật toán Bubble Sort có độ phức tạp thời gian trung bình là bao nhiêu?','2025-06-11 14:10:38.599392','cdd6745f-9533-4a9e-b187-2b738110a43c'),('77cef532-1f86-45cb-ba36-ec522cec7457','2025-06-11 14:34:14.877331',NULL,5,5,'Câu 5: Vòng lặp nào được dùng để lặp qua các phần tử trong danh sách?','2025-06-11 14:34:14.877331','0f02d640-3f51-47b8-8fdc-7d670b0468d1'),('78aa6acd-4221-4071-a014-762493f00936','2025-06-11 14:21:45.793217',NULL,3,5,'Câu 3: Trong Pandas, đối tượng DataFrame là gì?','2025-06-11 14:21:45.793217','c425f0b3-1760-4ed8-83b3-a7b090837d66'),('7aaa9988-ba3e-402e-a507-d7103f285e90','2025-06-11 14:07:47.059063',NULL,3,5,'Trong phân phối chuẩn, khoảng bao nhiêu phần trăm dữ liệu nằm trong khoảng ±1 độ lệch chuẩn từ trung bình?','2025-06-11 14:07:47.059063','66a4661d-4c0b-4c0d-8a11-8b1d4339d662'),('7e1a046c-c7c9-4b89-85b1-00b3cc5ee48b','2025-06-11 16:58:07.812217',NULL,2,5,'Which AI feature helps teachers stay up-to-date?','2025-06-11 17:00:26.203757','a68092a3-5f98-480e-b37b-795990caf2d1'),('7feb4bb2-daca-430e-a1be-c4db069c8b5c','2025-06-11 14:04:08.157818','',4,5,'Một persona điển hình thường bao gồm những thông tin nào?','2025-06-11 14:04:08.157818','13f586af-b668-4c44-abe6-53491ee2485b'),('803600bd-40d5-4d14-ba6c-958983f357e3','2025-06-11 17:16:43.748835',NULL,1,5,'Node.js là gì?','2025-06-11 17:16:43.748835','f69d8b9f-f342-4c3b-8e23-5c3c852a4bd2'),('81088bb9-e1b4-47f5-b232-d30c471bb4c4','2025-06-11 13:25:59.156248',NULL,3,5,'Thuật toán AES (Advanced Encryption Standard) thuộc loại mã hóa nào?','2025-06-11 13:25:59.156248','c964c716-b008-459e-8519-de2578f824cd'),('821ed5e2-2efe-4f98-93a9-21ffedb0e288','2025-06-11 14:32:48.135894',NULL,2,5,'Câu 2: Biến trong Python được khai báo như thế nào?','2025-06-11 14:32:48.135894','0f02d640-3f51-47b8-8fdc-7d670b0468d1'),('829960f5-0404-4024-a0ff-3e5bbcb60f5a','2025-06-11 16:05:20.637696',NULL,3,5,'Câu 3: Phím tắt để xem thử prototype trên Figma là gì?','2025-06-11 16:05:20.637696','8384e4d9-011b-4300-8d5e-608553125c2d'),('834767ac-795e-4c80-a855-3a25bcd14b33','2025-06-11 16:40:43.133521',NULL,5,5,'Câu 5: Nếu một chuỗi số hội tụ thì:','2025-06-11 16:40:55.691208','6252bbc5-b716-41cd-b135-f4915caebadb'),('8392e900-3e8b-4d34-addd-41b492e29446','2025-06-11 14:32:14.668440',NULL,1,5,'Câu 1: Lệnh nào sau đây in ra chuỗi “Hello, world!” trong Python?','2025-06-11 14:32:14.668440','0f02d640-3f51-47b8-8fdc-7d670b0468d1'),('86d344d4-237b-46f7-a4d9-472e218f5de5','2025-06-11 13:48:22.756610',NULL,4,5,'Phân phối chuẩn (normal distribution) có đặc điểm nào sau đây?','2025-06-11 13:48:22.756610','e2942993-28fe-449e-89f2-add788b75227'),('87906360-40de-4007-8efe-5f165e5d4140','2025-06-11 13:34:08.959924',NULL,4,5,'Giai đoạn “Define” trong Design Thinking có mục đích gì?','2025-06-11 13:34:08.959924','31e25756-4c6f-41f5-95ed-17db6029c1c2'),('8c06f2e0-237b-4512-8e86-d499eea15f8e','2025-06-11 14:28:30.468547',NULL,2,5,'Câu 2: AWS, Microsoft Azure, và Google Cloud Platform đều là gì?','2025-06-11 14:28:30.468547','d99c0ad5-4301-47e3-861e-48be630dc945'),('8ceac3d1-8ec2-41b9-8a88-f90a76ba3b84','2025-06-11 16:57:39.470260',NULL,1,5,'AI can understand students\' needs by analyzing:','2025-06-11 17:00:22.021349','a68092a3-5f98-480e-b37b-795990caf2d1'),('8d88fd3f-6d4b-4615-9ae0-3eeeb04f6f00','2025-06-11 14:21:21.042217',NULL,2,5,'Câu 2: Lệnh nào tạo một mảng NumPy gồm các số từ 0 đến 9?','2025-06-11 14:21:21.042217','c425f0b3-1760-4ed8-83b3-a7b090837d66'),('8dada144-6906-457b-8249-97bb056b76c1','2025-06-11 14:11:27.923547',NULL,3,5,'Trong Insertion Sort, phần tử được chèn vào vị trí thích hợp trong danh sách đã sắp xếp bằng cách nào?','2025-06-11 14:11:27.923547','cdd6745f-9533-4a9e-b187-2b738110a43c'),('8e381d1a-4042-4c6e-bd74-9f833d9111c7','2025-06-11 13:52:58.410408',NULL,5,5,'Trong các thuật toán sau, thuật toán nào có độ phức tạp thời gian trung bình tốt nhất cho việc sắp xếp một mảng?','2025-06-11 13:52:58.410408','963b315d-b1f6-4dcf-be6f-050a3a3826b2'),('8f1fccc0-dc67-4ba2-8fc0-df54845b3ea2','2025-06-11 14:25:43.136659',NULL,3,5,'Câu 3: Mô hình dịch vụ nào sau đây là một phần của điện toán đám mây?','2025-06-11 14:25:43.136659','88b814b1-a931-4185-94a7-fe574d6b15f1'),('9067f656-7fe6-45d4-855a-a96c02155df5','2025-06-11 17:22:07.600553',NULL,2,5,'Để kiểm tra phiên bản Node, ta gõ lệnh?','2025-06-11 17:24:26.883669','b9134de6-672b-477d-a235-c497c33bb998'),('913a7d96-416f-4ebd-a4cd-8e5f9b6f6f82','2025-06-11 14:22:37.228135',NULL,5,5,'Câu 5: Câu lệnh nào giúp hiển thị 5 dòng đầu tiên của một DataFrame tên là df?','2025-06-11 14:22:37.228135','c425f0b3-1760-4ed8-83b3-a7b090837d66'),('93569727-bcbc-449d-af79-89386e1a48d3','2025-06-11 13:26:26.482267',NULL,4,5,'Hàm băm (hash function) được sử dụng để làm gì trong mật mã học?','2025-06-11 13:26:26.482267','c964c716-b008-459e-8519-de2578f824cd'),('9464ef10-7b8f-4e7c-82d9-b6a49de1dc7a','2025-06-11 13:59:47.687806',NULL,3,5,'Để quản lý các thư viện và phụ thuộc trong dự án Java, công cụ nào thường được sử dụng?','2025-06-11 13:59:47.687806','bd12a478-13df-4c35-b6e9-5707823c7a7b'),('976c17c1-fde9-4e54-acec-b33925154820','2025-06-11 13:55:51.473057',NULL,2,5,'Công thức Bayes được sử dụng để làm gì?','2025-06-11 13:55:51.473057','2336588c-a1b8-457f-8980-48f1850cec19'),('9b05c71b-0a37-4a15-a791-cbcb889f33bd','2025-06-11 14:38:26.387457','Giải thích: E[X]=n⋅p=10⋅0.3=3',4,5,'Câu 4: Trong phân phối nhị thức với tham số n=10, p=0.3, giá trị kỳ vọng (mean) là bao nhiêu?','2025-06-11 14:38:26.387457','c4a47efd-c427-4b99-91eb-eb212be5cd3f'),('9d487821-9a0d-4c9f-88f7-ef894a21faf0','2025-06-11 14:11:02.399203',NULL,2,5,'Thuật toán sắp xếp nào sau đây hoạt động bằng cách chọn phần tử nhỏ nhất từ danh sách chưa sắp xếp và đặt nó vào đầu danh sách?','2025-06-11 14:11:02.399203','cdd6745f-9533-4a9e-b187-2b738110a43c'),('9d8df9bb-0f47-4887-b9c4-9756a6ee5372','2025-06-11 14:44:14.329492',NULL,4,5,'Câu 4: Đặc điểm nào là đúng với cấu trúc hàng đợi (queue)?','2025-06-11 14:44:14.329492','1f226bb3-322b-4c29-a1bd-2ffc941d383f'),('9f2a2938-fce6-4caa-a135-ea0f670139a0','2025-06-11 14:08:12.447955',NULL,4,5,'Định lý giới hạn trung tâm áp dụng tốt nhất trong trường hợp nào?','2025-06-11 14:08:12.447955','66a4661d-4c0b-4c0d-8a11-8b1d4339d662'),('a3b456ff-7910-4a4b-b7cd-c809d06347fe','2025-06-11 13:57:08.649394',NULL,5,5,'Trong một bài toán sử dụng công thức Bayes, P(B) thường được tính như thế nào khi có nhiều sự kiện A₁, A₂, ..., Aₙ?','2025-06-11 13:57:08.649394','2336588c-a1b8-457f-8980-48f1850cec19'),('a57fa500-df01-4155-9666-469a64777a6c','2025-06-11 14:37:20.595008',NULL,3,5,'Câu 3: Phân phối nhị thức (Binomial distribution) thường dùng trong trường hợp nào?','2025-06-11 14:37:20.595008','c4a47efd-c427-4b99-91eb-eb212be5cd3f'),('a95a4e73-151b-4ab6-8563-12cc7552f544','2025-06-11 13:32:37.276263',NULL,2,5,'Giai đoạn nào trong Design Thinking tập trung vào việc hiểu nhu cầu của người dùng?','2025-06-11 13:32:37.276263','31e25756-4c6f-41f5-95ed-17db6029c1c2'),('aa9b1962-72e3-44db-960d-0f8d9827f428','2025-06-11 16:42:28.981226',NULL,2,5,'Câu 2: Phương trình vi phân cấp 1 có dạng tổng quát là:','2025-06-11 16:44:22.561443','c067f183-0744-446e-9ef7-e1b9fc582616'),('ac218a45-a4bd-41ff-80f9-039b0ca01f6d','2025-06-11 14:03:19.939542',NULL,3,5,'Phương pháp nào sau đây thường được sử dụng trong nghiên cứu người dùng?','2025-06-11 14:03:19.939542','13f586af-b668-4c44-abe6-53491ee2485b'),('aca2e278-f8cd-4f2c-b246-0a8c68b45b21','2025-06-11 13:47:00.780971',NULL,1,5,'Hàm mật độ xác suất (PDF) của một biến ngẫu nhiên liên tục có đặc điểm gì?','2025-06-11 13:47:00.780971','e2942993-28fe-449e-89f2-add788b75227'),('ae64bfea-f627-46fa-a7eb-3441049aeb5e','2025-06-11 14:16:22.052416',NULL,5,5,'Câu chào nào sau đây phù hợp để sử dụng khi gặp ai đó lần đầu tiên trong bối cảnh thân mật?','2025-06-11 14:16:22.052416','b3c4ca06-e07f-4862-b1bc-0f4c1db931e1'),('af079b59-5c5f-4b46-b6d7-ccf9abccea75','2025-06-11 14:36:19.689358',NULL,1,5,'Câu 1: Phân phối xác suất rời rạc mô tả điều gì?','2025-06-11 14:36:19.689358','c4a47efd-c427-4b99-91eb-eb212be5cd3f'),('af1b6e61-d7e3-41cf-a2b3-c037173a5c32','2025-06-11 14:15:58.312461',NULL,4,5,'Trong một tình huống trang trọng, câu nào sau đây là cách tốt nhất để giới thiệu hai người với nhau?','2025-06-11 14:15:58.312461','b3c4ca06-e07f-4862-b1bc-0f4c1db931e1'),('afd4deec-40de-4a6d-8891-b7efb0cee708','2025-06-11 16:38:45.329089',NULL,3,5,'Câu 3: Tổng vô hạn \\( \\sum_{n=1}^{\\infty} \\frac{1}{n^2} \\) có kết luận:','2025-06-11 16:38:45.329089','6252bbc5-b716-41cd-b135-f4915caebadb'),('b44f386b-4495-46c5-b26d-1357cb4cab52','2025-06-11 13:51:09.949292',NULL,1,5,'Mục tiêu chính của lập trình thi đấu là gì?','2025-06-11 13:51:09.949292','963b315d-b1f6-4dcf-be6f-050a3a3826b2'),('bc48ee5a-e11b-4028-a31f-28df549a8881','2025-06-11 17:17:45.672057',NULL,3,5,'Node.js dùng engine nào?','2025-06-11 17:19:30.331487','f69d8b9f-f342-4c3b-8e23-5c3c852a4bd2'),('bc86a0f8-98b6-4116-8271-d443c9495579','2025-06-11 13:32:07.069721',NULL,1,5,'Mục tiêu chính của User Experience (UX) là gì?','2025-06-11 13:32:44.498747','31e25756-4c6f-41f5-95ed-17db6029c1c2'),('c50a3ecc-6d7e-48c7-afde-87fc8af6da00','2025-06-11 14:28:04.264773',NULL,1,5,'Câu 1: Bước đầu tiên khi sử dụng dịch vụ đám mây là gì?','2025-06-11 14:28:04.264773','d99c0ad5-4301-47e3-861e-48be630dc945'),('c61a6c5d-5863-4503-b3db-55e11d1f8684','2025-06-11 13:38:08.319159',NULL,3,5,'Trong tấn công vét cạn (Brute force attack) kẻ tấn công sử dụng phương phấp nào tìm mật khẩu?','2025-06-11 13:38:46.982895','e4c2af2d-9fa4-49aa-996e-7e2f229d2a26'),('c897da11-cf61-4a6f-a79f-54021303992c','2025-06-11 14:42:59.566306',NULL,2,5,'Câu 2: Cấu trúc dữ liệu nào sau đây nên dùng để truy cập phần tử có chỉ số bất kỳ với độ phức tạp O(1)?','2025-06-11 14:42:59.566306','1f226bb3-322b-4c29-a1bd-2ffc941d383f'),('c918780b-4d46-486a-a6e2-bcbd4620a58a','2025-06-11 16:06:13.478251',NULL,5,5,'Câu 5: Công thức tính thời gian chuyển cảnh tối ưu là gì?','2025-06-11 16:06:13.478251','8384e4d9-011b-4300-8d5e-608553125c2d'),('ca3477f6-dd35-4034-9f8c-9422a67fe0c0','2025-06-11 13:52:34.391339',NULL,4,5,'Phân tích độ phức tạp không gian (space complexity) đo lường điều gì?','2025-06-11 13:52:34.391339','963b315d-b1f6-4dcf-be6f-050a3a3826b2'),('ca922d95-4b2a-48c4-a4a8-9adced750366','2025-06-11 14:07:23.586793',NULL,2,5,'Phân phối chuẩn (normal distribution) có đặc điểm nào sau đây?','2025-06-11 14:07:23.586793','66a4661d-4c0b-4c0d-8a11-8b1d4339d662'),('d4fc9b86-b6bb-4de6-a01e-735099258a57','2025-06-11 14:07:01.545417',NULL,1,5,'Định lý giới hạn trung tâm (Central Limit Theorem) phát biểu điều gì?','2025-06-11 14:07:01.545417','66a4661d-4c0b-4c0d-8a11-8b1d4339d662'),('d5f5e8d8-b243-4b7d-9ea3-0db1ec4dd4f7','2025-06-11 13:42:48.577509',NULL,2,5,'Servlet trong Java được sử dụng để làm gì?','2025-06-11 13:42:48.577509','a7e77628-1cd5-4926-be1e-568d5acec175'),('d9977665-0a83-489b-8fc9-bfcfa2d6d587','2025-06-11 14:25:15.498849','',2,5,'Câu 2: Ưu điểm chính của điện toán đám mây là gì?','2025-06-11 14:25:15.498849','88b814b1-a931-4185-94a7-fe574d6b15f1'),('daba6651-d2a7-4560-9d86-c2a9d31144a8','2025-06-11 16:43:03.118830',NULL,3,5,'Câu 3: Phương trình \\( y\' = ky \\) có nghiệm tổng quát là:','2025-06-11 16:44:26.894594','c067f183-0744-446e-9ef7-e1b9fc582616'),('db561bf2-693a-4284-99f8-c8c7764fb7f9','2025-06-11 16:03:32.235971',NULL,5,5,'Câu 5: Công thức tính kích thước chữ đề xuất là gì?','2025-06-11 16:03:32.235971','0df2c2d7-8824-4c07-bdf2-bfb02144a2e6'),('dc09c9fa-406b-4682-8d70-90df1f47d774','2025-06-11 13:56:37.218727',NULL,4,5,'Nếu P(A) = 0, thì xác suất có điều kiện P(B|A) được xác định như thế nào?','2025-06-11 13:56:37.218727','2336588c-a1b8-457f-8980-48f1850cec19'),('ddf02b5d-bff5-4014-b583-0551266f1eeb','2025-06-11 13:25:30.262026',NULL,2,5,'Thuật toán mã hóa đối xứng (symmetric encryption) sử dụng gì để mã hóa và giải mã?','2025-06-11 13:25:30.262026','c964c716-b008-459e-8519-de2578f824cd'),('e058a0aa-a36d-4950-a455-5a37b10bd84e','2025-06-11 16:03:09.810375',NULL,4,5,'Câu 4: Phím tắt để tạo Frame là gì?','2025-06-11 16:03:09.810375','0df2c2d7-8824-4c07-bdf2-bfb02144a2e6'),('e13deeed-eb4f-4ffa-ba8d-63ea34c2eed4','2025-06-11 14:15:34.243554',NULL,3,5,'Cách trả lời phù hợp khi ai đó hỏi \"How are you?\" trong một cuộc trò chuyện thông thường là gì?','2025-06-11 14:15:34.243554','b3c4ca06-e07f-4862-b1bc-0f4c1db931e1'),('e20fc995-0cc9-4190-b937-9fc190a24df9','2025-06-11 14:00:34.215612',NULL,5,5,'Để chạy một ứng dụng web Java, máy chủ ứng dụng (application server) nào sau đây thường được sử dụng?','2025-06-11 14:00:34.215612','bd12a478-13df-4c35-b6e9-5707823c7a7b'),('e3878f2c-8f98-4ba0-9841-c2de5d3eb947','2025-06-11 16:01:57.881490',NULL,1,5,'Câu 1: Figma là công cụ thiết kế dạng gì?','2025-06-11 16:01:57.881490','0df2c2d7-8824-4c07-bdf2-bfb02144a2e6'),('e438f8de-9704-49b5-86a4-e0a4e80b90a5','2025-06-11 17:04:22.898474',NULL,5,5,'AI can predict effectiveness of curriculum changes.','2025-06-11 17:04:22.898474','69b90f56-9759-4894-9f7c-758c5be24295'),('e4779c19-5d05-46cb-8b32-3e16618e5ce6','2025-06-11 13:37:37.436609',NULL,2,5,'Tấn công dựa trên từ điển (Dictionary Attack) chủ yếu dựa vào điều gì để dò tìm mật khẩu?','2025-06-11 13:37:37.436609','e4c2af2d-9fa4-49aa-996e-7e2f229d2a26'),('e6bfeb07-9285-4334-b720-852b3bfb5201','2025-06-10 18:04:45.910070',NULL,1,2,'Độ phức tạp truy cập một phần tử trong mảng theo chỉ số là bao nhiêu?','2025-06-10 18:05:08.593250','dc9ff35f-ffab-49ea-8246-aed9beae0a97'),('e97ae68a-8a3c-47e1-96d8-291bea7040ff','2025-06-11 13:39:27.068025',NULL,5,5,'Biện pháp nào sau đây giúp hạn chế tấn công phishing?','2025-06-11 13:39:27.068025','e4c2af2d-9fa4-49aa-996e-7e2f229d2a26'),('ebb42b90-fd72-4820-b191-1c8b3fcf685e','2025-06-11 16:27:37.351803',NULL,1,5,'Giới hạn của dãy số $ a_n = \\frac{1}{n} $ khi $ n \\to \\infty $ là:\n','2025-06-11 16:37:13.146745','6252bbc5-b716-41cd-b135-f4915caebadb'),('edb38668-b9be-4f92-93a4-2c464714148d','2025-06-11 17:17:16.359876',NULL,2,5,'Node.js hoạt động dựa trên mô hình nào?','2025-06-11 17:17:16.359876','f69d8b9f-f342-4c3b-8e23-5c3c852a4bd2'),('ee5af5f3-3741-42df-8103-9f39a2f51471','2025-06-11 14:04:31.472077',NULL,5,5,'Tại sao việc xây dựng persona lại quan trọng trong quá trình phát triển sản phẩm?','2025-06-11 14:04:31.472077','13f586af-b668-4c44-abe6-53491ee2485b'),('ef1b1820-3093-490f-8a8e-aedca11fcb41','2025-06-11 17:22:37.900434',NULL,3,5,'Lệnh nào để chạy file <code>server.js</code>','2025-06-11 17:24:33.997744','b9134de6-672b-477d-a235-c497c33bb998'),('f1897cf6-7471-4681-acbf-c5b12ea4663b','2025-06-11 17:23:04.575194',NULL,4,5,'Port nào được server mẫu sử dụng?','2025-06-11 17:24:41.664033','b9134de6-672b-477d-a235-c497c33bb998'),('f294c4e8-cb98-4c3e-bf6d-bdb66aed4066','2025-06-11 17:18:43.351161',NULL,5,5,'Node.js phù hợp nhất với loại ứng dụng nào?','2025-06-11 17:18:43.351161','f69d8b9f-f342-4c3b-8e23-5c3c852a4bd2'),('f3e0c3ec-13fe-416d-8edd-2e1b12139a73','2025-06-11 14:12:16.233808',NULL,5,5,'Thuật toán sắp xếp nào sau đây có độ phức tạp thời gian tốt nhất trong trường hợp trung bình?','2025-06-11 14:12:16.233808','cdd6745f-9533-4a9e-b187-2b738110a43c'),('f4412839-eb81-4a6c-96d4-25e5c0ca0a7f','2025-06-11 16:04:52.164137',NULL,2,5,'Câu 2: Loại Animation nào giúp chuyển động mượt mà khi chuyển cảnh?','2025-06-11 16:04:52.164137','8384e4d9-011b-4300-8d5e-608553125c2d'),('fca60e78-670d-44c4-a248-e8001c7f0b61','2025-06-11 14:17:49.395457',NULL,1,5,'Câu hỏi nào sau đây là phù hợp để bắt đầu một cuộc trò chuyện ngắn (small talk) trong bối cảnh thân mật?','2025-06-11 14:17:49.395457','1cb3af7c-e9a3-4604-a7be-3ba082f30118'),('fcf5b23a-6626-4eb0-8cc8-ca421ca050cf','2025-06-11 17:24:13.434724',NULL,5,5,'Để ngừng server đang chạy ta dùng tổ hợp phím?','2025-06-11 17:24:52.283635','b9134de6-672b-477d-a235-c497c33bb998'),('ff0cfe08-8c29-4ce6-b421-82512a2eec32','2025-06-11 13:36:19.044559',NULL,1,5,'Tấn công Từ chối Dịch vụ (DoS) nhằm mục đích gì?','2025-06-11 13:36:19.044559','e4c2af2d-9fa4-49aa-996e-7e2f229d2a26'),('ffbffe0b-f427-41fa-8151-ccc9a5d7c8b4','2025-06-11 14:38:57.713698',NULL,5,5,'Câu 5: Biến ngẫu nhiên nào sau đây là rời rạc?','2025-06-11 14:38:57.713698','c4a47efd-c427-4b99-91eb-eb212be5cd3f');
/*!40000 ALTER TABLE `quiz_question` ENABLE KEYS */;
UNLOCK TABLES;

--
-- Table structure for table `role`
--

DROP TABLE IF EXISTS `role`;
/*!40101 SET @saved_cs_client     = @@character_set_client */;
/*!50503 SET character_set_client = utf8mb4 */;
CREATE TABLE `role` (
  `name` varchar(255) NOT NULL,
  `description` varchar(255) DEFAULT NULL,
  PRIMARY KEY (`name`)
) ENGINE=InnoDB DEFAULT CHARSET=utf8mb4 COLLATE=utf8mb4_0900_ai_ci;
/*!40101 SET character_set_client = @saved_cs_client */;

--
-- Dumping data for table `role`
--

LOCK TABLES `role` WRITE;
/*!40000 ALTER TABLE `role` DISABLE KEYS */;
INSERT INTO `role` VALUES ('ADMIN','Admin role'),('INSTRUCTOR','Instructor role'),('STUDENT','Student role');
/*!40000 ALTER TABLE `role` ENABLE KEYS */;
UNLOCK TABLES;

--
-- Table structure for table `role_permissions`
--

DROP TABLE IF EXISTS `role_permissions`;
/*!40101 SET @saved_cs_client     = @@character_set_client */;
/*!50503 SET character_set_client = utf8mb4 */;
CREATE TABLE `role_permissions` (
  `role_name` varchar(255) NOT NULL,
  `permissions_name` varchar(255) NOT NULL,
  PRIMARY KEY (`role_name`,`permissions_name`),
  KEY `FKf5aljih4mxtdgalvr7xvngfn1` (`permissions_name`),
  CONSTRAINT `FKcppvu8fk24eqqn6q4hws7ajux` FOREIGN KEY (`role_name`) REFERENCES `role` (`name`),
  CONSTRAINT `FKf5aljih4mxtdgalvr7xvngfn1` FOREIGN KEY (`permissions_name`) REFERENCES `permission` (`name`)
) ENGINE=InnoDB DEFAULT CHARSET=utf8mb4 COLLATE=utf8mb4_0900_ai_ci;
/*!40101 SET character_set_client = @saved_cs_client */;

--
-- Dumping data for table `role_permissions`
--

LOCK TABLES `role_permissions` WRITE;
/*!40000 ALTER TABLE `role_permissions` DISABLE KEYS */;
INSERT INTO `role_permissions` VALUES ('INSTRUCTOR','CREATE_DATA'),('ADMIN','READ_DATA'),('INSTRUCTOR','READ_DATA'),('STUDENT','READ_DATA'),('ADMIN','UPDATE_DATA'),('INSTRUCTOR','UPDATE_DATA');
/*!40000 ALTER TABLE `role_permissions` ENABLE KEYS */;
UNLOCK TABLES;

--
-- Table structure for table `uploaded_file`
--

DROP TABLE IF EXISTS `uploaded_file`;
/*!40101 SET @saved_cs_client     = @@character_set_client */;
/*!50503 SET character_set_client = utf8mb4 */;
CREATE TABLE `uploaded_file` (
  `id` varchar(255) NOT NULL,
  `content_type` varchar(255) DEFAULT NULL,
  `file_name` varchar(255) NOT NULL,
  `is_public` bit(1) NOT NULL,
  `original_file_name` varchar(255) DEFAULT NULL,
  `uploaded_at` datetime(6) DEFAULT NULL,
  `course_id` varchar(255) DEFAULT NULL,
  `uploaded_by_id` varchar(255) DEFAULT NULL,
  `file_size` bigint DEFAULT NULL,
  PRIMARY KEY (`id`),
  UNIQUE KEY `UK_3gaoms3rxeq6gfff1dvbqmqa3` (`file_name`),
  KEY `FK24ta90jdbdeo55q7x1yoqg8oa` (`course_id`),
  KEY `FK3el27hs9cqfrxucqhcuesh7rx` (`uploaded_by_id`),
  CONSTRAINT `FK24ta90jdbdeo55q7x1yoqg8oa` FOREIGN KEY (`course_id`) REFERENCES `course` (`id`),
  CONSTRAINT `FK3el27hs9cqfrxucqhcuesh7rx` FOREIGN KEY (`uploaded_by_id`) REFERENCES `user` (`id`)
) ENGINE=InnoDB DEFAULT CHARSET=utf8mb4 COLLATE=utf8mb4_0900_ai_ci;
/*!40101 SET character_set_client = @saved_cs_client */;

--
-- Dumping data for table `uploaded_file`
--

LOCK TABLES `uploaded_file` WRITE;
/*!40000 ALTER TABLE `uploaded_file` DISABLE KEYS */;
INSERT INTO `uploaded_file` VALUES ('02ad781e-94b4-4a10-9409-958522d8315a','image/jpeg','0adae29d-3faa-4997-8cab-2e2d7dd34800_nguyen-dang-hoang-nhu-qDgTQOYk6B8-unsplash.jpg',_binary '','nguyen-dang-hoang-nhu-qDgTQOYk6B8-unsplash.jpg','2025-06-11 01:15:36.170496',NULL,'ed05803c-8678-4b49-a571-2e376209a3dd',1281160),('0b31c5aa-b1e4-48c8-97f6-8581f5bc4dda','image/png','790fe6ce-f7af-4475-98a9-fedf7b2bd61f_intro_to_cloud.png',_binary '','intro_to_cloud.png','2025-06-11 03:54:53.562846',NULL,'d8e8bc8f-fe15-4b42-b0ab-a21388924668',139340),('0c7042ca-0a2d-4bc3-8e6b-6ed44289d3b7','image/jpeg','d8073fb9-006f-41d6-9443-2514da01e546_cau_truc_du_lieu.jpg',_binary '','cau_truc_du_lieu.jpg','2025-06-10 18:00:45.955456',NULL,'bcd913e4-9ece-4a0f-83c5-5e365f4a25d4',30184),('0e743eda-b6f0-4e87-a1a2-16ac01ec9322','image/jpeg','9e581329-7e74-4640-a458-f77175557542_nodejs.jpg',_binary '','nodejs.jpg','2025-06-11 17:09:17.776963',NULL,'54522d48-fdb0-426d-9103-1af4b9e3d6c0',15479),('0f2451a6-73e5-4e20-980e-97f8f1e52240','application/pdf','681bfbea-18e6-4551-beee-078147b594c9_0-Gioi_thieu_mon_hoc.pdf',_binary '\0','0-Gioi thieu mon hoc.pdf','2025-06-11 04:25:30.891897',NULL,'d8e8bc8f-fe15-4b42-b0ab-a21388924668',886595),('10da03ba-fe43-4808-9f0d-45f30d9657a0','application/pdf','9f0ba732-8eec-4c98-b8f8-c72b2d9183c6_sach-lap-trinh-nodejs-that-don-gian-sample.pdf',_binary '\0','sach-lap-trinh-nodejs-that-don-gian-sample.pdf','2025-06-11 17:25:45.631513',NULL,'54522d48-fdb0-426d-9103-1af4b9e3d6c0',1617825),('12c41f9c-6fc3-490d-b234-595defd96b83','application/pdf','da2cf337-50c7-45dd-b948-ac7f5dcfed53_figma_2.pdf',_binary '\0','figma 2.pdf','2025-06-11 16:00:16.046014',NULL,'ce25b107-8531-42d7-9ded-d73354a31fe2',156110),('13b75bea-01ed-453d-a65c-fd28a82fb115','application/pdf','3bad81e2-ca8b-4fda-bbab-48990b3dbc65_matmahoc.pdf',_binary '\0','matmahoc.pdf','2025-06-11 15:33:19.013822',NULL,'d8e8bc8f-fe15-4b42-b0ab-a21388924668',4207336),('1b651832-d409-4398-955b-3542d7f7f095','image/jpeg','c11b4ca1-2640-4f83-ac3d-c1c4666ff942_vicky-hladynets-C8Ta0gwPbQg-unsplash.jpg',_binary '','vicky-hladynets-C8Ta0gwPbQg-unsplash.jpg','2025-06-11 18:38:10.326686',NULL,'861e7675-7b3b-424e-a48e-c0fabe65e536',4729442),('1c4d9b75-0e7d-4cc1-9e15-ea323a94c579','image/jpeg','1cd9c7a2-454f-4466-b7a8-6b2a5e1f4dc0_data_science.jpg',_binary '','data_science.jpg','2025-06-11 02:16:40.957770',NULL,'d8e8bc8f-fe15-4b42-b0ab-a21388924668',118904),('1d86caa2-2e4a-44c1-ac63-822304a80cfc','application/pdf','23740039-eb7e-40d7-98ae-0df3d201f19c__Full__TSA_04_-_P20_Study_-_Th_y___o_Anh_Ph_c__1_.pdf',_binary '\0','[Full] TSA_04 - P20 Study - Thầy Đào Anh Phúc (1).pdf','2025-06-07 22:27:31.339132',NULL,'ea0c7864-91d9-420b-91d4-d22aeafa8dc1',2237317),('27cb5a53-012c-41f9-9347-b7e71b0c374b','image/png','0e8d83af-ce7a-4af2-b007-ff41abae340a_competitive-programming.png',_binary '','competitive-programming.png','2025-06-11 03:53:07.780623',NULL,'d8e8bc8f-fe15-4b42-b0ab-a21388924668',573127),('2a57a88d-4f29-4247-94b1-b2061b0c3bc5','image/jpeg','f3baffed-0cc8-449c-85e8-a1976f0b73ae_giai_tich3.jpg',_binary '','giai_tich3.jpg','2025-06-11 16:13:26.410771',NULL,'c8146c2e-67fd-47fc-8a33-1efa6d7d83d7',116519),('2a744c47-32af-4de2-a6b3-122916c6ead3','image/jpeg','029d7550-eac0-4a78-b9b3-5eeb39127273_DHP_5332-684x1024.jpg',_binary '','DHP_5332-684x1024.jpg','2025-06-11 17:27:56.685321',NULL,'aa4f1fb1-3783-4768-b5ac-20b3e17e14bc',61154),('2b19b4d3-a8dd-4e08-af14-46099e613b5c','application/pdf','141c0ed0-11ac-46a9-8476-b7d459f63433_Chuong-3-Danh-sach-tuyen-tinh.pdf',_binary '\0','Chuong-3-Danh-sach-tuyen-tinh.pdf','2025-06-10 18:02:19.338524',NULL,'bcd913e4-9ece-4a0f-83c5-5e365f4a25d4',1155173),('34f9d741-7d6c-4c2a-87a3-a7248b8815d4','image/jpeg','0f7abae1-9a8c-4fe3-a259-722ab3464c7e_nguyen-dang-hoang-nhu-qDgTQOYk6B8-unsplash.jpg',_binary '','nguyen-dang-hoang-nhu-qDgTQOYk6B8-unsplash.jpg','2025-06-03 23:59:16.100643',NULL,'8f3f73ed-3024-4778-ae89-5a1955bd9209',NULL),('3d27100d-a5a7-4882-b9a9-d6ee15d0be2a','application/pdf','07b438a7-0e14-40a1-8507-d8024d392458_Chuong-5-Sap-xep.pdf',_binary '\0','Chuong-5-Sap-xep.pdf','2025-06-10 18:03:25.568035',NULL,'bcd913e4-9ece-4a0f-83c5-5e365f4a25d4',2461322),('40d77c9c-0e11-4507-b762-91bdeb0aa8a6','application/pdf','d9c9f5d6-7af7-4348-aa64-97acdfe1f70c_Part_1._Dynamic_Web_Server_with_Java_Technologies.pdf',_binary '\0','Part 1. Dynamic Web Server with Java Technologies.pdf','2025-06-11 15:00:15.328421',NULL,'d8e8bc8f-fe15-4b42-b0ab-a21388924668',2135386),('449fddde-5675-4c70-9f40-16158df595e9','image/webp','062795c5-bdd9-4088-aedd-8884dff1c874_importance-of-AI-in-education.webp',_binary '','importance-of-AI-in-education.webp','2025-06-11 16:48:59.128526',NULL,'a0c5ecb8-0cc7-4513-8b40-27a94b021320',68596),('459f5515-710f-44a8-bb2e-c81223d02654','application/pdf','354fa70b-fa77-482d-8d4a-85a93c52ad33_bai_giang_gt3.pdf',_binary '\0','bai giang gt3.pdf','2025-06-11 16:20:01.995409',NULL,'c8146c2e-67fd-47fc-8a33-1efa6d7d83d7',1022382),('490d570d-965c-4aaa-ab98-ea4cf3af430a','image/jpeg','51c77f05-2dbc-4513-b653-40e8940163c2_nicolas-horn-MTZTGvDsHFY-unsplash.jpg',_binary '','nicolas-horn-MTZTGvDsHFY-unsplash.jpg','2025-06-11 18:33:10.309704',NULL,'7e76fdd0-7d9a-4a9b-81fc-17d0f3315b83',744962),('4b2ba244-7f5f-4372-98ff-0837a8a40380','application/pdf','0ca48750-d8ff-45db-bcee-116956759338_De_cuong_chi_tiet_TACB_1_Sep2013_signed__1_.pdf',_binary '\0','De cuong chi tiet_TACB 1_Sep2013_signed (1).pdf','2025-06-11 04:24:22.075360',NULL,'d8e8bc8f-fe15-4b42-b0ab-a21388924668',478714),('4c86ad1b-113c-418b-9ef7-b38f6f18302f','image/jpeg','b959e60c-fa1a-4966-8e9b-410ddb8e33c1_toa-heftiba-O3ymvT7Wf9U-unsplash.jpg',_binary '','toa-heftiba-O3ymvT7Wf9U-unsplash.jpg','2025-06-11 17:32:15.650823',NULL,'7d4ade7e-4841-4682-a4fc-a21f45a3b997',1381156),('4dbad4c2-f8d3-4a09-adee-06c3a8265f0e','image/jpeg','e48dd203-f375-43e4-ade6-79e14931f940_jake-nackos-IF9TK5Uy-KI-unsplash.jpg',_binary '','jake-nackos-IF9TK5Uy-KI-unsplash.jpg','2025-06-11 17:33:16.007047',NULL,'65f9be9d-0480-4a41-99f1-9b1a83bb584c',1247886),('4df240b1-42c4-42b5-b52d-e40850f464db','video/mp4','5f99ebae-f144-4613-b4d0-8f7ea2ef69bc_WebHD_720p.mp4',_binary '\0','WebHD_720p.mp4','2025-06-11 16:54:59.653575',NULL,'a0c5ecb8-0cc7-4513-8b40-27a94b021320',45851930),('4ee40b59-dfba-42c4-bf08-a0c98731ba2d','application/pdf','3e2bbc6c-fd28-4d89-95dd-ef15df7d69f6_Introduction_to_Cybersecurity.pdf',_binary '\0','Introduction to Cybersecurity.pdf','2025-06-11 04:29:36.174156',NULL,'d8e8bc8f-fe15-4b42-b0ab-a21388924668',806773),('522a5dff-39c0-4b7f-991d-6339be854fb6','image/png','9c71248a-797a-46bc-8c4f-358e53a87c13_520a9432-922a-4260-9be6-10713eff50f6.png',_binary '','520a9432-922a-4260-9be6-10713eff50f6.png','2025-05-28 13:08:45.205326',NULL,'861e7675-7b3b-424e-a48e-c0fabe65e536',NULL),('78f924d6-0709-487d-af05-fd26912bc36f','application/pdf','37be48ac-d9a7-42a7-a80b-100132006f8e_2023_Baigiang_XSTK_MI2020_Chap1__3_.pdf',_binary '\0','2023_Baigiang_XSTK_MI2020_Chap1 (3).pdf','2025-06-10 17:34:29.645764',NULL,'bcd913e4-9ece-4a0f-83c5-5e365f4a25d4',1216286),('7b0f1377-22d4-4f1a-994d-6b997d837a05','application/pdf','9e255421-f9de-4907-bfb2-049aac25d9ae_nhap_mon_dien_toan.pdf',_binary '\0','nhap_mon_dien_toan.pdf','2025-06-11 04:21:50.104807',NULL,'d8e8bc8f-fe15-4b42-b0ab-a21388924668',259515),('8468b6f2-6515-46ca-9d3f-52c4c9c92fa0','application/pdf','0bd2335b-9783-471e-a461-cc72a976122e_UX-UI-fundamental.pdf',_binary '\0','UX-UI-fundamental.pdf','2025-06-11 04:28:03.463194',NULL,'d8e8bc8f-fe15-4b42-b0ab-a21388924668',1418858),('877c7b04-5aaa-4bd8-ac6f-88a6c0608501','image/jpeg','b00b13e0-9ae1-4768-b1a2-77e54599656a_Tran-Nguyen-Ngoc.jpg',_binary '','Tran-Nguyen-Ngoc.jpg','2025-06-11 15:51:15.008191',NULL,'bcd913e4-9ece-4a0f-83c5-5e365f4a25d4',469244),('8ea32f09-1252-45cc-a5fb-520351f4ef14','image/jpeg','70a6ec1a-35f4-4663-9240-ed835b3d7529_ta_hai_tung_vt_soict.jpg',_binary '','ta_hai_tung_vt_soict.jpg','2025-06-11 16:45:52.166905',NULL,'a0c5ecb8-0cc7-4513-8b40-27a94b021320',269846),('9399d130-42ae-47ad-b63b-bf418db2bbbb','application/pdf','c0665b73-c0f8-4e40-b2f6-0896c4737356_java_web_dev.pdf',_binary '\0','java_web_dev.pdf','2025-06-11 04:26:47.713718',NULL,'d8e8bc8f-fe15-4b42-b0ab-a21388924668',807133),('97793aad-5763-437d-b7ff-5f9793651e53','image/jpeg','035a0d62-c869-4d7c-9180-2d19d99a57e2_ux_ui_co_ban.jpg',_binary '','ux_ui_co_ban.jpg','2025-06-11 03:47:02.838292',NULL,'d8e8bc8f-fe15-4b42-b0ab-a21388924668',55811),('97c82396-6481-43e9-bc65-3a66cbe41ac8','application/pdf','d130e148-5c5e-4bc2-a891-b8ad7b345b5a_competitive_intro.pdf',_binary '\0','competitive_intro.pdf','2025-06-11 15:36:41.199416',NULL,'d8e8bc8f-fe15-4b42-b0ab-a21388924668',90160),('9ae275a1-e061-489f-9ff7-6efe21eb4a97','image/png','45828189-9dcb-4170-b838-dd890e8812c4_introduction-to-cybersecurity.png',_binary '','introduction-to-cybersecurity.png','2025-06-11 03:44:17.873134',NULL,'d8e8bc8f-fe15-4b42-b0ab-a21388924668',167551),('9f2a37f0-f205-4379-a033-f6868011d96c','image/jpeg','d685c2b2-892e-460a-b100-11bea57378e7_rafaella-mendes-diniz-et_78QkMMQs-unsplash.jpg',_binary '','rafaella-mendes-diniz-et_78QkMMQs-unsplash.jpg','2025-06-11 16:08:19.401131',NULL,'c8146c2e-67fd-47fc-8a33-1efa6d7d83d7',2050096),('a0c3e6c2-0ea3-4165-8519-f8fa3426b663','image/png','c7480461-d22c-45d2-af85-071e0bea422c_Screenshot_2023-02-11_123506.png',_binary '\0','Screenshot 2023-02-11 123506.png','2025-06-08 16:46:40.733056',NULL,'ea0c7864-91d9-420b-91d4-d22aeafa8dc1',831417),('b01c70df-817e-4311-86a0-cfe128d27fef','image/png','a9b23eeb-7662-4f5f-b98e-14787d109edd_figma.png',_binary '','figma.png','2025-06-11 15:57:59.988248',NULL,'ce25b107-8531-42d7-9ded-d73354a31fe2',11489),('b4c4e50d-1fa5-4eb7-9481-b5bb08b59137','application/pdf','c8598035-709b-4ad4-8612-e0bc11af7168_CPL_Training_Course_Bio_Figma.pdf',_binary '\0','CPL_Training_Course_Bio_Figma.pdf','2025-06-11 15:56:30.134340',NULL,'ce25b107-8531-42d7-9ded-d73354a31fe2',3482684),('b616c652-80c7-434c-8775-c7b978edb4f3','application/pdf','23f72b30-5ece-4fc6-8ef4-66a4cfdf22f9_2023_Baigiang_XSTK_MI2020_Chap1__3_.pdf',_binary '\0','2023_Baigiang_XSTK_MI2020_Chap1 (3).pdf','2025-06-11 15:35:34.433349',NULL,'d8e8bc8f-fe15-4b42-b0ab-a21388924668',1216286),('b83c2d7c-a6e9-4772-8348-2617f4e303a3','image/jpeg','bd253f01-fa3b-4bdf-ac72-ed5c62ce3913_tieng_anh.jpg',_binary '','tieng_anh.jpg','2025-06-11 03:50:58.553542',NULL,'d8e8bc8f-fe15-4b42-b0ab-a21388924668',52995),('c3208d94-bdfb-4dca-a877-2d3da1c047a0','application/pdf','7888d118-42a0-45a6-a440-e84dc2d9e47c_tan_cong_mang.pdf',_binary '\0','tan_cong_mang.pdf','2025-06-11 15:38:21.180403',NULL,'d8e8bc8f-fe15-4b42-b0ab-a21388924668',1632751),('c6fd9887-8a96-4ca9-aa79-a4b019fc7bcd','image/jpeg','3de31f7e-a7ca-49f2-9bd0-98b6ceebf70e_IMG_1627.jpg',_binary '','IMG_1627.jpg','2025-06-11 15:49:30.975725',NULL,'3f345836-677d-4370-9ba0-233ba1f95c6b',159408),('c88ceaab-c654-43c8-b161-97305c5970af','image/webp','ddbb2606-63f8-42c1-b586-53193afb8a10_Xac_suat_thong_ke.webp',_binary '','Xac_suat_thong_ke.webp','2025-06-10 16:13:17.014452',NULL,'bcd913e4-9ece-4a0f-83c5-5e365f4a25d4',55014),('cc043e63-ba64-4769-8aea-724353304cad','image/avif','47b93f31-0f90-4ce0-9bcf-a27df9eaa835_T-i-Adobe-Photoshop.avif',_binary '','T-i-Adobe-Photoshop.avif','2025-06-11 19:14:14.075762',NULL,'ce25b107-8531-42d7-9ded-d73354a31fe2',9337),('d07097a1-6b76-4d0e-bf08-a722cdc679f0','application/pdf','dbccbc86-3838-405d-8f2e-ea15aef0e316_2023_Baigiang_XSTK_MI2020_Chap3__1_.pdf',_binary '\0','2023_Baigiang_XSTK_MI2020_Chap3 (1).pdf','2025-06-11 15:06:39.753330',NULL,'d8e8bc8f-fe15-4b42-b0ab-a21388924668',1159475),('d1cfe696-545c-481b-a047-40e5db047585','application/pdf','40b424e8-7992-4d71-bdf4-1345bdc71385_competitve_programing.pdf',_binary '\0','competitve_programing.pdf','2025-06-11 04:31:42.665684',NULL,'d8e8bc8f-fe15-4b42-b0ab-a21388924668',90160),('d9c6f246-4961-4f1c-bf2c-4359414c931a','application/pdf','4148619c-a1fa-415e-9860-3c93a0c61842_phan_tich_du_lieu_python.pdf',_binary '\0','phan_tich_du_lieu_python.pdf','2025-06-11 04:30:33.067996',NULL,'d8e8bc8f-fe15-4b42-b0ab-a21388924668',1019495),('dd69066b-b613-4441-9a35-9a8302b5afac','image/jpeg','916aed2c-5c76-490c-945c-4e6b4647d8f0_java_dev.jpg',_binary '','java_dev.jpg','2025-06-11 03:49:33.963415',NULL,'d8e8bc8f-fe15-4b42-b0ab-a21388924668',95826),('de6461a5-9e23-4aef-b5a0-398a9997eb34','image/jpeg','63bf18ac-da04-43ec-ab15-e262eb69670f_diego-hernandez-MSepzbKFz10-unsplash.jpg',_binary '','diego-hernandez-MSepzbKFz10-unsplash.jpg','2025-06-11 17:30:16.495525',NULL,'ea0c7864-91d9-420b-91d4-d22aeafa8dc1',795036),('def92649-5944-4e7a-a02e-562329d726ec','image/jpeg','56c89ff4-9fb5-4107-95ce-9baac8fb6362_michael-dam-mEZ3PoFGs_k-unsplash.jpg',_binary '','michael-dam-mEZ3PoFGs_k-unsplash.jpg','2025-06-11 15:52:07.309154',NULL,'ce25b107-8531-42d7-9ded-d73354a31fe2',1716739),('e01a8be2-35e3-4e18-a160-da95ffe3af1e','image/jpeg','4042fa8b-b07a-447f-a853-39a4de86ac5f_rayul-_M6gy9oHgII-unsplash.jpg',_binary '','rayul-_M6gy9oHgII-unsplash.jpg','2025-06-11 17:40:21.595571',NULL,'634ff39a-b52b-4e6d-b50c-8a4276d55a09',2049907),('eb39c394-74ca-4882-aec6-3c7a0a247e16','application/pdf','3b56ce4a-84a8-495d-b39e-d4c6c4562324_2023_Decuongchitiet_XSTK_MI2020_DHCQ__1_.pdf',_binary '\0','2023_Decuongchitiet_XSTK_MI2020_DHCQ (1).pdf','2025-06-11 04:19:19.370656',NULL,'d8e8bc8f-fe15-4b42-b0ab-a21388924668',586359),('ff1bed46-8dff-42dd-a720-d1b00d7da28a','image/jpeg','f86268af-cc79-46f5-8335-f8513be0f54d_aiony-haust-3TLl_97HNJo-unsplash.jpg',_binary '','aiony-haust-3TLl_97HNJo-unsplash.jpg','2025-06-11 17:05:52.849918',NULL,'54522d48-fdb0-426d-9103-1af4b9e3d6c0',1749527);
/*!40000 ALTER TABLE `uploaded_file` ENABLE KEYS */;
UNLOCK TABLES;

--
-- Table structure for table `user`
--

DROP TABLE IF EXISTS `user`;
/*!40101 SET @saved_cs_client     = @@character_set_client */;
/*!50503 SET character_set_client = utf8mb4 */;
CREATE TABLE `user` (
  `id` varchar(255) NOT NULL,
  `dob` date DEFAULT NULL,
  `first_name` varchar(255) DEFAULT NULL,
  `last_name` varchar(255) DEFAULT NULL,
  `password` varchar(255) DEFAULT NULL,
  `username` varchar(255) DEFAULT NULL,
  `avatar_url` varchar(255) DEFAULT NULL,
  `bio` varchar(255) DEFAULT NULL,
  `created_at` datetime(6) DEFAULT NULL,
  `email` varchar(255) DEFAULT NULL,
  `enabled` bit(1) NOT NULL,
  `gender` enum('MALE','FEMALE','OTHER') DEFAULT NULL,
  `phone` varchar(255) DEFAULT NULL,
  `updated_at` datetime(6) DEFAULT NULL,
  `login_fail_count` int NOT NULL,
  PRIMARY KEY (`id`)
) ENGINE=InnoDB DEFAULT CHARSET=utf8mb4 COLLATE=utf8mb4_0900_ai_ci;
/*!40101 SET character_set_client = @saved_cs_client */;

--
-- Dumping data for table `user`
--

LOCK TABLES `user` WRITE;
/*!40000 ALTER TABLE `user` DISABLE KEYS */;
INSERT INTO `user` VALUES ('0279bf91-d9d8-4703-9be0-e8140a21e340','2004-07-30','Nguyễn','Thế Anh','$2a$10$NN2Ey6LCBdGDRXgIR2gFUubEbAxfNQ/G4hkq7p2X8RHg15/ewmpe.','ntabodoiqua_test',NULL,'Test lỗi','2024-01-10 13:05:55.177527','test_api@gmail.com',_binary '\0','MALE','0111111111','2025-05-31 00:01:18.127276',10),('0570a778-98b7-45d6-abc8-84a24adf5aca','1995-03-22','Hao','Tran','$2a$10$ZFuA1eS6tszN.bxE5jLiCOX0JoJXWcxtrlqmTJ9GBzZ2tIRhyweu.','tranhao',NULL,'Lover of books and nature','2002-03-14 03:12:19.175145','tranhao@example.com',_binary '','MALE','0934567890','2025-06-10 15:47:40.126858',0),('0dbab16a-ae25-436b-b84c-35fa0b2d0528','2000-10-09','Minh','Dang','$2a$10$j.33k5GK393/Ae7VU9QZQumnV6lNfFLqr961P61e438uA5poHji.6','dangminh',NULL,'Tech lover and hiker','2018-05-20 18:04:29.090024','dangminh@example.com',_binary '','MALE','0931237895','2025-06-10 15:47:49.944870',0),('0dd71258-eb0c-4912-86f9-dffeb25a56b4','1997-05-17','Quang','Pham','$2a$10$d8YDSTkMi4.gJa3NQ8z.HeKwcnbSbMzMAMVC6Sd6uNIUoXxybK722','phamquang',NULL,'Tech enthusiast and gamer','2021-01-06 16:10:15.120776','phamquang@example.com',_binary '','MALE','0918765432','2025-06-10 15:47:41.291149',0),('1331d704-412e-4c08-972e-16da32a290af','2004-07-30','Thế Anh','Nguyễn 2','$2a$10$Q9a9B/ydyG9lrGMKC72cguMRR0E.zJvFQ16a01rbh.h8j8oFLF30G','06_04_2025',NULL,NULL,'2024-07-09 02:38:13.983762','anh04@gmail.com',_binary '\0','MALE','0966277105','2025-06-10 05:35:55.266186',10),('1347831a-2971-43c3-a442-4282353954fa','2000-10-25','Hoa','Ly','$2a$10$EZwD.niFQsfHUtfY0WxUG.D/ehYVYWTvIDYhwh0auoeHWIAy/EHhq','lyhoa',NULL,'Foodie and travel junkie','2008-09-19 12:40:51.206440','lyhoa@example.com',_binary '','FEMALE','0981234567','2025-06-10 15:47:42.574005',0),('18a72c1d-0e98-47db-95c7-eae1c4631900','1995-03-22','Hung','Tran','$2a$10$vY2GXHof9UhkGu8g4FzxEuVxozW7siNXjOfBA8AuTQ.OZyHcf2MyC','tranhung','https://example.com/avatars/tranhung.png','Passionate about coding and music','2020-11-11 07:29:56.730869','tranhung@example.com',_binary '','MALE','0987654325','2025-06-04 15:03:56.601452',0),('19fdf86c-2ed5-491e-8caf-eca2142fa0c2','1997-03-12','Hoa','Nguyen','$2a$10$oCM5p/.1w6DTBw7EjBhiSuJhKG1hLzXjaaZ1LOUkMyL.y8RyR80mS','nguyenhoa',NULL,'Nature enthusiast and coder','2001-11-29 23:27:37.684985','nguyenhoa@example.com',_binary '','FEMALE','0911237895','2025-06-10 15:47:46.771446',0),('22aaffe6-301b-427a-a573-f23bd32514c9','1994-08-09','Long','Vu','$2a$10$VO3xAgd9mJpprawjPaHMdOV89h.OIO0iaDNLlDnNzqit5K8w7L8Ve','vulong',NULL,'Gamer and fitness enthusiast','2023-03-23 22:48:39.882274','vulong@example.com',_binary '','MALE','0951237896','2025-06-10 15:47:48.862341',0),('2d4c8c93-420c-4a8d-a4b0-46f6dc0acbb7','2000-05-22','Trinh','Bui','$2a$10$vog.xgR6vc79gPdKCHtKv.vBf7/uNBE0//abVf0OzYD//jo9aljeW','buitrinh',NULL,'Music lover and foodie','2008-09-20 19:40:55.006370','buitrinh@example.com',_binary '','FEMALE','0983214567','2025-06-10 15:47:45.268682',0),('32d49611-27ae-4d74-ba4c-3ac74f1429c9','2001-08-05','Thuy','Pham','$2a$10$.ytl2xE6bDFTtWkvej9WIOd.YCzrigEBgmwsqcv0KiES1/RcG0FQK','phamthuy',NULL,'Art lover and travel enthusiast','2024-10-07 05:58:58.034987','phamthuy@example.com',_binary '','FEMALE','0927894561','2025-06-10 15:47:45.943211',0),('35a4cb80-9186-4b67-ad74-a02f829ec904','1997-01-08','Duy','Ngo','$2a$10$ZAtzBOhszHHD9gQ2Hn8Ws.UVbFTFQgj6O1nfsuUA43cvk1McMO8Ny','ngoduy',NULL,'Sports lover and coder','2021-06-03 18:52:32.805783','ngoduy@example.com',_binary '','MALE','0919876543','2025-06-10 15:47:42.750529',0),('37a39b95-10ec-407b-abb6-e47c5b63cf30','2004-07-30','Nguyễn','Thế Anh','$2a$10$Nc9L0J.viNEBH8ikJdTuC.heAMEsNIJqvZ7CeofvfldYT8IRfRIT6','test_dangky_toast',NULL,'Test với thông báo toast','2007-05-26 04:26:15.573911','thuthucallme@gmail.com',_binary '\0','FEMALE','0231515475','2025-05-30 23:54:15.230532',10),('381034b9-01a1-43d3-8bbd-fe58b194a7b5','2004-07-30','Nguyễn','Thế Em','$2a$10$aQ3T.A8pGNoIcQiCTCNItO8ClgcWq2rWN4yoiK0ql.zkSPAILLUja','test_frontend_dangky',NULL,'Đang test đăng ký','2023-07-21 13:34:02.102161','testdangky@gmail.com',_binary '','MALE','0123456789','2025-05-30 23:44:13.799453',0),('381c9052-563e-4c60-a56e-47391d5abdac','2001-10-12','Trang','Pham','$2a$10$jRsbrr3UJf6PMaMRa.HtS.AH1FxQPMkudSwDdHaEOF.1sH40TuUkG','phamtrang',NULL,'Art enthusiast and nature lover','2019-04-28 06:31:51.439030','phamtrang@example.com',_binary '','FEMALE','0924567893','2025-06-10 15:47:44.639178',0),('3a4a69f9-d7d4-4cf8-8426-f03b726b11ee','1995-06-18','Khoa','Tran','$2a$10$zfp1J6KfmwcTCkiJRanhOeAYvgMOWc0NapKKo39.SvnjONACgrqwy','trankhoa',NULL,'Tech lover and gamer','2000-07-14 15:57:36.538622','trankhoa@example.com',_binary '','MALE','0971234568','2025-06-10 15:47:44.490437',0),('3bcae973-6947-4a41-9085-579c957d3531','1994-02-17','Thi','Dang','$2a$10$gBo92IP7lX6YzvhxsmR6x.9xP/8Z/l6XdvpHlRGCmqdjXK6WbFbDu','dangthi',NULL,'Music enthusiast and foodie','2020-12-16 12:12:50.025977','dangthi@example.com',_binary '','FEMALE','0937891234','2025-06-10 15:47:46.458773',0),('3c56e2bf-2791-4c77-8f3d-e355eb9d6623','1995-11-29','Van','Le','$2a$10$uGnk2fEqwE28ldXJy.2pKOXQ1pYoeFBE4wO8nv6C1DTftbweWyEda','levan',NULL,'Tech enthusiast and hiker','2001-07-12 13:11:49.163977','levan@example.com',_binary '','MALE','0973214567','2025-06-10 15:47:43.143043',0),('3df9501a-61bf-4366-9d4d-5aa3fe41d43c','1998-07-30','Thi','Vu','$2a$10$U/nGyhusC/WKr2DSD3Ux..xw9JfLKAYKRSCmJKb1ixA.EmL0cD4ly','vuthi',NULL,'Bookworm and photographer','2021-01-05 05:20:57.391911','vuthi@example.com',_binary '','FEMALE','0953214567','2025-06-10 15:47:44.945774',0),('3edd762d-997c-43c8-90a4-3322dd942200','1994-04-02','Trang','Dang','$2a$10$BNFcamQ1ty9f5AwsRs7UFe7v6p8T5YZWQnsGBSXL.U.WHgOVezyte','dangtrang',NULL,'Nature lover and coder','2024-03-26 11:09:47.117578','dangtrang@example.com',_binary '','FEMALE','0931234567','2025-06-10 15:47:47.731897',0),('3f345836-677d-4370-9ba0-233ba1f95c6b','2000-11-05','Nguyễn Văn','Phúc','$2a$10$V2UXM70j/s9Ge1U8pfUr6u4Y6uHVEBNN5sX5glsrf.eT4Cep8BEA.','nguyenphuc','/uploads/public/3de31f7e-a7ca-49f2-9bd0-98b6ceebf70e_IMG_1627.jpg','Đam mê công nghệ, đặc biệt là phát triển web và Java','2007-04-19 15:46:30.062116','vanphuc@example.com',_binary '','MALE','0987654321','2025-06-11 15:41:55.146408',0),('421a3e1b-8826-47e1-91f5-7e11cc3beaf3','2004-07-30','Nguyễn','Thế Anh','$2a$10$ZFUcdtdS.sL.fIJgYHymRud3OuZ7uv9C.F3IYObxCfgmLK/YO3V92','ntabodoiqua',NULL,'I\'m the best','2014-08-14 21:23:31.607804','anh.nt224921@sis.hust.edu.vn',_binary '','MALE','0979264019','2025-05-30 22:53:14.679113',0),('4c1b48b3-1fa5-4399-9b96-49241768527b','1998-01-12','Quang','Hoang','$2a$10$s.k4g82o.6TH3vp44xymkOw23BxAucDO32H5A3AC1Cc2ghiWh4ssS','hoangquang',NULL,'Gamer and fitness lover','2000-05-16 11:38:34.502629','hoangquang@example.com',_binary '','MALE','0964561239','2025-06-10 15:47:49.645029',0),('4c6f180f-a30f-4784-b688-560a370da632','1994-06-26','Thuy','Vu','$2a$10$4AI4xHNsK5FQNvcDIkZBVu1Vn/U7yOrjlo.fV8qVX5UhxoWLHNz6e','vuthuy',NULL,'Art enthusiast and foodie','2008-11-02 18:02:40.339688','vuthuy@example.com',_binary '','FEMALE','0957894563','2025-06-10 15:47:49.783347',0),('52ee2a80-66d0-4dff-8902-d9526a7c3876','1995-04-10','Khoi','Tran','$2a$10$Rlbqc5iA51p9jf0efsQTKuGvIiyXpI5KA4DYzh0bxGkXTGQ1xWro.','trankhoi',NULL,'Tech nerd and coffee addict','2017-08-30 07:18:03.840509','trankhoi@example.com',_binary '','MALE','0974561238','2025-06-10 15:47:45.765532',0),('54522d48-fdb0-426d-9103-1af4b9e3d6c0','1998-06-14','Thuy','Hoang','$2a$10$vzvMMTw6jXTRPj5kko11QeTR5eXO/oLjTUSPDRy3WRATvRPiiX.Ca','hoangthuy','/uploads/public/f86268af-cc79-46f5-8335-f8513be0f54d_aiony-haust-3TLl_97HNJo-unsplash.jpg','Chuyên gia đào tạo kỹ thuật viên phần mềm, đam mê giảng dạy và ứng dụng công nghệ mới.','2010-12-18 06:22:44.833440','hoangthuy@example.com',_binary '','FEMALE','0967891235','2025-06-11 17:06:07.167093',0),('555842ec-a12e-4039-b84c-6712671930e9','1994-08-27','Khoa','Dang','$2a$10$80h58RbYoviVIxX/cYAOoOKj8U1QL4cz3fe5K8SoQ7cFRY2/UXMjC','dangkhoa',NULL,'Tech nerd and coffee addict','2001-10-29 09:59:57.295629','dangkhoa@example.com',_binary '','MALE','0967891234','2025-06-10 15:47:42.046861',0),('56ebb183-c5c8-4c22-a455-2c1cf61100a7','2000-10-30','Khoa','Bui','$2a$10$51qvwlnvq4LWBbdvF7rbku1SGM20I1Vs6EC4U4kglhS1YLXpQ6uFK','buikhoa',NULL,'Tech lover and hiker','2001-08-30 06:51:55.627783','buikhoa@example.com',_binary '','MALE','0984561237','2025-06-10 15:47:46.633907',0),('57c10e58-5387-4964-8910-2f8eec25c9d2','1996-12-05','Long','Hoang','$2a$10$J5lvVxyCiwoqLvxyh9hmOeoAPplSy7jUMzYOcg5xxcO3yREUmaBJ2','hoanglong',NULL,'Fitness junkie and coder','2002-10-31 04:20:10.901982','hoanglong@example.com',_binary '','MALE','0976543210','2025-06-10 15:47:41.672362',0),('634ff39a-b52b-4e6d-b50c-8a4276d55a09','1997-08-23','Quang','Nguyen','$2a$10$59ecjytbcM4UIavlyX1vTeEkLSvv7qYLJEz7kGka/wOW5gHaIGCaW','nguyenquang','/uploads/public/4042fa8b-b07a-447f-a853-39a4de86ac5f_rayul-_M6gy9oHgII-unsplash.jpg',NULL,'2009-03-03 01:05:32.276521','nguyenquang@example.com',_binary '','MALE','0915432678','2025-06-10 15:55:05.172987',0),('65f9be9d-0480-4a41-99f1-9b1a83bb584c','1997-12-29','Thuy','Nguyen','$2a$10$z.1hcVkyU0veiZCMA/Xr1ecBoQEge7SB.U.VbNoeGve6MJKHHWc.6','nguyenthuy','/uploads/public/e48dd203-f375-43e4-ade6-79e14931f940_jake-nackos-IF9TK5Uy-KI-unsplash.jpg',NULL,'2011-12-08 16:27:34.326614','nguyenthuy@example.com',_binary '','FEMALE','0914567892','2025-06-10 15:55:08.718905',0),('684ff5c0-9fd9-4bb1-97d3-cb5d6dffbc80','2000-12-22','Hoa','Dang','$2a$10$YWrADyReClhy08LBXH0mjeFfjA30GQH.Cg/hOeBc/ptXcDbanNrQu','danghoa',NULL,'Art lover and foodie','2006-10-04 07:01:40.453466','danghoa@example.com',_binary '','FEMALE','0934567892','2025-06-11 19:34:35.303824',0),('6a4fca84-ce6b-4141-bfa4-ee08b30b7539','1999-07-03','Thi','Tran','$2a$10$dqy4To9nuNyAmRnLmB1IfOF6AWtXkYd9LF3VOAzjDbQ1c7R4BG.76','tranthi',NULL,'Bookworm and dreamer','2023-05-25 09:46:02.937441','tranthi@example.com',_binary '','FEMALE','0945678901','2025-06-10 15:47:42.976257',0),('6c6a6692-3d7d-4763-ba9a-057d848f5701','1996-07-02','Minh','Tran','$2a$10$e7lNGY6QVKcNo/Bqw0udlufJqBhh6z5daap5ID9/tKYseCWJHNdty','tranminh',NULL,'Gamer and fitness enthusiast','2020-06-17 03:45:40.976765','tranminh@example.com',_binary '','MALE','0977891236','2025-06-10 15:47:52.162975',0),('6d42cb90-da27-450b-bfa9-ed736489eb8d','2001-02-18','Hoa','Tran','$2a$10$sGOa8VEJ61YhLYbCCmAtEOVXVecI5AS92yzvdqU5U1IGOTR0Tz7PS','tranhoa',NULL,'Music enthusiast and dreamer','2006-09-12 13:30:41.721459','tranhoa@example.com',_binary '','FEMALE','0971237894','2025-06-10 15:47:48.376529',0),('6f82af95-272e-409f-a096-182ea320647d','1994-05-14','Long','Dang','$2a$10$ROKQiVNyGCtW6w.oimLE0ushy8r1lXhRSuepi6u5OpB0/R5LbMjvy','danglong',NULL,'Tech nerd and coffee lover','2022-12-10 08:16:48.326955','danglong@example.com',_binary '','MALE','0937894561','2025-06-10 15:47:43.806012',0),('7897a479-6c87-4fdd-8bac-25a129b4fd8f','1996-11-28','Trinh','Pham','$2a$10$GszF8lZe1Zw3Yi3jwxWAd.6UKTtUnKKHK0CKTrAR02Y4QYC8p1RA.','phamtrinh',NULL,'Nature enthusiast and photographer','2018-05-14 00:52:24.120358','phamtrinh@example.com',_binary '','FEMALE','0921234567','2025-06-10 15:47:49.500482',0),('7b3d52e3-46bf-480c-9316-ebe2f09cbfcd','1996-12-19','Duy','Hoang','$2a$10$zgM/J8zzEJZtyx0LIBzO/uT9iJdFX//H8cWv4yeHnTWV5nJDlq0Ty','hoangduy',NULL,'Gamer and fitness lover','2023-01-02 03:32:00.270881','hoangduy@example.com',_binary '','MALE','0961237894','2025-06-10 15:47:46.106940',0),('7d4ade7e-4841-4682-a4fc-a21f45a3b997','1999-01-28','Trang','Ly','$2a$10$XOhHurmjvLuCgveNOav38uR0c/SVlXh7YKGAoxCRdpKXa.vSu.f1G','lytrang','/uploads/public/b959e60c-fa1a-4966-8e9b-410ddb8e33c1_toa-heftiba-O3ymvT7Wf9U-unsplash.jpg',NULL,'2009-02-02 15:03:15.643289','lytrang@example.com',_binary '','FEMALE','0941237896','2025-06-10 15:54:47.144340',0),('7d92b924-e1d9-47ab-b75b-083fd087d54c','1993-06-12','Minh','Doan','$2a$10$cs7UIczaABRXQ38heDk7f.vnOALqYSDNwywxg1pN5Ks/03suNcd5q','doanminh',NULL,'Gamer and tech lover','2001-11-10 16:40:41.053755','doanminh@example.com',_binary '','MALE','0932145678','2025-06-10 15:47:42.416745',0),('7e76fdd0-7d9a-4a9b-81fc-17d0f3315b83','2000-12-01','Hoa','Bui','$2a$10$77HOWbnycj/1segz4NvGMON765D2WaLMysLv8MCfwgShgFXkiD5gS','buihoa','/uploads/public/51c77f05-2dbc-4513-b653-40e8940163c2_nicolas-horn-MTZTGvDsHFY-unsplash.jpg','Music enthusiast and dreamer','2007-06-12 14:14:01.988869','buihoa@example.com',_binary '','FEMALE','0984563210','2025-06-10 15:47:43.982646',0),('801117bb-e5a9-47f4-b4da-c3f502f88c12','1996-10-11','Minh','Pham','$2a$10$XqTZGBQJaFVUkAklpLxnfuI2zjtHSbelWoG8gGpiZBVCASn1aeDOi','phamminh',NULL,'Tech nerd and coffee addict','2006-03-25 21:08:32.433033','phamminh@example.com',_binary '','MALE','0924561237','2025-06-10 15:47:48.534571',0),('8510fa62-b4f7-42d0-9929-25a0f1b6cc08','1998-04-25','Trang','Hoang','$2a$10$jPYDtjjIEFYtuszuO4OLi.oi/3oChRAfneM0DRstYfK0PkZEHebCy','hoangtrang',NULL,'Nature lover and photographer','2008-10-25 15:01:00.848516','hoangtrang@example.com',_binary '','FEMALE','0967894561','2025-06-10 15:47:48.705045',0),('861e7675-7b3b-424e-a48e-c0fabe65e536','2004-07-30','Anh','Nguyen The','$2a$10$98isROadMq4A14KQddqTLuGF.era4VT4vxO9GCZBPbUM3zhbRQiKq','anhnta2004','/uploads/public/c11b4ca1-2640-4f83-ac3d-c1c4666ff942_vicky-hladynets-C8Ta0gwPbQg-unsplash.jpg','Top 1 at IT1-HUST 2','2025-05-24 11:39:51.593437','anhnta2004@gmail.com',_binary '','MALE','0966277109','2025-06-09 01:34:58.954406',0),('87355d46-4780-4b42-a531-a3b30cd50250','1995-03-02','Minh','Ly','$2a$10$3QS6j2WzOfypXwuRaJNcB.5U2Lq/r9fxRqqZ.ks.OxlVfYwbWqWV.','lyminh',NULL,'Sports lover and coder','2024-04-10 13:16:43.071593','lyminh@example.com',_binary '','MALE','0944561238','2025-06-10 15:47:49.312432',0),('8f3f73ed-3024-4778-ae89-5a1955bd9209','2000-11-05','Hieu','Pham','$2a$10$FYE.H2W4isZas5qWOkGfkO8uvPXngap.rhI0XQay1Q7bdXYKgBjdK','lequang','/uploads/public/0f7abae1-9a8c-4fe3-a259-722ab3464c7e_nguyen-dang-hoang-nhu-qDgTQOYk6B8-unsplash.jpg','Avid learner and software enthusiast','2019-10-11 07:24:26.227612','phamhieu@example.com',_binary '','MALE','0945123789','2025-06-04 00:46:02.201722',0),('90bc89ad-a8c8-41a4-80b5-7f3e34c248af','1999-04-09','Thuy','Ly','$2a$10$PryTtloPqs60bIw.zA8zF./nd/pQxcbg.ftD2iSx5DAAIun.La/KS','lythuy',NULL,'Foodie and travel enthusiast','2000-08-21 21:12:27.573235','lythuy@example.com',_binary '','FEMALE','0948761235','2025-06-10 15:47:44.323332',0),('937e4cdf-36b7-4e43-b24b-42ff72824bfa','2004-07-30','Nguyễn','Thế Anh','$2a$10$a7wIw5p6h.JKP2UNk5SsTuUQF2.sLXgMyw6SUgyMJU/1LA7aQPCyO','ntabodoiqua',NULL,'I\'m the best','2020-02-13 11:49:20.833299','anh.nt224921@sis.hust.edu.vn',_binary '','MALE','0979264019','2025-05-30 22:53:14.679761',0),('94d3c6a2-4505-44db-9895-735cf62aab4f','1999-03-19','Khoi','Ly','$2a$10$DC9MeYBziKJX1zA6Q16lwe96QDTv9WWVoArDby2Dyq.j/FBbq.DaC','lykhoi',NULL,'Tech nerd and coffee addict','2022-06-05 19:29:49.096745','lykhoi@example.com',_binary '','MALE','0944567894','2025-06-10 15:47:51.997996',0),('9b9d311b-ad48-4eb8-aab7-24567f8fbedd','2000-07-27','Thuy','Dang','$2a$10$YIBjfXwnIbJCMcGtwnbXUOdQFpZQ1TfK8vsGaQKTwVxX4sdsuV62G','dangthuy',NULL,'Music lover and coder','2000-12-13 14:01:29.633787','dangthuy@example.com',_binary '','FEMALE','0937894562','2025-06-10 15:47:50.910119',0),('a0c5ecb8-0cc7-4513-8b40-27a94b021320','1996-09-20','Khoa','Hoang','$2a$10$/rWNqudGS50SkFFI5YlM1OMQ5qXEHG2L0M2WtUt3/mI25jR0vmbze','hoangkhoa','/uploads/public/70a6ec1a-35f4-4663-9240-ed835b3d7529_ta_hai_tung_vt_soict.jpg','Nghiên cứu chuyên sâu về máy học và AI, từng báo cáo tại nhiều hội thảo quốc tế.','2013-09-20 11:38:22.528654','hoangkhoa@example.com',_binary '','MALE','0965432109','2025-06-11 16:46:12.678720',0),('aa4f1fb1-3783-4768-b5ac-20b3e17e14bc','1995-06-04','Khoa','Ly','$2a$10$DbXYBWZ8DqLbG9WJ/Artj.wkb8kLGxz3A6LQtroRFB6JQk1bpbWRC','lykhoa','/uploads/public/029d7550-eac0-4a78-b9b3-5eeb39127273_DHP_5332-684x1024.jpg','Đam mê lập trình di động và phát triển ứng dụng thực tế, tham gia giảng dạy từ năm 2017.','2014-12-01 16:07:50.391866','lykhoa@example.com',_binary '','MALE','0947891235','2025-06-11 17:28:13.635288',0),('acbf5dd7-f035-49fa-bd5e-7d99ba0f9c3e','1994-11-16','Quang','Dang','$2a$10$GoB4rKVmStZssuY6eAHWJ.nKvDZj.oLYOC.LcpgeE6XMZcjJ/Ki22','dangquang',NULL,'Tech enthusiast and hiker','2008-01-04 21:44:30.023326','dangquang@example.com',_binary '','MALE','0936547891','2025-06-10 15:47:45.125443',0),('b5fd0695-9dcf-4e2f-ab72-54e049f79cf0','1997-09-14','Long','Nguyen','$2a$10$kUJ4U9wpPPtDeS0CUvReiOVsZIV6v1oRm56hskGLELoVhOGAkSXG.','nguyenlong',NULL,'Sports enthusiast and coder','2020-09-18 12:19:22.590989','nguyenlong@example.com',_binary '','MALE','0917894563','2025-06-10 15:47:45.439858',0),('b7d1a7cd-cf93-4f60-a650-4be8c73b84e3','1998-06-03','Minh','Vu','$2a$10$68F3aWVQu4VuNE6w3JdOWOxNdealDH8.k2JaLyshzqkOginBn1Z7C','vuminh',NULL,'Bookworm and photographer','2003-04-20 20:23:50.534924','vuminh@example.com',_binary '','MALE','0954567892','2025-06-10 15:47:46.283355',0),('b979c51d-27d4-470d-a9a7-967a7c7fdeef','1995-11-08','Trinh','Tran','$2a$10$.ECjKCQc8TEcdDTwcEPvaOeHZk1OSjeMMpuUSy.oVNXX8402zGovy','trantrinh',NULL,'Art enthusiast and foodie','2005-03-10 17:01:27.551608','trantrinh@example.com',_binary '','FEMALE','0977894562','2025-06-10 15:47:47.108174',0),('bbb3cf07-89e6-4007-b4ec-e8ed8cb173ce','1996-05-21','Long','Pham','$2a$10$iL1iT15mgLoTXYDfEo3ERuDobd5PtVNTrbSCo2tMwplHcJMZCo5ca','phamlong',NULL,'Tech nerd and coffee lover','2016-01-17 23:56:10.803224','phamlong@example.com',_binary '','MALE','0921237896','2025-06-10 15:47:47.255606',0),('bcd913e4-9ece-4a0f-83c5-5e365f4a25d4','2000-08-16','Quang','Bui','$2a$10$O7LV91KZJN5bx73TgrASKOeMDswVbbD/urE3Cyrqs.D/wkzPMHE7a','buiquang','/uploads/public/b00b13e0-9ae1-4768-b1a2-77e54599656a_Tran-Nguyen-Ngoc.jpg','Giảng viên cao cấp chuyên ngành Mạng máy tính và An ninh mạng, tác giả của nhiều bài báo quốc tế.','2013-10-30 20:36:58.011255','buiquang@example.com',_binary '','MALE','0987894563','2025-06-11 15:51:10.060233',0),('befcf41d-1d85-4897-9839-7a37e3543f21','1999-07-26','Quang','Ly','$2a$10$iPzEsD.OmQGgVT3pVYhPRugyYJR8j9pRpA4j8m/e8nOAGRPRqjbDe','lyquang',NULL,'Sports lover and dreamer','2021-01-06 07:16:42.296557','lyquang@example.com',_binary '','MALE','0944567893','2025-06-10 15:47:46.922430',0),('bf2bdf99-f152-4815-8ce2-3b944b3909cb','2001-03-15','Hoa','Pham','$2a$10$Yfv.hWHA5Ky4XuRUVMaJq.kiR6RplvnuGpfks9l8iNw.XsU9DL5XO','phamhoa',NULL,'Art lover and foodie','2012-10-03 22:33:04.098979','phamhoa@example.com',_binary '','FEMALE','0926789012','2025-06-10 15:47:43.322871',0),('c137236b-7700-4c32-926e-aa686b6d28f9','2001-01-14','Thi','Hoang','$2a$10$NCRYaCIAoD65Ldlg6BpOTurCNEELNk2dMOJTKLG2bcZwAmmWIdH9G','hoangthi',NULL,'Music lover and photographer','2000-09-27 18:55:38.255180','hoangthi@example.com',_binary '','FEMALE','0964567891','2025-06-10 15:47:47.415556',0),('c2445ec6-5e05-4d14-b3a4-b15512947902','1998-02-07','Trang','Vu','$2a$10$VYJdTnYccCT0xLqLKzsNJORHi0DvkDFUs3rf9tAMhfNqK8q3cOZBi','vutrang',NULL,'Nature lover and photographer','2016-04-06 02:59:21.628920','vutrang@example.com',_binary '','FEMALE','0956781234','2025-06-10 15:47:43.651566',0),('c71a6b5b-ff60-497a-beac-61a29ca26d83','1996-03-25','Minh','Hoang','$2a$10$OIZwBXEnrYSCglAmWN6k0.q37KrIwRP4LbnFZ5/KIJviUXhONd2D2','hoangminh',NULL,'Fitness junkie and coder','2002-11-05 06:10:21.029016','hoangminh@example.com',_binary '','MALE','0967894562','2025-06-10 15:47:44.798310',0),('c8146c2e-67fd-47fc-8a33-1efa6d7d83d7','2000-03-11','Trinh','Dang','$2a$10$H/mqD2G91O2UtWnk2HDk4OQwnrO.7H6ejBPUdXzXOztMBZaCTnrRy','dangtrinh','/uploads/public/d685c2b2-892e-460a-b100-11bea57378e7_rafaella-mendes-diniz-et_78QkMMQs-unsplash.jpg','Giảng viên Toán ứng dụng và Phân tích dữ liệu, từng làm việc tại nhiều trung tâm nghiên cứu lớn.','2016-04-07 21:54:02.908277','dangtrinh@example.com',_binary '','FEMALE','0934561237','2025-06-11 16:09:04.119638',0),('c81818c1-9ccf-455f-8419-270df4c59fff','2001-02-14','Thao','Vu','$2a$10$QiTZwEcNUzia168Wuu4se.aOoJPXAJoM4lThcyPoS/oUdaB6mT1Ra','vuthao',NULL,'Art lover and dreamer','2021-12-21 18:59:38.104294','vuthao@example.com',_binary '','FEMALE','0923456781','2025-06-10 15:47:41.836335',0),('ce25b107-8531-42d7-9ded-d73354a31fe2','1998-04-19','Trang','Bui','$2a$10$LwmhVsm99GX/1dtr/7xpo.HBc38/akXJGlvoQKPt1QlSzkcVLeVEW','buitrang','/uploads/public/56c89ff4-9fb5-4107-95ce-9baac8fb6362_michael-dam-mEZ3PoFGs_k-unsplash.jpg','Chuyên gia đào tạo về thiết kế UI/UX và phát triển phần mềm, đã tham gia nhiều dự án công nghệ trong và ngoài nước.','2010-03-26 05:16:28.446596','buitrang@example.com',_binary '','FEMALE','0954321678','2025-06-11 15:52:18.127629',0),('d19c591a-cd97-4e23-9e56-07dabf3b9eea','1996-02-02','Quang','Tran','$2a$10$dj8E33Jfwo2Tci1L6/xP7.oTJU4IBL2dA9KbD5rkTFhDhuKXwdLZ2','tranquang',NULL,'Tech nerd and coffee addict','2010-08-27 17:23:51.570056','tranquang@example.com',_binary '','MALE','0974567892','2025-06-10 15:47:50.336508',0),('d22ed785-b3f3-43c1-afbc-7569e4637607','2004-07-30','Nguyễn','Thế Anh','$2a$10$FaXVy.IsRhB9CoR10bU4kODXZRYbAMtBryVcBrGvg.LP6R6NlN/dG','ntabodoiqua',NULL,'I\'m the best','2022-07-30 23:10:17.160447','anh.nt224921@sis.hust.edu.vn',_binary '','MALE','0979264019','2025-05-30 22:53:14.676973',0),('d35b1d57-a49a-4f52-aa77-6039a4c7b298','1999-09-30','Thi','Nguyen','$2a$10$ioW3OL1pHHO.b520aZ79Ie9HjofZgSldEcTX7inNM3qjuMIwNByPC','nguyenthi',NULL,'Avid reader and foodie','2004-09-06 15:40:18.742023','nguyenthi@example.com',_binary '','FEMALE','0943216789','2025-06-10 15:47:41.475016',0),('d8e8bc8f-fe15-4b42-b0ab-a21388924668','1990-09-02','Quản','Trị','$2a$10$HdyggsPDCq7xwARPm.ctF.csQyD0M5K.sZRQRt5XFmkivCpKMAC46','admin','/files/public/32ec82f7-a70d-4502-8a59-837e47cdc34d_WIN_20240430_17_08_42_Pro.jpg',NULL,'2006-07-06 08:51:04.878730','admin@innolearn.com',_binary '','MALE','0979264012','2025-06-11 17:37:06.128891',0),('dff1521d-38ec-4ba5-a4bc-a423eb94a151','2001-06-16','Khoi','Pham','$2a$10$uA9ByrlZqumkn0CdaQ/VOuiXnEEfGDAdgXq9zmpw5vVSad9bPA7DO','phamkhoi',NULL,'Gamer and fitness enthusiast','2018-07-04 21:14:52.817537','phamkhoi@example.com',_binary '','MALE','0927891234','2025-06-10 15:47:50.501870',0),('ea0c7864-91d9-420b-91d4-d22aeafa8dc1','2000-08-10','Van','Nguyen','$2a$10$gRuRaC9w/qibiohoqzhK4uKlP9vCOo.2edqv/fXxGtSnU6bBQCLoG','nguyenvan','/uploads/public/63bf18ac-da04-43ec-ab15-e262eb69670f_diego-hernandez-MSepzbKFz10-unsplash.jpg','Chuyên về đào tạo kỹ năng mềm và quản trị dự án CNTT, tích lũy kinh nghiệm từ nhiều doanh nghiệp công nghệ.','2022-03-04 07:41:36.101454','anhnta2@gmail.com',_binary '','MALE','0966277100','2025-06-11 17:35:03.860181',0),('ed05803c-8678-4b49-a571-2e376209a3dd','1998-09-27','Khoi','Vu','$2a$10$ildIoI.SDPbqc4hlBLcL1upg9uS5dTNPfvZX./AqRQWADzQO46zkO','vukhoi','/uploads/public/0adae29d-3faa-4997-8cab-2e2d7dd34800_nguyen-dang-hoang-nhu-qDgTQOYk6B8-unsplash.jpg','Gamer and fitness enthusiast','2004-07-03 22:43:48.704613','vukhoi@example.com',_binary '','MALE','0957891234','2025-06-10 15:47:47.556958',0),('f120d46e-f8b4-4c5a-9b7e-db380f3217b5','2004-07-30','Nguyễn','Thế Anh','$2a$10$whficj40ymtyLCkadPvnyO1JXiA4agZWo7ZGm5uUMzSpHMGM97l7O','test_dangky_2',NULL,'Test đăng ký lần 2','2006-11-05 18:34:37.868663','testdangky2@gmail.com',_binary '','MALE','0000000000','2025-05-30 23:49:20.979388',0),('f6e31588-fa6a-48b5-8db0-4b34cf1e1e3d','1998-10-30','Trinh','Hoang','$2a$10$IE49nGIVVZvSM/hafXCsqOQsP9vg2DmRRPthvQQcNeTMW4wqvCiFa','hoangtrinh',NULL,'Art lover and photographer','2020-09-18 00:42:07.879433','hoangtrinh@example.com',_binary '','FEMALE','0961234567','2025-06-10 15:47:50.682434',0);
/*!40000 ALTER TABLE `user` ENABLE KEYS */;
UNLOCK TABLES;

--
-- Table structure for table `user_roles`
--

DROP TABLE IF EXISTS `user_roles`;
/*!40101 SET @saved_cs_client     = @@character_set_client */;
/*!50503 SET character_set_client = utf8mb4 */;
CREATE TABLE `user_roles` (
  `user_id` varchar(255) NOT NULL,
  `roles_name` varchar(255) NOT NULL,
  PRIMARY KEY (`user_id`,`roles_name`),
  KEY `FK6pmbiap985ue1c0qjic44pxlc` (`roles_name`),
  CONSTRAINT `FK55itppkw3i07do3h7qoclqd4k` FOREIGN KEY (`user_id`) REFERENCES `user` (`id`),
  CONSTRAINT `FK6pmbiap985ue1c0qjic44pxlc` FOREIGN KEY (`roles_name`) REFERENCES `role` (`name`)
) ENGINE=InnoDB DEFAULT CHARSET=utf8mb4 COLLATE=utf8mb4_0900_ai_ci;
/*!40101 SET character_set_client = @saved_cs_client */;

--
-- Dumping data for table `user_roles`
--

LOCK TABLES `user_roles` WRITE;
/*!40000 ALTER TABLE `user_roles` DISABLE KEYS */;
INSERT INTO `user_roles` VALUES ('d8e8bc8f-fe15-4b42-b0ab-a21388924668','ADMIN'),('3f345836-677d-4370-9ba0-233ba1f95c6b','INSTRUCTOR'),('54522d48-fdb0-426d-9103-1af4b9e3d6c0','INSTRUCTOR'),('634ff39a-b52b-4e6d-b50c-8a4276d55a09','INSTRUCTOR'),('65f9be9d-0480-4a41-99f1-9b1a83bb584c','INSTRUCTOR'),('7d4ade7e-4841-4682-a4fc-a21f45a3b997','INSTRUCTOR'),('a0c5ecb8-0cc7-4513-8b40-27a94b021320','INSTRUCTOR'),('aa4f1fb1-3783-4768-b5ac-20b3e17e14bc','INSTRUCTOR'),('bcd913e4-9ece-4a0f-83c5-5e365f4a25d4','INSTRUCTOR'),('c8146c2e-67fd-47fc-8a33-1efa6d7d83d7','INSTRUCTOR'),('ce25b107-8531-42d7-9ded-d73354a31fe2','INSTRUCTOR'),('ea0c7864-91d9-420b-91d4-d22aeafa8dc1','INSTRUCTOR'),('0279bf91-d9d8-4703-9be0-e8140a21e340','STUDENT'),('0570a778-98b7-45d6-abc8-84a24adf5aca','STUDENT'),('0dbab16a-ae25-436b-b84c-35fa0b2d0528','STUDENT'),('0dd71258-eb0c-4912-86f9-dffeb25a56b4','STUDENT'),('1331d704-412e-4c08-972e-16da32a290af','STUDENT'),('1347831a-2971-43c3-a442-4282353954fa','STUDENT'),('18a72c1d-0e98-47db-95c7-eae1c4631900','STUDENT'),('19fdf86c-2ed5-491e-8caf-eca2142fa0c2','STUDENT'),('22aaffe6-301b-427a-a573-f23bd32514c9','STUDENT'),('2d4c8c93-420c-4a8d-a4b0-46f6dc0acbb7','STUDENT'),('32d49611-27ae-4d74-ba4c-3ac74f1429c9','STUDENT'),('35a4cb80-9186-4b67-ad74-a02f829ec904','STUDENT'),('37a39b95-10ec-407b-abb6-e47c5b63cf30','STUDENT'),('381034b9-01a1-43d3-8bbd-fe58b194a7b5','STUDENT'),('381c9052-563e-4c60-a56e-47391d5abdac','STUDENT'),('3a4a69f9-d7d4-4cf8-8426-f03b726b11ee','STUDENT'),('3bcae973-6947-4a41-9085-579c957d3531','STUDENT'),('3c56e2bf-2791-4c77-8f3d-e355eb9d6623','STUDENT'),('3df9501a-61bf-4366-9d4d-5aa3fe41d43c','STUDENT'),('3edd762d-997c-43c8-90a4-3322dd942200','STUDENT'),('3f345836-677d-4370-9ba0-233ba1f95c6b','STUDENT'),('421a3e1b-8826-47e1-91f5-7e11cc3beaf3','STUDENT'),('4c1b48b3-1fa5-4399-9b96-49241768527b','STUDENT'),('4c6f180f-a30f-4784-b688-560a370da632','STUDENT'),('52ee2a80-66d0-4dff-8902-d9526a7c3876','STUDENT'),('54522d48-fdb0-426d-9103-1af4b9e3d6c0','STUDENT'),('555842ec-a12e-4039-b84c-6712671930e9','STUDENT'),('56ebb183-c5c8-4c22-a455-2c1cf61100a7','STUDENT'),('57c10e58-5387-4964-8910-2f8eec25c9d2','STUDENT'),('634ff39a-b52b-4e6d-b50c-8a4276d55a09','STUDENT'),('65f9be9d-0480-4a41-99f1-9b1a83bb584c','STUDENT'),('684ff5c0-9fd9-4bb1-97d3-cb5d6dffbc80','STUDENT'),('6a4fca84-ce6b-4141-bfa4-ee08b30b7539','STUDENT'),('6c6a6692-3d7d-4763-ba9a-057d848f5701','STUDENT'),('6d42cb90-da27-450b-bfa9-ed736489eb8d','STUDENT'),('6f82af95-272e-409f-a096-182ea320647d','STUDENT'),('7897a479-6c87-4fdd-8bac-25a129b4fd8f','STUDENT'),('7b3d52e3-46bf-480c-9316-ebe2f09cbfcd','STUDENT'),('7d4ade7e-4841-4682-a4fc-a21f45a3b997','STUDENT'),('7d92b924-e1d9-47ab-b75b-083fd087d54c','STUDENT'),('7e76fdd0-7d9a-4a9b-81fc-17d0f3315b83','STUDENT'),('801117bb-e5a9-47f4-b4da-c3f502f88c12','STUDENT'),('8510fa62-b4f7-42d0-9929-25a0f1b6cc08','STUDENT'),('861e7675-7b3b-424e-a48e-c0fabe65e536','STUDENT'),('87355d46-4780-4b42-a531-a3b30cd50250','STUDENT'),('8f3f73ed-3024-4778-ae89-5a1955bd9209','STUDENT'),('90bc89ad-a8c8-41a4-80b5-7f3e34c248af','STUDENT'),('937e4cdf-36b7-4e43-b24b-42ff72824bfa','STUDENT'),('94d3c6a2-4505-44db-9895-735cf62aab4f','STUDENT'),('9b9d311b-ad48-4eb8-aab7-24567f8fbedd','STUDENT'),('a0c5ecb8-0cc7-4513-8b40-27a94b021320','STUDENT'),('aa4f1fb1-3783-4768-b5ac-20b3e17e14bc','STUDENT'),('acbf5dd7-f035-49fa-bd5e-7d99ba0f9c3e','STUDENT'),('b5fd0695-9dcf-4e2f-ab72-54e049f79cf0','STUDENT'),('b7d1a7cd-cf93-4f60-a650-4be8c73b84e3','STUDENT'),('b979c51d-27d4-470d-a9a7-967a7c7fdeef','STUDENT'),('bbb3cf07-89e6-4007-b4ec-e8ed8cb173ce','STUDENT'),('bcd913e4-9ece-4a0f-83c5-5e365f4a25d4','STUDENT'),('befcf41d-1d85-4897-9839-7a37e3543f21','STUDENT'),('bf2bdf99-f152-4815-8ce2-3b944b3909cb','STUDENT'),('c137236b-7700-4c32-926e-aa686b6d28f9','STUDENT'),('c2445ec6-5e05-4d14-b3a4-b15512947902','STUDENT'),('c71a6b5b-ff60-497a-beac-61a29ca26d83','STUDENT'),('c8146c2e-67fd-47fc-8a33-1efa6d7d83d7','STUDENT'),('c81818c1-9ccf-455f-8419-270df4c59fff','STUDENT'),('ce25b107-8531-42d7-9ded-d73354a31fe2','STUDENT'),('d19c591a-cd97-4e23-9e56-07dabf3b9eea','STUDENT'),('d22ed785-b3f3-43c1-afbc-7569e4637607','STUDENT'),('d35b1d57-a49a-4f52-aa77-6039a4c7b298','STUDENT'),('dff1521d-38ec-4ba5-a4bc-a423eb94a151','STUDENT'),('ea0c7864-91d9-420b-91d4-d22aeafa8dc1','STUDENT'),('ed05803c-8678-4b49-a571-2e376209a3dd','STUDENT'),('f120d46e-f8b4-4c5a-9b7e-db380f3217b5','STUDENT'),('f6e31588-fa6a-48b5-8db0-4b34cf1e1e3d','STUDENT');
/*!40000 ALTER TABLE `user_roles` ENABLE KEYS */;
UNLOCK TABLES;

--
-- Dumping routines for database 'identity'
--
/*!40103 SET TIME_ZONE=@OLD_TIME_ZONE */;

/*!40101 SET SQL_MODE=@OLD_SQL_MODE */;
/*!40014 SET FOREIGN_KEY_CHECKS=@OLD_FOREIGN_KEY_CHECKS */;
/*!40014 SET UNIQUE_CHECKS=@OLD_UNIQUE_CHECKS */;
/*!40101 SET CHARACTER_SET_CLIENT=@OLD_CHARACTER_SET_CLIENT */;
/*!40101 SET CHARACTER_SET_RESULTS=@OLD_CHARACTER_SET_RESULTS */;
/*!40101 SET COLLATION_CONNECTION=@OLD_COLLATION_CONNECTION */;
/*!40111 SET SQL_NOTES=@OLD_SQL_NOTES */;

-- Dump completed on 2025-06-11 21:52:56
